0 verbose cli /usr/local/bin/node /usr/local/bin/npm
1 info using npm@11.17.0
2 info using node@v24.19.0
3 silly config load:file:/usr/local/lib/node_modules/npm/npmrc
4 silly config load:file:/Users/nitinmaurya/Documents/protfolio/.npmrc
5 silly config load:file:/Users/nitinmaurya/.npmrc
6 silly config load:file:/usr/local/etc/npmrc
7 verbose title npm install
8 verbose argv "install" "--cache" "./tmpnpmcache" "--legacy-peer-deps" "--registry" "https://registry.npmjs.org/" "--loglevel" "info"
9 verbose logfile logs-max:10 dir:/Users/nitinmaurya/Documents/protfolio/tmpnpmcache/_logs/2026-08-12T10_16_17_438Z-
10 verbose logfile /Users/nitinmaurya/Documents/protfolio/tmpnpmcache/_logs/2026-08-12T10_16_17_438Z-debug-0.log
11 silly logfile done cleaning log files
12 silly packumentCache heap:4496293888 maxSize:1124073472 maxEntrySize:562036736
13 silly idealTree buildDeps
14 silly fetch manifest @react-three/drei@^9.90.0
15 silly packumentCache full:https://registry.npmjs.org/@react-three%2fdrei cache-miss
16 http fetch GET 200 https://registry.npmjs.org/npm 177ms
17 http fetch GET 200 https://registry.npmjs.org/@react-three%2fdrei 384ms (cache miss)
18 silly packumentCache full:https://registry.npmjs.org/@react-three%2fdrei set size:undefined disposed:false
19 silly fetch manifest @react-three/fiber@^8.14.0
20 silly packumentCache full:https://registry.npmjs.org/@react-three%2ffiber cache-miss
21 http fetch GET 200 https://registry.npmjs.org/@react-three%2ffiber 64ms (cache miss)
22 silly packumentCache full:https://registry.npmjs.org/@react-three%2ffiber set size:undefined disposed:false
23 silly fetch manifest gsap@^3.12.2
24 silly packumentCache full:https://registry.npmjs.org/gsap cache-miss
25 http fetch GET 200 https://registry.npmjs.org/gsap 37ms (cache miss)
26 silly packumentCache full:https://registry.npmjs.org/gsap set size:undefined disposed:false
27 silly fetch manifest lucide-react@^0.484.0
28 silly packumentCache full:https://registry.npmjs.org/lucide-react cache-miss
29 http fetch GET 200 https://registry.npmjs.org/lucide-react 80ms (cache miss)
30 silly packumentCache full:https://registry.npmjs.org/lucide-react set size:undefined disposed:false
31 silly fetch manifest next@14.2.5
32 silly packumentCache full:https://registry.npmjs.org/next cache-miss
33 http fetch GET 200 https://registry.npmjs.org/next 415ms (cache miss)
34 silly packumentCache full:https://registry.npmjs.org/next set size:undefined disposed:false
35 silly fetch manifest react@18.3.1
36 silly packumentCache full:https://registry.npmjs.org/react cache-miss
37 http fetch GET 200 https://registry.npmjs.org/react 147ms (cache miss)
38 silly packumentCache full:https://registry.npmjs.org/react set size:undefined disposed:false
39 silly fetch manifest react-dom@18.3.1
40 silly packumentCache full:https://registry.npmjs.org/react-dom cache-miss
41 http fetch GET 200 https://registry.npmjs.org/react-dom 163ms (cache miss)
42 silly packumentCache full:https://registry.npmjs.org/react-dom set size:undefined disposed:false
43 silly fetch manifest three@^0.163.0
44 silly packumentCache full:https://registry.npmjs.org/three cache-miss
45 http fetch GET 200 https://registry.npmjs.org/three 58ms (cache miss)
46 silly packumentCache full:https://registry.npmjs.org/three set size:undefined disposed:false
47 silly fetch manifest autoprefixer@^10.4.19
48 silly packumentCache full:https://registry.npmjs.org/autoprefixer cache-miss
49 http fetch GET 200 https://registry.npmjs.org/autoprefixer 48ms (cache miss)
50 silly packumentCache full:https://registry.npmjs.org/autoprefixer set size:undefined disposed:false
51 silly fetch manifest eslint@8.57.0
52 silly packumentCache full:https://registry.npmjs.org/eslint cache-miss
53 http fetch GET 200 https://registry.npmjs.org/eslint 62ms (cache miss)
54 silly packumentCache full:https://registry.npmjs.org/eslint set size:undefined disposed:false
55 silly fetch manifest eslint-config-next@14.2.5
56 silly packumentCache full:https://registry.npmjs.org/eslint-config-next cache-miss
57 http fetch GET 200 https://registry.npmjs.org/eslint-config-next 182ms (cache miss)
58 silly packumentCache full:https://registry.npmjs.org/eslint-config-next set size:undefined disposed:false
59 silly fetch manifest postcss@^8.4.35
60 silly packumentCache full:https://registry.npmjs.org/postcss cache-miss
61 http fetch GET 200 https://registry.npmjs.org/postcss 52ms (cache miss)
62 silly packumentCache full:https://registry.npmjs.org/postcss set size:undefined disposed:false
63 silly fetch manifest tailwindcss@^3.4.4
64 silly packumentCache full:https://registry.npmjs.org/tailwindcss cache-miss
65 http fetch GET 200 https://registry.npmjs.org/tailwindcss 160ms (cache miss)
66 silly packumentCache full:https://registry.npmjs.org/tailwindcss set size:undefined disposed:false
67 silly placeDep ROOT @react-three/drei@9.122.0 OK for: nitin-maurya-portfolio@0.1.0 want: ^9.90.0
68 silly placeDep ROOT @react-three/fiber@8.18.0 OK for: nitin-maurya-portfolio@0.1.0 want: ^8.14.0
69 silly placeDep ROOT autoprefixer@10.5.4 OK for: nitin-maurya-portfolio@0.1.0 want: ^10.4.19
70 silly placeDep ROOT eslint@8.57.0 OK for: nitin-maurya-portfolio@0.1.0 want: 8.57.0
71 silly placeDep ROOT eslint-config-next@14.2.5 OK for: nitin-maurya-portfolio@0.1.0 want: 14.2.5
72 silly placeDep ROOT gsap@3.15.0 OK for: nitin-maurya-portfolio@0.1.0 want: ^3.12.2
73 silly placeDep ROOT lucide-react@0.484.0 OK for: nitin-maurya-portfolio@0.1.0 want: ^0.484.0
74 silly placeDep ROOT next@14.2.5 OK for: nitin-maurya-portfolio@0.1.0 want: 14.2.5
75 silly placeDep ROOT postcss@8.5.26 OK for: nitin-maurya-portfolio@0.1.0 want: ^8.4.35
76 silly placeDep ROOT react@18.3.1 OK for: nitin-maurya-portfolio@0.1.0 want: 18.3.1
77 silly placeDep ROOT react-dom@18.3.1 OK for: nitin-maurya-portfolio@0.1.0 want: 18.3.1
78 silly placeDep ROOT tailwindcss@3.4.19 OK for: nitin-maurya-portfolio@0.1.0 want: ^3.4.4
79 silly placeDep ROOT three@0.163.0 OK for: nitin-maurya-portfolio@0.1.0 want: ^0.163.0
80 silly fetch manifest maath@^0.10.8
81 silly packumentCache full:https://registry.npmjs.org/maath cache-miss
82 silly fetch manifest hls.js@^1.5.17
83 silly packumentCache full:https://registry.npmjs.org/hls.js cache-miss
84 silly fetch manifest zustand@^5.0.1
85 silly packumentCache full:https://registry.npmjs.org/zustand cache-miss
86 silly fetch manifest meshline@^3.3.1
87 silly packumentCache full:https://registry.npmjs.org/meshline cache-miss
88 silly fetch manifest stats-gl@^2.2.8
89 silly packumentCache full:https://registry.npmjs.org/stats-gl cache-miss
90 silly fetch manifest stats.js@^0.17.0
91 silly packumentCache full:https://registry.npmjs.org/stats.js cache-miss
92 silly fetch manifest cross-env@^7.0.3
93 silly packumentCache full:https://registry.npmjs.org/cross-env cache-miss
94 http fetch GET 200 https://registry.npmjs.org/meshline 152ms (cache miss)
95 silly packumentCache full:https://registry.npmjs.org/meshline set size:undefined disposed:false
96 silly fetch manifest detect-gpu@^5.0.56
97 silly packumentCache full:https://registry.npmjs.org/detect-gpu cache-miss
98 http fetch GET 200 https://registry.npmjs.org/stats-gl 154ms (cache miss)
99 silly packumentCache full:https://registry.npmjs.org/stats-gl set size:undefined disposed:false
100 silly fetch manifest glsl-noise@^0.0.0
101 silly packumentCache full:https://registry.npmjs.org/glsl-noise cache-miss
102 http fetch GET 200 https://registry.npmjs.org/stats.js 179ms (cache miss)
103 silly packumentCache full:https://registry.npmjs.org/stats.js set size:undefined disposed:false
104 silly fetch manifest tunnel-rat@^0.1.2
105 silly packumentCache full:https://registry.npmjs.org/tunnel-rat cache-miss
106 http fetch GET 200 https://registry.npmjs.org/cross-env 181ms (cache miss)
107 silly packumentCache full:https://registry.npmjs.org/cross-env set size:undefined disposed:false
108 silly fetch manifest three-stdlib@^2.35.6
109 silly packumentCache full:https://registry.npmjs.org/three-stdlib cache-miss
110 http fetch GET 200 https://registry.npmjs.org/zustand 211ms (cache miss)
111 silly packumentCache full:https://registry.npmjs.org/zustand set size:undefined disposed:false
112 silly fetch manifest suspend-react@^0.1.3
113 silly packumentCache full:https://registry.npmjs.org/suspend-react cache-miss
114 http fetch GET 200 https://registry.npmjs.org/maath 280ms (cache miss)
115 silly packumentCache full:https://registry.npmjs.org/maath set size:undefined disposed:false
116 silly fetch manifest utility-types@^3.11.0
117 silly packumentCache full:https://registry.npmjs.org/utility-types cache-miss
118 http fetch GET 200 https://registry.npmjs.org/tunnel-rat 102ms (cache miss)
119 silly packumentCache full:https://registry.npmjs.org/tunnel-rat set size:undefined disposed:false
120 silly fetch manifest @babel/runtime@^7.26.0
121 silly packumentCache full:https://registry.npmjs.org/@babel%2fruntime cache-miss
122 http fetch GET 200 https://registry.npmjs.org/hls.js 286ms (cache miss)
123 silly packumentCache full:https://registry.npmjs.org/hls.js set size:undefined disposed:false
124 silly fetch manifest react-composer@^5.0.3
125 silly packumentCache full:https://registry.npmjs.org/react-composer cache-miss
126 http fetch GET 200 https://registry.npmjs.org/suspend-react 118ms (cache miss)
127 silly packumentCache full:https://registry.npmjs.org/suspend-react set size:undefined disposed:false
128 silly fetch manifest three-mesh-bvh@^0.7.8
129 silly packumentCache full:https://registry.npmjs.org/three-mesh-bvh cache-miss
130 http fetch GET 200 https://registry.npmjs.org/detect-gpu 183ms (cache miss)
131 silly packumentCache full:https://registry.npmjs.org/detect-gpu set size:undefined disposed:false
132 silly fetch manifest camera-controls@^2.9.0
133 silly packumentCache full:https://registry.npmjs.org/camera-controls cache-miss
134 http fetch GET 200 https://registry.npmjs.org/three-stdlib 155ms (cache miss)
135 silly packumentCache full:https://registry.npmjs.org/three-stdlib set size:undefined disposed:false
136 silly fetch manifest troika-three-text@^0.52.0
137 silly packumentCache full:https://registry.npmjs.org/troika-three-text cache-miss
138 http fetch GET 200 https://registry.npmjs.org/utility-types 73ms (cache miss)
139 silly packumentCache full:https://registry.npmjs.org/utility-types set size:undefined disposed:false
140 silly fetch manifest @use-gesture/react@^10.3.1
141 silly packumentCache full:https://registry.npmjs.org/@use-gesture%2freact cache-miss
142 http fetch GET 200 https://registry.npmjs.org/react-composer 40ms (cache miss)
143 silly packumentCache full:https://registry.npmjs.org/react-composer set size:undefined disposed:false
144 silly fetch manifest @react-spring/three@~9.7.5
145 silly packumentCache full:https://registry.npmjs.org/@react-spring%2fthree cache-miss
146 http fetch GET 200 https://registry.npmjs.org/three-mesh-bvh 39ms (cache miss)
147 silly packumentCache full:https://registry.npmjs.org/three-mesh-bvh set size:undefined disposed:false
148 silly fetch manifest @monogrid/gainmap-js@^3.0.6
149 silly packumentCache full:https://registry.npmjs.org/@monogrid%2fgainmap-js cache-miss
150 http fetch GET 200 https://registry.npmjs.org/@babel%2fruntime 123ms (cache miss)
151 silly packumentCache full:https://registry.npmjs.org/@babel%2fruntime set size:undefined disposed:false
152 silly fetch manifest @mediapipe/tasks-vision@0.10.17
153 silly packumentCache full:https://registry.npmjs.org/@mediapipe%2ftasks-vision cache-miss
154 http fetch GET 200 https://registry.npmjs.org/@monogrid%2fgainmap-js 45ms (cache miss)
155 silly packumentCache full:https://registry.npmjs.org/@monogrid%2fgainmap-js set size:undefined disposed:false
156 silly fetch manifest buffer@^6.0.3
157 silly packumentCache full:https://registry.npmjs.org/buffer cache-miss
158 http fetch GET 200 https://registry.npmjs.org/glsl-noise 266ms (cache miss)
159 silly packumentCache full:https://registry.npmjs.org/glsl-noise set size:undefined disposed:false
160 silly fetch manifest zustand@^3.7.1
161 silly packumentCache full:https://registry.npmjs.org/zustand cache-miss
162 http cache https://registry.npmjs.org/zustand 4ms (cache hit)
163 silly packumentCache full:https://registry.npmjs.org/zustand set size:486775 disposed:false
164 silly fetch manifest its-fine@^1.0.6
165 silly packumentCache full:https://registry.npmjs.org/its-fine cache-miss
166 http fetch GET 200 https://registry.npmjs.org/buffer 43ms (cache miss)
167 silly packumentCache full:https://registry.npmjs.org/buffer set size:undefined disposed:false
168 silly fetch manifest base64-js@^1.5.1
169 silly packumentCache full:https://registry.npmjs.org/base64-js cache-miss
170 http fetch GET 200 https://registry.npmjs.org/its-fine 37ms (cache miss)
171 silly packumentCache full:https://registry.npmjs.org/its-fine set size:undefined disposed:false
172 silly fetch manifest scheduler@^0.21.0
173 silly packumentCache full:https://registry.npmjs.org/scheduler cache-miss
174 http fetch GET 200 https://registry.npmjs.org/@mediapipe%2ftasks-vision 59ms (cache miss)
175 silly packumentCache full:https://registry.npmjs.org/@mediapipe%2ftasks-vision set size:undefined disposed:false
176 silly fetch manifest @types/webxr@*
177 silly packumentCache full:https://registry.npmjs.org/@types%2fwebxr cache-miss
178 http fetch GET 200 https://registry.npmjs.org/base64-js 31ms (cache miss)
179 silly packumentCache full:https://registry.npmjs.org/base64-js set size:undefined disposed:false
180 silly fetch manifest @babel/runtime@^7.17.8
181 silly packumentCache full:https://registry.npmjs.org/@babel%2fruntime cache-miss
182 http cache https://registry.npmjs.org/@babel%2fruntime 4ms (cache hit)
183 silly packumentCache full:https://registry.npmjs.org/@babel%2fruntime set size:3471810 disposed:false
184 silly fetch manifest react-reconciler@^0.27.0
185 silly packumentCache full:https://registry.npmjs.org/react-reconciler cache-miss
186 http fetch GET 200 https://registry.npmjs.org/@types%2fwebxr 38ms (cache miss)
187 silly packumentCache full:https://registry.npmjs.org/@types%2fwebxr set size:undefined disposed:false
188 silly fetch manifest react-use-measure@^2.1.7
189 silly packumentCache full:https://registry.npmjs.org/react-use-measure cache-miss
190 http fetch GET 200 https://registry.npmjs.org/react-use-measure 63ms (cache miss)
191 silly packumentCache full:https://registry.npmjs.org/react-use-measure set size:undefined disposed:false
192 silly fetch manifest @types/react-reconciler@^0.26.7
193 silly packumentCache full:https://registry.npmjs.org/@types%2freact-reconciler cache-miss
194 http fetch GET 200 https://registry.npmjs.org/troika-three-text 307ms (cache miss)
195 silly packumentCache full:https://registry.npmjs.org/troika-three-text set size:undefined disposed:false
196 silly fetch manifest picocolors@^1.1.1
197 silly packumentCache full:https://registry.npmjs.org/picocolors cache-miss
198 http fetch GET 200 https://registry.npmjs.org/picocolors 61ms (cache miss)
199 silly packumentCache full:https://registry.npmjs.org/picocolors set size:undefined disposed:false
200 silly fetch manifest fraction.js@^5.3.4
201 silly packumentCache full:https://registry.npmjs.org/fraction.js cache-miss
202 http fetch GET 200 https://registry.npmjs.org/scheduler 273ms (cache miss)
203 silly packumentCache full:https://registry.npmjs.org/scheduler set size:undefined disposed:false
204 silly fetch manifest browserslist@^4.28.6
205 silly packumentCache full:https://registry.npmjs.org/browserslist cache-miss
206 http fetch GET 200 https://registry.npmjs.org/fraction.js 58ms (cache miss)
207 silly packumentCache full:https://registry.npmjs.org/fraction.js set size:undefined disposed:false
208 silly fetch manifest caniuse-lite@^1.0.30001806
209 silly packumentCache full:https://registry.npmjs.org/caniuse-lite cache-miss
210 http fetch GET 200 https://registry.npmjs.org/react-reconciler 261ms (cache miss)
211 silly packumentCache full:https://registry.npmjs.org/react-reconciler set size:undefined disposed:false
212 silly fetch manifest postcss-value-parser@^4.2.0
213 silly packumentCache full:https://registry.npmjs.org/postcss-value-parser cache-miss
214 http fetch GET 200 https://registry.npmjs.org/browserslist 46ms (cache miss)
215 silly packumentCache full:https://registry.npmjs.org/browserslist set size:undefined disposed:false
216 silly fetch manifest ajv@^6.12.4
217 silly packumentCache full:https://registry.npmjs.org/ajv cache-miss
218 http fetch GET 200 https://registry.npmjs.org/@use-gesture%2freact 471ms (cache miss)
219 silly packumentCache full:https://registry.npmjs.org/@use-gesture%2freact set size:undefined disposed:false
220 silly fetch manifest levn@^0.4.1
221 silly packumentCache full:https://registry.npmjs.org/levn cache-miss
222 http fetch GET 200 https://registry.npmjs.org/postcss-value-parser 40ms (cache miss)
223 silly packumentCache full:https://registry.npmjs.org/postcss-value-parser set size:undefined disposed:false
224 silly fetch manifest chalk@^4.0.0
225 silly packumentCache full:https://registry.npmjs.org/chalk cache-miss
226 http fetch GET 200 https://registry.npmjs.org/@types%2freact-reconciler 284ms (cache miss)
227 silly packumentCache full:https://registry.npmjs.org/@types%2freact-reconciler set size:undefined disposed:false
228 silly fetch manifest debug@^4.3.2
229 silly packumentCache full:https://registry.npmjs.org/debug cache-miss
230 http fetch GET 200 https://registry.npmjs.org/levn 41ms (cache miss)
231 silly packumentCache full:https://registry.npmjs.org/levn set size:undefined disposed:false
232 silly fetch manifest espree@^9.6.1
233 silly packumentCache full:https://registry.npmjs.org/espree cache-miss
234 http fetch GET 200 https://registry.npmjs.org/ajv 62ms (cache miss)
235 silly packumentCache full:https://registry.npmjs.org/ajv set size:undefined disposed:false
236 silly fetch manifest ignore@^5.2.0
237 silly packumentCache full:https://registry.npmjs.org/ignore cache-miss
238 http fetch GET 200 https://registry.npmjs.org/chalk 45ms (cache miss)
239 silly packumentCache full:https://registry.npmjs.org/chalk set size:undefined disposed:false
240 silly fetch manifest esquery@^1.4.2
241 silly packumentCache full:https://registry.npmjs.org/esquery cache-miss
242 http fetch GET 200 https://registry.npmjs.org/caniuse-lite 111ms (cache miss)
243 silly packumentCache full:https://registry.npmjs.org/caniuse-lite set size:undefined disposed:false
244 silly fetch manifest esutils@^2.0.2
245 silly packumentCache full:https://registry.npmjs.org/esutils cache-miss
246 http fetch GET 200 https://registry.npmjs.org/debug 41ms (cache miss)
247 silly packumentCache full:https://registry.npmjs.org/debug set size:undefined disposed:false
248 silly fetch manifest find-up@^5.0.0
249 silly packumentCache full:https://registry.npmjs.org/find-up cache-miss
250 http fetch GET 200 https://registry.npmjs.org/espree 45ms (cache miss)
251 silly packumentCache full:https://registry.npmjs.org/espree set size:undefined disposed:false
252 silly fetch manifest globals@^13.19.0
253 silly packumentCache full:https://registry.npmjs.org/globals cache-miss
254 http fetch GET 200 https://registry.npmjs.org/camera-controls 578ms (cache miss)
255 silly packumentCache full:https://registry.npmjs.org/camera-controls set size:undefined disposed:false
256 silly fetch manifest is-glob@^4.0.0
257 silly packumentCache full:https://registry.npmjs.org/is-glob cache-miss
258 http fetch GET 200 https://registry.npmjs.org/ignore 44ms (cache miss)
259 silly packumentCache full:https://registry.npmjs.org/ignore set size:undefined disposed:false
260 silly fetch manifest js-yaml@^4.1.0
261 silly packumentCache full:https://registry.npmjs.org/js-yaml cache-miss
262 http fetch GET 200 https://registry.npmjs.org/esquery 53ms (cache miss)
263 silly packumentCache full:https://registry.npmjs.org/esquery set size:undefined disposed:false
264 silly fetch manifest doctrine@^3.0.0
265 silly packumentCache full:https://registry.npmjs.org/doctrine cache-miss
266 http fetch GET 200 https://registry.npmjs.org/esutils 49ms (cache miss)
267 silly packumentCache full:https://registry.npmjs.org/esutils set size:undefined disposed:false
268 silly fetch manifest graphemer@^1.4.0
269 silly packumentCache full:https://registry.npmjs.org/graphemer cache-miss
270 http fetch GET 200 https://registry.npmjs.org/find-up 35ms (cache miss)
271 silly packumentCache full:https://registry.npmjs.org/find-up set size:undefined disposed:false
272 silly fetch manifest minimatch@^3.1.2
273 silly packumentCache full:https://registry.npmjs.org/minimatch cache-miss
274 http fetch GET 200 https://registry.npmjs.org/is-glob 41ms (cache miss)
275 silly packumentCache full:https://registry.npmjs.org/is-glob set size:undefined disposed:false
276 silly fetch manifest @eslint/js@8.57.0
277 silly packumentCache full:https://registry.npmjs.org/@eslint%2fjs cache-miss
278 http fetch GET 200 https://registry.npmjs.org/globals 44ms (cache miss)
279 silly packumentCache full:https://registry.npmjs.org/globals set size:undefined disposed:false
280 silly fetch manifest optionator@^0.9.3
281 silly packumentCache full:https://registry.npmjs.org/optionator cache-miss
282 http fetch GET 200 https://registry.npmjs.org/doctrine 43ms (cache miss)
283 silly packumentCache full:https://registry.npmjs.org/doctrine set size:undefined disposed:false
284 silly fetch manifest strip-ansi@^6.0.1
285 silly packumentCache full:https://registry.npmjs.org/strip-ansi cache-miss
286 http fetch GET 200 https://registry.npmjs.org/js-yaml 61ms (cache miss)
287 silly packumentCache full:https://registry.npmjs.org/js-yaml set size:undefined disposed:false
288 silly fetch manifest text-table@^0.2.0
289 silly packumentCache full:https://registry.npmjs.org/text-table cache-miss
290 http fetch GET 200 https://registry.npmjs.org/graphemer 48ms (cache miss)
291 silly packumentCache full:https://registry.npmjs.org/graphemer set size:undefined disposed:false
292 silly fetch manifest cross-spawn@^7.0.2
293 silly packumentCache full:https://registry.npmjs.org/cross-spawn cache-miss
294 http fetch GET 200 https://registry.npmjs.org/minimatch 44ms (cache miss)
295 silly packumentCache full:https://registry.npmjs.org/minimatch set size:undefined disposed:false
296 silly fetch manifest glob-parent@^6.0.2
297 silly packumentCache full:https://registry.npmjs.org/glob-parent cache-miss
298 http fetch GET 200 https://registry.npmjs.org/optionator 32ms (cache miss)
299 silly packumentCache full:https://registry.npmjs.org/optionator set size:undefined disposed:false
300 silly fetch manifest imurmurhash@^0.1.4
301 silly packumentCache full:https://registry.npmjs.org/imurmurhash cache-miss
302 http fetch GET 200 https://registry.npmjs.org/text-table 38ms (cache miss)
303 silly packumentCache full:https://registry.npmjs.org/text-table set size:undefined disposed:false
304 silly fetch manifest eslint-scope@^7.2.2
305 silly packumentCache full:https://registry.npmjs.org/eslint-scope cache-miss
306 http fetch GET 200 https://registry.npmjs.org/glob-parent 35ms (cache miss)
307 silly packumentCache full:https://registry.npmjs.org/glob-parent set size:undefined disposed:false
308 silly fetch manifest lodash.merge@^4.6.2
309 silly packumentCache full:https://registry.npmjs.org/lodash.merge cache-miss
310 http fetch GET 200 https://registry.npmjs.org/imurmurhash 34ms (cache miss)
311 silly packumentCache full:https://registry.npmjs.org/imurmurhash set size:undefined disposed:false
312 silly fetch manifest is-path-inside@^3.0.3
313 silly packumentCache full:https://registry.npmjs.org/is-path-inside cache-miss
314 http fetch GET 200 https://registry.npmjs.org/strip-ansi 51ms (cache miss)
315 silly packumentCache full:https://registry.npmjs.org/strip-ansi set size:undefined disposed:false
316 silly fetch manifest fast-deep-equal@^3.1.3
317 silly packumentCache full:https://registry.npmjs.org/fast-deep-equal cache-miss
318 http fetch GET 200 https://registry.npmjs.org/cross-spawn 44ms (cache miss)
319 silly packumentCache full:https://registry.npmjs.org/cross-spawn set size:undefined disposed:false
320 silly fetch manifest natural-compare@^1.4.0
321 silly packumentCache full:https://registry.npmjs.org/natural-compare cache-miss
322 http fetch GET 200 https://registry.npmjs.org/natural-compare 29ms (cache miss)
323 silly packumentCache full:https://registry.npmjs.org/natural-compare set size:undefined disposed:false
324 silly fetch manifest @eslint/eslintrc@^2.1.4
325 silly packumentCache full:https://registry.npmjs.org/@eslint%2feslintrc cache-miss
326 http fetch GET 200 https://registry.npmjs.org/is-path-inside 32ms (cache miss)
327 silly packumentCache full:https://registry.npmjs.org/is-path-inside set size:undefined disposed:false
328 silly fetch manifest @nodelib/fs.walk@^1.2.8
329 silly packumentCache full:https://registry.npmjs.org/@nodelib%2ffs.walk cache-miss
330 http fetch GET 200 https://registry.npmjs.org/fast-deep-equal 39ms (cache miss)
331 silly packumentCache full:https://registry.npmjs.org/fast-deep-equal set size:undefined disposed:false
332 silly fetch manifest file-entry-cache@^6.0.1
333 silly packumentCache full:https://registry.npmjs.org/file-entry-cache cache-miss
334 http fetch GET 200 https://registry.npmjs.org/eslint-scope 55ms (cache miss)
335 silly packumentCache full:https://registry.npmjs.org/eslint-scope set size:undefined disposed:false
336 silly fetch manifest eslint-visitor-keys@^3.4.3
337 silly packumentCache full:https://registry.npmjs.org/eslint-visitor-keys cache-miss
338 http fetch GET 200 https://registry.npmjs.org/@nodelib%2ffs.walk 43ms (cache miss)
339 silly packumentCache full:https://registry.npmjs.org/@nodelib%2ffs.walk set size:undefined disposed:false
340 silly fetch manifest escape-string-regexp@^4.0.0
341 silly packumentCache full:https://registry.npmjs.org/escape-string-regexp cache-miss
342 http fetch GET 200 https://registry.npmjs.org/@eslint%2feslintrc 45ms (cache miss)
343 silly packumentCache full:https://registry.npmjs.org/@eslint%2feslintrc set size:undefined disposed:false
344 silly fetch manifest @ungap/structured-clone@^1.2.0
345 silly packumentCache full:https://registry.npmjs.org/@ungap%2fstructured-clone cache-miss
346 http fetch GET 200 https://registry.npmjs.org/file-entry-cache 47ms (cache miss)
347 silly packumentCache full:https://registry.npmjs.org/file-entry-cache set size:undefined disposed:false
348 silly fetch manifest @eslint-community/regexpp@^4.6.1
349 silly packumentCache full:https://registry.npmjs.org/@eslint-community%2fregexpp cache-miss
350 http fetch GET 200 https://registry.npmjs.org/eslint-visitor-keys 50ms (cache miss)
351 silly packumentCache full:https://registry.npmjs.org/eslint-visitor-keys set size:undefined disposed:false
352 silly fetch manifest @humanwhocodes/config-array@^0.11.14
353 silly packumentCache full:https://registry.npmjs.org/@humanwhocodes%2fconfig-array cache-miss
354 http fetch GET 200 https://registry.npmjs.org/escape-string-regexp 33ms (cache miss)
355 silly packumentCache full:https://registry.npmjs.org/escape-string-regexp set size:undefined disposed:false
356 silly fetch manifest @eslint-community/eslint-utils@^4.2.0
357 silly packumentCache full:https://registry.npmjs.org/@eslint-community%2feslint-utils cache-miss
358 http fetch GET 200 https://registry.npmjs.org/@ungap%2fstructured-clone 37ms (cache miss)
359 silly packumentCache full:https://registry.npmjs.org/@ungap%2fstructured-clone set size:undefined disposed:false
360 silly fetch manifest @humanwhocodes/module-importer@^1.0.1
361 silly packumentCache full:https://registry.npmjs.org/@humanwhocodes%2fmodule-importer cache-miss
362 http fetch GET 200 https://registry.npmjs.org/@react-spring%2fthree 821ms (cache miss)
363 silly packumentCache full:https://registry.npmjs.org/@react-spring%2fthree set size:undefined disposed:false
364 silly fetch manifest json-stable-stringify-without-jsonify@^1.0.1
365 silly packumentCache full:https://registry.npmjs.org/json-stable-stringify-without-jsonify cache-miss
366 http fetch GET 200 https://registry.npmjs.org/@humanwhocodes%2fmodule-importer 45ms (cache miss)
367 silly packumentCache full:https://registry.npmjs.org/@humanwhocodes%2fmodule-importer set size:undefined disposed:false
368 silly fetch manifest eslint-plugin-react@^7.33.2
369 silly packumentCache full:https://registry.npmjs.org/eslint-plugin-react cache-miss
370 http fetch GET 200 https://registry.npmjs.org/@humanwhocodes%2fconfig-array 73ms (cache miss)
371 silly packumentCache full:https://registry.npmjs.org/@humanwhocodes%2fconfig-array set size:undefined disposed:false
372 silly fetch manifest eslint-plugin-import@^2.28.1
373 silly packumentCache full:https://registry.npmjs.org/eslint-plugin-import cache-miss
374 http fetch GET 200 https://registry.npmjs.org/json-stable-stringify-without-jsonify 30ms (cache miss)
375 silly packumentCache full:https://registry.npmjs.org/json-stable-stringify-without-jsonify set size:undefined disposed:false
376 silly fetch manifest eslint-plugin-jsx-a11y@^6.7.1
377 silly packumentCache full:https://registry.npmjs.org/eslint-plugin-jsx-a11y cache-miss
378 http fetch GET 200 https://registry.npmjs.org/eslint-plugin-react 47ms (cache miss)
379 silly packumentCache full:https://registry.npmjs.org/eslint-plugin-react set size:undefined disposed:false
380 silly fetch manifest @rushstack/eslint-patch@^1.3.3
381 silly packumentCache full:https://registry.npmjs.org/@rushstack%2feslint-patch cache-miss
382 http fetch GET 200 https://registry.npmjs.org/@eslint%2fjs 314ms (cache miss)
383 silly packumentCache full:https://registry.npmjs.org/@eslint%2fjs set size:undefined disposed:false
384 silly fetch manifest @next/eslint-plugin-next@14.2.5
385 silly packumentCache full:https://registry.npmjs.org/@next%2feslint-plugin-next cache-miss
386 http fetch GET 200 https://registry.npmjs.org/eslint-plugin-import 96ms (cache miss)
387 silly packumentCache full:https://registry.npmjs.org/eslint-plugin-import set size:undefined disposed:false
388 silly fetch manifest @typescript-eslint/parser@^5.4.2 || ^6.0.0 || 7.0.0 - 7.2.0
389 silly packumentCache full:https://registry.npmjs.org/@typescript-eslint%2fparser cache-miss
390 http fetch GET 200 https://registry.npmjs.org/lodash.merge 276ms (cache miss)
391 silly packumentCache full:https://registry.npmjs.org/lodash.merge set size:undefined disposed:false
392 silly fetch manifest eslint-plugin-react-hooks@^4.5.0 || 5.0.0-canary-7118f5dd7-20230705
393 silly packumentCache full:https://registry.npmjs.org/eslint-plugin-react-hooks cache-miss
394 http fetch GET 200 https://registry.npmjs.org/@eslint-community%2feslint-utils 284ms (cache miss)
395 silly packumentCache full:https://registry.npmjs.org/@eslint-community%2feslint-utils set size:undefined disposed:false
396 silly fetch manifest eslint-import-resolver-node@^0.3.6
397 silly packumentCache full:https://registry.npmjs.org/eslint-import-resolver-node cache-miss
398 http fetch GET 200 https://registry.npmjs.org/@eslint-community%2fregexpp 309ms (cache miss)
399 silly packumentCache full:https://registry.npmjs.org/@eslint-community%2fregexpp set size:undefined disposed:false
400 silly fetch manifest eslint-import-resolver-typescript@^3.5.2
401 silly packumentCache full:https://registry.npmjs.org/eslint-import-resolver-typescript cache-miss
402 http fetch GET 200 https://registry.npmjs.org/eslint-import-resolver-node 66ms (cache miss)
403 silly packumentCache full:https://registry.npmjs.org/eslint-import-resolver-node set size:undefined disposed:false
404 silly fetch manifest busboy@1.6.0
405 silly packumentCache full:https://registry.npmjs.org/busboy cache-miss
406 http fetch GET 200 https://registry.npmjs.org/eslint-import-resolver-typescript 68ms (cache miss)
407 silly packumentCache full:https://registry.npmjs.org/eslint-import-resolver-typescript set size:undefined disposed:false
408 silly fetch manifest postcss@8.4.31
409 silly packumentCache full:https://registry.npmjs.org/postcss cache-miss
410 http cache https://registry.npmjs.org/postcss 3ms (cache hit)
411 silly packumentCache full:https://registry.npmjs.org/postcss set size:760024 disposed:false
412 silly fetch manifest @next/env@14.2.5
413 silly packumentCache full:https://registry.npmjs.org/@next%2fenv cache-miss
414 http fetch GET 200 https://registry.npmjs.org/@next%2feslint-plugin-next 232ms (cache miss)
415 silly packumentCache full:https://registry.npmjs.org/@next%2feslint-plugin-next set size:undefined disposed:false
416 silly fetch manifest styled-jsx@5.1.1
417 silly packumentCache full:https://registry.npmjs.org/styled-jsx cache-miss
418 http fetch GET 200 https://registry.npmjs.org/eslint-plugin-jsx-a11y 310ms (cache miss)
419 silly packumentCache full:https://registry.npmjs.org/eslint-plugin-jsx-a11y set size:undefined disposed:false
420 silly fetch manifest graceful-fs@^4.2.11
421 silly packumentCache full:https://registry.npmjs.org/graceful-fs cache-miss
422 http fetch GET 200 https://registry.npmjs.org/busboy 52ms (cache miss)
423 silly packumentCache full:https://registry.npmjs.org/busboy set size:undefined disposed:false
424 silly fetch manifest @swc/helpers@0.5.5
425 silly packumentCache full:https://registry.npmjs.org/@swc%2fhelpers cache-miss
426 http fetch GET 200 https://registry.npmjs.org/@rushstack%2feslint-patch 304ms (cache miss)
427 silly packumentCache full:https://registry.npmjs.org/@rushstack%2feslint-patch set size:undefined disposed:false
428 silly fetch manifest caniuse-lite@^1.0.30001579
429 silly packumentCache full:https://registry.npmjs.org/caniuse-lite cache-miss
430 http cache https://registry.npmjs.org/caniuse-lite 4ms (cache hit)
431 silly packumentCache full:https://registry.npmjs.org/caniuse-lite set size:2311190 disposed:false
432 silly fetch manifest @next/swc-darwin-x64@14.2.5
433 silly packumentCache full:https://registry.npmjs.org/@next%2fswc-darwin-x64 cache-miss
434 http fetch GET 200 https://registry.npmjs.org/styled-jsx 43ms (cache miss)
435 silly packumentCache full:https://registry.npmjs.org/styled-jsx set size:undefined disposed:false
436 silly fetch manifest @next/swc-darwin-arm64@14.2.5
437 silly packumentCache full:https://registry.npmjs.org/@next%2fswc-darwin-arm64 cache-miss
438 http fetch GET 200 https://registry.npmjs.org/graceful-fs 36ms (cache miss)
439 silly packumentCache full:https://registry.npmjs.org/graceful-fs set size:undefined disposed:false
440 silly fetch manifest @next/swc-linux-x64-gnu@14.2.5
441 silly packumentCache full:https://registry.npmjs.org/@next%2fswc-linux-x64-gnu cache-miss
442 http fetch GET 200 https://registry.npmjs.org/eslint-plugin-react-hooks 303ms (cache miss)
443 silly packumentCache full:https://registry.npmjs.org/eslint-plugin-react-hooks set size:undefined disposed:false
444 silly fetch manifest @next/swc-linux-x64-musl@14.2.5
445 silly packumentCache full:https://registry.npmjs.org/@next%2fswc-linux-x64-musl cache-miss
446 http fetch GET 200 https://registry.npmjs.org/@swc%2fhelpers 126ms (cache miss)
447 silly packumentCache full:https://registry.npmjs.org/@swc%2fhelpers set size:undefined disposed:false
448 silly fetch manifest @next/swc-win32-x64-msvc@14.2.5
449 silly packumentCache full:https://registry.npmjs.org/@next%2fswc-win32-x64-msvc cache-miss
450 http fetch GET 200 https://registry.npmjs.org/@next%2fswc-darwin-x64 477ms (cache miss)
451 silly packumentCache full:https://registry.npmjs.org/@next%2fswc-darwin-x64 set size:undefined disposed:false
452 silly fetch manifest @next/swc-linux-arm64-gnu@14.2.5
453 silly packumentCache full:https://registry.npmjs.org/@next%2fswc-linux-arm64-gnu cache-miss
454 http fetch GET 200 https://registry.npmjs.org/@next%2fswc-darwin-arm64 620ms (cache miss)
455 silly packumentCache full:https://registry.npmjs.org/@next%2fswc-darwin-arm64 set size:undefined disposed:false
456 silly fetch manifest @next/swc-win32-ia32-msvc@14.2.5
457 silly packumentCache full:https://registry.npmjs.org/@next%2fswc-win32-ia32-msvc cache-miss
458 http fetch GET 200 https://registry.npmjs.org/@next%2fswc-linux-x64-gnu 676ms (cache miss)
459 silly packumentCache full:https://registry.npmjs.org/@next%2fswc-linux-x64-gnu set size:undefined disposed:false
460 silly fetch manifest @next/swc-linux-arm64-musl@14.2.5
461 silly packumentCache full:https://registry.npmjs.org/@next%2fswc-linux-arm64-musl cache-miss
462 http fetch GET 200 https://registry.npmjs.org/@next%2fswc-linux-x64-musl 638ms (cache miss)
463 silly packumentCache full:https://registry.npmjs.org/@next%2fswc-linux-x64-musl set size:undefined disposed:false
464 silly fetch manifest @next/swc-win32-arm64-msvc@14.2.5
465 silly packumentCache full:https://registry.npmjs.org/@next%2fswc-win32-arm64-msvc cache-miss
466 http fetch GET 200 https://registry.npmjs.org/@next%2fswc-win32-x64-msvc 878ms (cache miss)
467 silly packumentCache full:https://registry.npmjs.org/@next%2fswc-win32-x64-msvc set size:undefined disposed:false
468 silly fetch manifest nanoid@^3.3.17
469 silly packumentCache full:https://registry.npmjs.org/nanoid cache-miss
470 http fetch GET 200 https://registry.npmjs.org/nanoid 75ms (cache miss)
471 silly packumentCache full:https://registry.npmjs.org/nanoid set size:undefined disposed:false
472 silly fetch manifest source-map-js@^1.2.1
473 silly packumentCache full:https://registry.npmjs.org/source-map-js cache-miss
474 http fetch GET 200 https://registry.npmjs.org/@next%2fswc-linux-arm64-musl 411ms (cache miss)
475 silly packumentCache full:https://registry.npmjs.org/@next%2fswc-linux-arm64-musl set size:undefined disposed:false
476 silly fetch manifest loose-envify@^1.1.0
477 silly packumentCache full:https://registry.npmjs.org/loose-envify cache-miss
478 http fetch GET 200 https://registry.npmjs.org/@next%2fenv 1181ms (cache miss)
479 silly packumentCache full:https://registry.npmjs.org/@next%2fenv set size:undefined disposed:false
480 silly fetch manifest scheduler@^0.23.2
481 silly packumentCache full:https://registry.npmjs.org/scheduler cache-miss
482 http fetch GET 200 https://registry.npmjs.org/@next%2fswc-linux-arm64-gnu 653ms (cache miss)
483 silly packumentCache full:https://registry.npmjs.org/@next%2fswc-linux-arm64-gnu set size:undefined disposed:false
484 silly fetch manifest loose-envify@^1.1.0
485 silly packumentCache full:https://registry.npmjs.org/loose-envify cache-miss
486 http fetch GET 200 https://registry.npmjs.org/@next%2fswc-win32-arm64-msvc 441ms (cache miss)
487 silly packumentCache full:https://registry.npmjs.org/@next%2fswc-win32-arm64-msvc set size:undefined disposed:false
488 silly fetch manifest arg@^5.0.2
489 silly packumentCache full:https://registry.npmjs.org/arg cache-miss
490 http fetch GET 200 https://registry.npmjs.org/source-map-js 89ms (cache miss)
491 silly packumentCache full:https://registry.npmjs.org/source-map-js set size:undefined disposed:false
492 silly fetch manifest dlv@^1.1.3
493 silly packumentCache full:https://registry.npmjs.org/dlv cache-miss
494 http cache https://registry.npmjs.org/scheduler 40ms (cache hit)
495 silly packumentCache full:https://registry.npmjs.org/scheduler set size:5683354 disposed:false
496 silly fetch manifest jiti@^1.21.7
497 silly packumentCache full:https://registry.npmjs.org/jiti cache-miss
498 http fetch GET 200 https://registry.npmjs.org/loose-envify 84ms (cache miss)
499 silly packumentCache full:https://registry.npmjs.org/loose-envify set size:undefined disposed:false
500 silly fetch manifest is-glob@^4.0.3
501 silly packumentCache full:https://registry.npmjs.org/is-glob cache-miss
502 http fetch GET 200 https://registry.npmjs.org/loose-envify 59ms (cache miss)
503 silly packumentCache full:https://registry.npmjs.org/loose-envify set size:undefined disposed:false
504 silly fetch manifest resolve@^1.22.8
505 silly packumentCache full:https://registry.npmjs.org/resolve cache-miss
506 http cache https://registry.npmjs.org/is-glob 8ms (cache hit)
507 silly packumentCache full:https://registry.npmjs.org/is-glob set size:40530 disposed:false
508 silly fetch manifest sucrase@^3.35.0
509 silly packumentCache full:https://registry.npmjs.org/sucrase cache-miss
510 http fetch GET 200 https://registry.npmjs.org/dlv 70ms (cache miss)
511 silly packumentCache full:https://registry.npmjs.org/dlv set size:undefined disposed:false
512 silly fetch manifest chokidar@^3.6.0
513 silly packumentCache full:https://registry.npmjs.org/chokidar cache-miss
514 http fetch GET 200 https://registry.npmjs.org/arg 79ms (cache miss)
515 silly packumentCache full:https://registry.npmjs.org/arg set size:undefined disposed:false
516 silly fetch manifest fast-glob@^3.3.2
517 silly packumentCache full:https://registry.npmjs.org/fast-glob cache-miss
518 http fetch GET 200 https://registry.npmjs.org/resolve 50ms (cache miss)
519 silly packumentCache full:https://registry.npmjs.org/resolve set size:undefined disposed:false
520 silly fetch manifest lilconfig@^3.1.3
521 silly packumentCache full:https://registry.npmjs.org/lilconfig cache-miss
522 http fetch GET 200 https://registry.npmjs.org/sucrase 57ms (cache miss)
523 silly packumentCache full:https://registry.npmjs.org/sucrase set size:undefined disposed:false
524 silly fetch manifest didyoumean@^1.2.2
525 silly packumentCache full:https://registry.npmjs.org/didyoumean cache-miss
526 http fetch GET 200 https://registry.npmjs.org/jiti 81ms (cache miss)
527 silly packumentCache full:https://registry.npmjs.org/jiti set size:undefined disposed:false
528 silly fetch manifest micromatch@^4.0.8
529 silly packumentCache full:https://registry.npmjs.org/micromatch cache-miss
530 http fetch GET 200 https://registry.npmjs.org/chokidar 46ms (cache miss)
531 silly packumentCache full:https://registry.npmjs.org/chokidar set size:undefined disposed:false
532 silly fetch manifest postcss-js@^4.0.1
533 silly packumentCache full:https://registry.npmjs.org/postcss-js cache-miss
534 http fetch GET 200 https://registry.npmjs.org/lilconfig 36ms (cache miss)
535 silly packumentCache full:https://registry.npmjs.org/lilconfig set size:undefined disposed:false
536 silly fetch manifest object-hash@^3.0.0
537 silly packumentCache full:https://registry.npmjs.org/object-hash cache-miss
538 http fetch GET 200 https://registry.npmjs.org/didyoumean 32ms (cache miss)
539 silly packumentCache full:https://registry.npmjs.org/didyoumean set size:undefined disposed:false
540 silly fetch manifest normalize-path@^3.0.0
541 silly packumentCache full:https://registry.npmjs.org/normalize-path cache-miss
542 http fetch GET 200 https://registry.npmjs.org/fast-glob 61ms (cache miss)
543 silly packumentCache full:https://registry.npmjs.org/fast-glob set size:undefined disposed:false
544 silly fetch manifest postcss-import@^15.1.0
545 silly packumentCache full:https://registry.npmjs.org/postcss-import cache-miss
546 http fetch GET 200 https://registry.npmjs.org/postcss-js 42ms (cache miss)
547 silly packumentCache full:https://registry.npmjs.org/postcss-js set size:undefined disposed:false
548 silly fetch manifest postcss-nested@^6.2.0
549 silly packumentCache full:https://registry.npmjs.org/postcss-nested cache-miss
550 http fetch GET 200 https://registry.npmjs.org/object-hash 39ms (cache miss)
551 silly packumentCache full:https://registry.npmjs.org/object-hash set size:undefined disposed:false
552 silly fetch manifest @alloc/quick-lru@^5.2.0
553 silly packumentCache full:https://registry.npmjs.org/@alloc%2fquick-lru cache-miss
554 http fetch GET 200 https://registry.npmjs.org/normalize-path 35ms (cache miss)
555 silly packumentCache full:https://registry.npmjs.org/normalize-path set size:undefined disposed:false
556 silly fetch manifest postcss-load-config@^4.0.2 || ^5.0 || ^6.0
557 silly packumentCache full:https://registry.npmjs.org/postcss-load-config cache-miss
558 http fetch GET 200 https://registry.npmjs.org/@next%2fswc-win32-ia32-msvc 709ms (cache miss)
559 silly packumentCache full:https://registry.npmjs.org/@next%2fswc-win32-ia32-msvc set size:undefined disposed:false
560 silly fetch manifest postcss-selector-parser@^6.1.2
561 silly packumentCache full:https://registry.npmjs.org/postcss-selector-parser cache-miss
562 http fetch GET 200 https://registry.npmjs.org/micromatch 87ms (cache miss)
563 silly packumentCache full:https://registry.npmjs.org/micromatch set size:undefined disposed:false
564 http fetch GET 200 https://registry.npmjs.org/postcss-import 63ms (cache miss)
565 silly packumentCache full:https://registry.npmjs.org/postcss-import set size:undefined disposed:false
566 http fetch GET 200 https://registry.npmjs.org/@alloc%2fquick-lru 41ms (cache miss)
567 silly packumentCache full:https://registry.npmjs.org/@alloc%2fquick-lru set size:undefined disposed:false
568 http fetch GET 200 https://registry.npmjs.org/postcss-nested 47ms (cache miss)
569 silly packumentCache full:https://registry.npmjs.org/postcss-nested set size:undefined disposed:false
570 http fetch GET 200 https://registry.npmjs.org/@typescript-eslint%2fparser 1644ms (cache miss)
571 silly packumentCache full:https://registry.npmjs.org/@typescript-eslint%2fparser set size:undefined disposed:false
572 http fetch GET 200 https://registry.npmjs.org/postcss-load-config 106ms (cache miss)
573 silly packumentCache full:https://registry.npmjs.org/postcss-load-config set size:undefined disposed:false
574 http fetch GET 200 https://registry.npmjs.org/postcss-selector-parser 98ms (cache miss)
575 silly packumentCache full:https://registry.npmjs.org/postcss-selector-parser set size:undefined disposed:false
576 silly placeDep ROOT @babel/runtime@7.29.7 OK for: @react-three/drei@9.122.0 want: ^7.26.0
577 silly placeDep ROOT @mediapipe/tasks-vision@0.10.17 OK for: @react-three/drei@9.122.0 want: 0.10.17
578 silly placeDep ROOT @monogrid/gainmap-js@3.4.0 OK for: @react-three/drei@9.122.0 want: ^3.0.6
579 silly placeDep ROOT @react-spring/three@9.7.5 OK for: @react-three/drei@9.122.0 want: ~9.7.5
580 silly placeDep ROOT @use-gesture/react@10.3.1 OK for: @react-three/drei@9.122.0 want: ^10.3.1
581 silly placeDep ROOT camera-controls@2.10.1 OK for: @react-three/drei@9.122.0 want: ^2.9.0
582 silly placeDep ROOT cross-env@7.0.3 OK for: @react-three/drei@9.122.0 want: ^7.0.3
583 silly placeDep ROOT detect-gpu@5.0.70 OK for: @react-three/drei@9.122.0 want: ^5.0.56
584 silly placeDep ROOT glsl-noise@0.0.0 OK for: @react-three/drei@9.122.0 want: ^0.0.0
585 silly placeDep ROOT hls.js@1.6.18 OK for: @react-three/drei@9.122.0 want: ^1.5.17
586 silly placeDep ROOT maath@0.10.8 OK for: @react-three/drei@9.122.0 want: ^0.10.8
587 silly placeDep ROOT meshline@3.3.1 OK for: @react-three/drei@9.122.0 want: ^3.3.1
588 silly placeDep ROOT react-composer@5.0.3 OK for: @react-three/drei@9.122.0 want: ^5.0.3
589 silly placeDep ROOT stats-gl@2.4.2 OK for: @react-three/drei@9.122.0 want: ^2.2.8
590 silly placeDep ROOT stats.js@0.17.0 OK for: @react-three/drei@9.122.0 want: ^0.17.0
591 silly placeDep ROOT suspend-react@0.1.3 OK for: @react-three/drei@9.122.0 want: ^0.1.3
592 silly placeDep ROOT three-mesh-bvh@0.7.8 OK for: @react-three/drei@9.122.0 want: ^0.7.8
593 silly placeDep ROOT three-stdlib@2.36.1 OK for: @react-three/drei@9.122.0 want: ^2.35.6
594 silly placeDep ROOT troika-three-text@0.52.5 OK for: @react-three/drei@9.122.0 want: ^0.52.0
595 silly placeDep ROOT tunnel-rat@0.1.2 OK for: @react-three/drei@9.122.0 want: ^0.1.2
596 silly placeDep ROOT utility-types@3.11.0 OK for: @react-three/drei@9.122.0 want: ^3.11.0
597 silly placeDep ROOT zustand@5.0.14 OK for: @react-three/drei@9.122.0 want: ^5.0.1
598 silly fetch manifest promise-worker-transferable@^1.0.4
599 silly packumentCache full:https://registry.npmjs.org/promise-worker-transferable cache-miss
600 silly fetch manifest @react-spring/core@~9.7.5
601 silly packumentCache full:https://registry.npmjs.org/@react-spring%2fcore cache-miss
602 silly fetch manifest @react-spring/types@~9.7.5
603 silly packumentCache full:https://registry.npmjs.org/@react-spring%2ftypes cache-miss
604 silly fetch manifest @react-spring/shared@~9.7.5
605 silly packumentCache full:https://registry.npmjs.org/@react-spring%2fshared cache-miss
606 silly fetch manifest @react-spring/animated@~9.7.5
607 silly packumentCache full:https://registry.npmjs.org/@react-spring%2fanimated cache-miss
608 silly fetch manifest @use-gesture/core@10.3.1
609 silly packumentCache full:https://registry.npmjs.org/@use-gesture%2fcore cache-miss
610 silly fetch manifest cross-spawn@^7.0.1
611 silly packumentCache full:https://registry.npmjs.org/cross-spawn cache-miss
612 http cache https://registry.npmjs.org/cross-spawn 3ms (cache hit)
613 silly packumentCache full:https://registry.npmjs.org/cross-spawn set size:109066 disposed:false
614 silly fetch manifest webgl-constants@^1.1.1
615 silly packumentCache full:https://registry.npmjs.org/webgl-constants cache-miss
616 http fetch GET 200 https://registry.npmjs.org/promise-worker-transferable 39ms (cache miss)
617 silly packumentCache full:https://registry.npmjs.org/promise-worker-transferable set size:undefined disposed:false
618 silly fetch manifest prop-types@^15.6.0
619 silly packumentCache full:https://registry.npmjs.org/prop-types cache-miss
620 http fetch GET 200 https://registry.npmjs.org/webgl-constants 38ms (cache miss)
621 silly packumentCache full:https://registry.npmjs.org/webgl-constants set size:undefined disposed:false
622 silly fetch manifest three@^0.170.0
623 silly packumentCache full:https://registry.npmjs.org/three cache-miss
624 http cache https://registry.npmjs.org/three 2ms (cache hit)
625 silly packumentCache full:https://registry.npmjs.org/three set size:933563 disposed:false
626 silly fetch manifest @types/three@*
627 silly packumentCache full:https://registry.npmjs.org/@types%2fthree cache-miss
628 http fetch GET 200 https://registry.npmjs.org/@use-gesture%2fcore 77ms (cache miss)
629 silly packumentCache full:https://registry.npmjs.org/@use-gesture%2fcore set size:undefined disposed:false
630 silly fetch manifest @types/draco3d@^1.4.0
631 silly packumentCache full:https://registry.npmjs.org/@types%2fdraco3d cache-miss
632 http fetch GET 200 https://registry.npmjs.org/prop-types 43ms (cache miss)
633 silly packumentCache full:https://registry.npmjs.org/prop-types set size:undefined disposed:false
634 silly fetch manifest @types/offscreencanvas@^2019.6.4
635 silly packumentCache full:https://registry.npmjs.org/@types%2foffscreencanvas cache-miss
636 http fetch GET 200 https://registry.npmjs.org/@types%2fthree 68ms (cache miss)
637 silly packumentCache full:https://registry.npmjs.org/@types%2fthree set size:undefined disposed:false
638 silly fetch manifest @types/webxr@^0.5.2
639 silly packumentCache full:https://registry.npmjs.org/@types%2fwebxr cache-miss
640 http cache https://registry.npmjs.org/@types%2fwebxr 2ms (cache hit)
641 silly packumentCache full:https://registry.npmjs.org/@types%2fwebxr set size:64472 disposed:false
642 silly fetch manifest draco3d@^1.4.1
643 silly packumentCache full:https://registry.npmjs.org/draco3d cache-miss
644 http fetch GET 200 https://registry.npmjs.org/@types%2foffscreencanvas 41ms (cache miss)
645 silly packumentCache full:https://registry.npmjs.org/@types%2foffscreencanvas set size:undefined disposed:false
646 silly fetch manifest fflate@^0.6.9
647 silly packumentCache full:https://registry.npmjs.org/fflate cache-miss
648 http fetch GET 200 https://registry.npmjs.org/fflate 58ms (cache miss)
649 silly packumentCache full:https://registry.npmjs.org/fflate set size:undefined disposed:false
650 silly fetch manifest potpack@^1.0.1
651 silly packumentCache full:https://registry.npmjs.org/potpack cache-miss
652 http fetch GET 200 https://registry.npmjs.org/potpack 33ms (cache miss)
653 silly packumentCache full:https://registry.npmjs.org/potpack set size:undefined disposed:false
654 silly fetch manifest bidi-js@^1.0.2
655 silly packumentCache full:https://registry.npmjs.org/bidi-js cache-miss
656 http fetch GET 200 https://registry.npmjs.org/bidi-js 34ms (cache miss)
657 silly packumentCache full:https://registry.npmjs.org/bidi-js set size:undefined disposed:false
658 silly fetch manifest troika-three-utils@^0.52.5
659 silly packumentCache full:https://registry.npmjs.org/troika-three-utils cache-miss
660 http fetch GET 200 https://registry.npmjs.org/troika-three-utils 51ms (cache miss)
661 silly packumentCache full:https://registry.npmjs.org/troika-three-utils set size:undefined disposed:false
662 silly fetch manifest troika-worker-utils@^0.52.0
663 silly packumentCache full:https://registry.npmjs.org/troika-worker-utils cache-miss
664 http fetch GET 200 https://registry.npmjs.org/@react-spring%2fanimated 349ms (cache miss)
665 silly packumentCache full:https://registry.npmjs.org/@react-spring%2fanimated set size:undefined disposed:false
666 silly fetch manifest webgl-sdf-generator@1.1.1
667 silly packumentCache full:https://registry.npmjs.org/webgl-sdf-generator cache-miss
668 http fetch GET 200 https://registry.npmjs.org/troika-worker-utils 52ms (cache miss)
669 silly packumentCache full:https://registry.npmjs.org/troika-worker-utils set size:undefined disposed:false
670 silly fetch manifest zustand@^4.3.2
671 silly packumentCache full:https://registry.npmjs.org/zustand cache-hit
672 http fetch GET 200 https://registry.npmjs.org/webgl-sdf-generator 37ms (cache miss)
673 silly packumentCache full:https://registry.npmjs.org/webgl-sdf-generator set size:undefined disposed:false
674 http fetch GET 200 https://registry.npmjs.org/draco3d 274ms (cache miss)
675 silly packumentCache full:https://registry.npmjs.org/draco3d set size:undefined disposed:false
676 http fetch GET 200 https://registry.npmjs.org/@types%2fdraco3d 528ms (cache miss)
677 silly packumentCache full:https://registry.npmjs.org/@types%2fdraco3d set size:undefined disposed:false
678 http fetch GET 200 https://registry.npmjs.org/@react-spring%2fcore 796ms (cache miss)
679 silly packumentCache full:https://registry.npmjs.org/@react-spring%2fcore set size:undefined disposed:false
680 http fetch GET 200 https://registry.npmjs.org/@react-spring%2fshared 823ms (cache miss)
681 silly packumentCache full:https://registry.npmjs.org/@react-spring%2fshared set size:undefined disposed:false
682 http fetch GET 200 https://registry.npmjs.org/@react-spring%2ftypes 840ms (cache miss)
683 silly packumentCache full:https://registry.npmjs.org/@react-spring%2ftypes set size:undefined disposed:false
684 silly placeDep ROOT promise-worker-transferable@1.0.4 OK for: @monogrid/gainmap-js@3.4.0 want: ^1.0.4
685 silly fetch manifest is-promise@^2.1.0
686 silly packumentCache full:https://registry.npmjs.org/is-promise cache-miss
687 silly fetch manifest lie@^3.0.2
688 silly packumentCache full:https://registry.npmjs.org/lie cache-miss
689 http fetch GET 200 https://registry.npmjs.org/is-promise 41ms (cache miss)
690 silly packumentCache full:https://registry.npmjs.org/is-promise set size:undefined disposed:false
691 http fetch GET 200 https://registry.npmjs.org/lie 46ms (cache miss)
692 silly packumentCache full:https://registry.npmjs.org/lie set size:undefined disposed:false
693 silly placeDep ROOT @react-spring/animated@9.7.5 OK for: @react-spring/three@9.7.5 want: ~9.7.5
694 silly placeDep ROOT @react-spring/core@9.7.5 OK for: @react-spring/three@9.7.5 want: ~9.7.5
695 silly placeDep ROOT @react-spring/shared@9.7.5 OK for: @react-spring/three@9.7.5 want: ~9.7.5
696 silly placeDep ROOT @react-spring/types@9.7.5 OK for: @react-spring/three@9.7.5 want: ~9.7.5
697 silly fetch manifest @react-spring/rafz@~9.7.5
698 silly packumentCache full:https://registry.npmjs.org/@react-spring%2frafz cache-miss
699 http fetch GET 200 https://registry.npmjs.org/@react-spring%2frafz 735ms (cache miss)
700 silly packumentCache full:https://registry.npmjs.org/@react-spring%2frafz set size:undefined disposed:false
701 silly placeDep ROOT @react-spring/rafz@9.7.5 OK for: @react-spring/shared@9.7.5 want: ~9.7.5
702 silly placeDep ROOT @types/react-reconciler@0.26.7 OK for: @react-three/fiber@8.18.0 want: ^0.26.7
703 silly placeDep ROOT @types/webxr@0.5.24 OK for: @react-three/fiber@8.18.0 want: *
704 silly placeDep ROOT base64-js@1.5.1 OK for: @react-three/fiber@8.18.0 want: ^1.5.1
705 silly placeDep ROOT buffer@6.0.3 OK for: @react-three/fiber@8.18.0 want: ^6.0.3
706 silly placeDep ROOT its-fine@1.2.5 OK for: @react-three/fiber@8.18.0 want: ^1.0.6
707 silly placeDep ROOT react-reconciler@0.27.0 OK for: @react-three/fiber@8.18.0 want: ^0.27.0
708 silly placeDep ROOT react-use-measure@2.1.7 OK for: @react-three/fiber@8.18.0 want: ^2.1.7
709 silly placeDep ROOT scheduler@0.21.0 OK for: @react-three/fiber@8.18.0 want: ^0.21.0
710 silly placeDep node_modules/@react-three/fiber zustand@3.7.2 OK for: @react-three/fiber@8.18.0 want: ^3.7.1
711 silly fetch manifest @types/react@*
712 silly packumentCache full:https://registry.npmjs.org/@types%2freact cache-miss
713 silly fetch manifest ieee754@^1.2.1
714 silly packumentCache full:https://registry.npmjs.org/ieee754 cache-miss
715 silly fetch manifest @types/react-reconciler@^0.28.0
716 silly packumentCache full:https://registry.npmjs.org/@types%2freact-reconciler cache-miss
717 http cache https://registry.npmjs.org/@types%2freact-reconciler 2ms (cache hit)
718 silly packumentCache full:https://registry.npmjs.org/@types%2freact-reconciler set size:61372 disposed:false
719 http fetch GET 200 https://registry.npmjs.org/@types%2freact 195ms (cache miss)
720 silly packumentCache full:https://registry.npmjs.org/@types%2freact set size:undefined disposed:false
721 http fetch GET 200 https://registry.npmjs.org/ieee754 296ms (cache miss)
722 silly packumentCache full:https://registry.npmjs.org/ieee754 set size:undefined disposed:false
723 silly placeDep ROOT @types/react@19.2.18 OK for: @types/react-reconciler@0.26.7 want: *
724 silly fetch manifest csstype@^3.2.2
725 silly packumentCache full:https://registry.npmjs.org/csstype cache-miss
726 http fetch GET 200 https://registry.npmjs.org/csstype 51ms (cache miss)
727 silly packumentCache full:https://registry.npmjs.org/csstype set size:undefined disposed:false
728 silly placeDep ROOT csstype@3.2.3 OK for: @types/react@19.2.18 want: ^3.2.2
729 silly placeDep ROOT @use-gesture/core@10.3.1 OK for: @use-gesture/react@10.3.1 want: 10.3.1
730 silly placeDep ROOT browserslist@4.28.8 OK for: autoprefixer@10.5.4 want: ^4.28.6
731 silly placeDep ROOT caniuse-lite@1.0.30001809 OK for: autoprefixer@10.5.4 want: ^1.0.30001806
732 silly placeDep ROOT fraction.js@5.3.4 OK for: autoprefixer@10.5.4 want: ^5.3.4
733 silly placeDep ROOT picocolors@1.1.1 OK for: autoprefixer@10.5.4 want: ^1.1.1
734 silly placeDep ROOT postcss-value-parser@4.2.0 OK for: autoprefixer@10.5.4 want: ^4.2.0
735 silly fetch manifest caniuse-lite@^1.0.30001809
736 silly packumentCache full:https://registry.npmjs.org/caniuse-lite cache-miss
737 silly fetch manifest node-releases@^2.0.53
738 silly packumentCache full:https://registry.npmjs.org/node-releases cache-miss
739 silly fetch manifest electron-to-chromium@^1.5.402
740 silly packumentCache full:https://registry.npmjs.org/electron-to-chromium cache-miss
741 silly fetch manifest update-browserslist-db@^1.3.0
742 silly packumentCache full:https://registry.npmjs.org/update-browserslist-db cache-miss
743 silly fetch manifest baseline-browser-mapping@^2.11.12
744 silly packumentCache full:https://registry.npmjs.org/baseline-browser-mapping cache-miss
745 http cache https://registry.npmjs.org/caniuse-lite 6ms (cache hit)
746 silly packumentCache full:https://registry.npmjs.org/caniuse-lite set size:2311190 disposed:false
747 http fetch GET 200 https://registry.npmjs.org/update-browserslist-db 41ms (cache miss)
748 silly packumentCache full:https://registry.npmjs.org/update-browserslist-db set size:undefined disposed:false
749 http fetch GET 200 https://registry.npmjs.org/baseline-browser-mapping 46ms (cache miss)
750 silly packumentCache full:https://registry.npmjs.org/baseline-browser-mapping set size:undefined disposed:false
751 http fetch GET 200 https://registry.npmjs.org/node-releases 56ms (cache miss)
752 silly packumentCache full:https://registry.npmjs.org/node-releases set size:undefined disposed:false
753 http fetch GET 200 https://registry.npmjs.org/electron-to-chromium 595ms (cache miss)
754 silly packumentCache full:https://registry.npmjs.org/electron-to-chromium set size:undefined disposed:false
755 silly placeDep ROOT baseline-browser-mapping@2.11.13 OK for: browserslist@4.28.8 want: ^2.11.12
756 silly placeDep ROOT electron-to-chromium@1.5.405 OK for: browserslist@4.28.8 want: ^1.5.402
757 silly placeDep ROOT node-releases@2.0.53 OK for: browserslist@4.28.8 want: ^2.0.53
758 silly placeDep ROOT update-browserslist-db@1.3.1 OK for: browserslist@4.28.8 want: ^1.3.0
759 silly fetch manifest escalade@^3.2.0
760 silly packumentCache full:https://registry.npmjs.org/escalade cache-miss
761 http fetch GET 200 https://registry.npmjs.org/escalade 46ms (cache miss)
762 silly packumentCache full:https://registry.npmjs.org/escalade set size:undefined disposed:false
763 silly placeDep ROOT ieee754@1.2.1 OK for: buffer@6.0.3 want: ^1.2.1
764 silly placeDep ROOT cross-spawn@7.0.6 OK for: cross-env@7.0.3 want: ^7.0.1
765 silly fetch manifest which@^2.0.1
766 silly packumentCache full:https://registry.npmjs.org/which cache-miss
767 silly fetch manifest path-key@^3.1.0
768 silly packumentCache full:https://registry.npmjs.org/path-key cache-miss
769 silly fetch manifest shebang-command@^2.0.0
770 silly packumentCache full:https://registry.npmjs.org/shebang-command cache-miss
771 http fetch GET 200 https://registry.npmjs.org/path-key 38ms (cache miss)
772 silly packumentCache full:https://registry.npmjs.org/path-key set size:undefined disposed:false
773 http fetch GET 200 https://registry.npmjs.org/shebang-command 38ms (cache miss)
774 silly packumentCache full:https://registry.npmjs.org/shebang-command set size:undefined disposed:false
775 http fetch GET 200 https://registry.npmjs.org/which 46ms (cache miss)
776 silly packumentCache full:https://registry.npmjs.org/which set size:undefined disposed:false
777 silly placeDep ROOT path-key@3.1.1 OK for: cross-spawn@7.0.6 want: ^3.1.0
778 silly placeDep ROOT shebang-command@2.0.0 OK for: cross-spawn@7.0.6 want: ^2.0.0
779 silly placeDep ROOT which@2.0.2 OK for: cross-spawn@7.0.6 want: ^2.0.1
780 silly fetch manifest shebang-regex@^3.0.0
781 silly packumentCache full:https://registry.npmjs.org/shebang-regex cache-miss
782 silly fetch manifest isexe@^2.0.0
783 silly packumentCache full:https://registry.npmjs.org/isexe cache-miss
784 http fetch GET 200 https://registry.npmjs.org/shebang-regex 33ms (cache miss)
785 silly packumentCache full:https://registry.npmjs.org/shebang-regex set size:undefined disposed:false
786 http fetch GET 200 https://registry.npmjs.org/isexe 41ms (cache miss)
787 silly packumentCache full:https://registry.npmjs.org/isexe set size:undefined disposed:false
788 silly placeDep ROOT webgl-constants@1.1.1 OK for: detect-gpu@5.0.70 want: ^1.1.1
789 silly placeDep ROOT @eslint-community/eslint-utils@4.10.1 OK for: eslint@8.57.0 want: ^4.2.0
790 silly placeDep ROOT @eslint-community/regexpp@4.12.2 OK for: eslint@8.57.0 want: ^4.6.1
791 silly placeDep ROOT @eslint/eslintrc@2.1.4 OK for: eslint@8.57.0 want: ^2.1.4
792 silly placeDep ROOT @eslint/js@8.57.0 OK for: eslint@8.57.0 want: 8.57.0
793 silly placeDep ROOT @humanwhocodes/config-array@0.11.14 OK for: eslint@8.57.0 want: ^0.11.14
794 silly placeDep ROOT @humanwhocodes/module-importer@1.0.1 OK for: eslint@8.57.0 want: ^1.0.1
795 silly placeDep ROOT @nodelib/fs.walk@1.2.8 OK for: eslint@8.57.0 want: ^1.2.8
796 silly placeDep ROOT @ungap/structured-clone@1.3.3 OK for: eslint@8.57.0 want: ^1.2.0
797 silly placeDep ROOT ajv@6.15.0 OK for: eslint@8.57.0 want: ^6.12.4
798 silly placeDep ROOT chalk@4.1.2 OK for: eslint@8.57.0 want: ^4.0.0
799 silly placeDep ROOT debug@4.4.3 OK for: eslint@8.57.0 want: ^4.3.2
800 silly placeDep ROOT doctrine@3.0.0 OK for: eslint@8.57.0 want: ^3.0.0
801 silly placeDep ROOT escape-string-regexp@4.0.0 OK for: eslint@8.57.0 want: ^4.0.0
802 silly placeDep ROOT eslint-scope@7.2.2 OK for: eslint@8.57.0 want: ^7.2.2
803 silly placeDep ROOT eslint-visitor-keys@3.4.3 OK for: eslint@8.57.0 want: ^3.4.3
804 silly placeDep ROOT espree@9.6.1 OK for: eslint@8.57.0 want: ^9.6.1
805 silly placeDep ROOT esquery@1.7.0 OK for: eslint@8.57.0 want: ^1.4.2
806 silly placeDep ROOT esutils@2.0.3 OK for: eslint@8.57.0 want: ^2.0.2
807 silly placeDep ROOT fast-deep-equal@3.1.3 OK for: eslint@8.57.0 want: ^3.1.3
808 silly placeDep ROOT file-entry-cache@6.0.1 OK for: eslint@8.57.0 want: ^6.0.1
809 silly placeDep ROOT find-up@5.0.0 OK for: eslint@8.57.0 want: ^5.0.0
810 silly placeDep ROOT glob-parent@6.0.2 OK for: eslint@8.57.0 want: ^6.0.2
811 silly placeDep ROOT globals@13.24.0 OK for: eslint@8.57.0 want: ^13.19.0
812 silly placeDep ROOT graphemer@1.4.0 OK for: eslint@8.57.0 want: ^1.4.0
813 silly placeDep ROOT ignore@5.3.2 OK for: eslint@8.57.0 want: ^5.2.0
814 silly placeDep ROOT imurmurhash@0.1.4 OK for: eslint@8.57.0 want: ^0.1.4
815 silly placeDep ROOT is-glob@4.0.3 OK for: eslint@8.57.0 want: ^4.0.0
816 silly placeDep ROOT is-path-inside@3.0.3 OK for: eslint@8.57.0 want: ^3.0.3
817 silly placeDep ROOT js-yaml@4.3.1 OK for: eslint@8.57.0 want: ^4.1.0
818 silly placeDep ROOT json-stable-stringify-without-jsonify@1.0.1 OK for: eslint@8.57.0 want: ^1.0.1
819 silly placeDep ROOT levn@0.4.1 OK for: eslint@8.57.0 want: ^0.4.1
820 silly placeDep ROOT lodash.merge@4.6.2 OK for: eslint@8.57.0 want: ^4.6.2
821 silly placeDep ROOT minimatch@3.1.5 OK for: eslint@8.57.0 want: ^3.1.2
822 silly placeDep ROOT natural-compare@1.4.0 OK for: eslint@8.57.0 want: ^1.4.0
823 silly placeDep ROOT optionator@0.9.4 OK for: eslint@8.57.0 want: ^0.9.3
824 silly placeDep ROOT strip-ansi@6.0.1 OK for: eslint@8.57.0 want: ^6.0.1
825 silly placeDep ROOT text-table@0.2.0 OK for: eslint@8.57.0 want: ^0.2.0
826 silly fetch manifest espree@^9.6.0
827 silly packumentCache full:https://registry.npmjs.org/espree cache-miss
828 silly fetch manifest import-fresh@^3.2.1
829 silly packumentCache full:https://registry.npmjs.org/import-fresh cache-miss
830 silly fetch manifest strip-json-comments@^3.1.1
831 silly packumentCache full:https://registry.npmjs.org/strip-json-comments cache-miss
832 silly fetch manifest debug@^4.3.1
833 silly packumentCache full:https://registry.npmjs.org/debug cache-miss
834 silly fetch manifest minimatch@^3.0.5
835 silly packumentCache full:https://registry.npmjs.org/minimatch cache-miss
836 silly fetch manifest @humanwhocodes/object-schema@^2.0.2
837 silly packumentCache full:https://registry.npmjs.org/@humanwhocodes%2fobject-schema cache-miss
838 silly fetch manifest fastq@^1.6.0
839 silly packumentCache full:https://registry.npmjs.org/fastq cache-miss
840 http cache https://registry.npmjs.org/debug 3ms (cache hit)
841 silly packumentCache full:https://registry.npmjs.org/debug set size:195840 disposed:false
842 silly fetch manifest @nodelib/fs.scandir@2.1.5
843 silly packumentCache full:https://registry.npmjs.org/@nodelib%2ffs.scandir cache-miss
844 http cache https://registry.npmjs.org/espree 5ms (cache hit)
845 silly packumentCache full:https://registry.npmjs.org/espree set size:326080 disposed:false
846 silly fetch manifest uri-js@^4.2.2
847 silly packumentCache full:https://registry.npmjs.org/uri-js cache-miss
848 http cache https://registry.npmjs.org/minimatch 7ms (cache hit)
849 silly packumentCache full:https://registry.npmjs.org/minimatch set size:377924 disposed:false
850 silly fetch manifest fast-deep-equal@^3.1.1
851 silly packumentCache full:https://registry.npmjs.org/fast-deep-equal cache-miss
852 http cache https://registry.npmjs.org/fast-deep-equal 2ms (cache hit)
853 silly packumentCache full:https://registry.npmjs.org/fast-deep-equal set size:48634 disposed:false
854 silly fetch manifest json-schema-traverse@^0.4.1
855 silly packumentCache full:https://registry.npmjs.org/json-schema-traverse cache-miss
856 http fetch GET 200 https://registry.npmjs.org/uri-js 48ms (cache miss)
857 silly packumentCache full:https://registry.npmjs.org/uri-js set size:undefined disposed:false
858 silly fetch manifest fast-json-stable-stringify@^2.0.0
859 silly packumentCache full:https://registry.npmjs.org/fast-json-stable-stringify cache-miss
860 http fetch GET 200 https://registry.npmjs.org/json-schema-traverse 46ms (cache miss)
861 silly packumentCache full:https://registry.npmjs.org/json-schema-traverse set size:undefined disposed:false
862 silly fetch manifest ansi-styles@^4.1.0
863 silly packumentCache full:https://registry.npmjs.org/ansi-styles cache-miss
864 http fetch GET 200 https://registry.npmjs.org/fastq 56ms (cache miss)
865 silly packumentCache full:https://registry.npmjs.org/fastq set size:undefined disposed:false
866 silly fetch manifest supports-color@^7.1.0
867 silly packumentCache full:https://registry.npmjs.org/supports-color cache-miss
868 http fetch GET 200 https://registry.npmjs.org/import-fresh 58ms (cache miss)
869 silly packumentCache full:https://registry.npmjs.org/import-fresh set size:undefined disposed:false
870 silly fetch manifest ms@^2.1.3
871 silly packumentCache full:https://registry.npmjs.org/ms cache-miss
872 http fetch GET 200 https://registry.npmjs.org/@humanwhocodes%2fobject-schema 60ms (cache miss)
873 silly packumentCache full:https://registry.npmjs.org/@humanwhocodes%2fobject-schema set size:undefined disposed:false
874 silly fetch manifest esrecurse@^4.3.0
875 silly packumentCache full:https://registry.npmjs.org/esrecurse cache-miss
876 http fetch GET 200 https://registry.npmjs.org/strip-json-comments 60ms (cache miss)
877 silly packumentCache full:https://registry.npmjs.org/strip-json-comments set size:undefined disposed:false
878 silly fetch manifest estraverse@^5.2.0
879 silly packumentCache full:https://registry.npmjs.org/estraverse cache-miss
880 http fetch GET 200 https://registry.npmjs.org/@nodelib%2ffs.scandir 58ms (cache miss)
881 silly packumentCache full:https://registry.npmjs.org/@nodelib%2ffs.scandir set size:undefined disposed:false
882 silly fetch manifest acorn@^8.9.0
883 silly packumentCache full:https://registry.npmjs.org/acorn cache-miss
884 http fetch GET 200 https://registry.npmjs.org/fast-json-stable-stringify 30ms (cache miss)
885 silly packumentCache full:https://registry.npmjs.org/fast-json-stable-stringify set size:undefined disposed:false
886 silly fetch manifest acorn-jsx@^5.3.2
887 silly packumentCache full:https://registry.npmjs.org/acorn-jsx cache-miss
888 http fetch GET 200 https://registry.npmjs.org/esrecurse 35ms (cache miss)
889 silly packumentCache full:https://registry.npmjs.org/esrecurse set size:undefined disposed:false
890 silly fetch manifest estraverse@^5.1.0
891 silly packumentCache full:https://registry.npmjs.org/estraverse cache-miss
892 http fetch GET 200 https://registry.npmjs.org/ansi-styles 44ms (cache miss)
893 silly packumentCache full:https://registry.npmjs.org/ansi-styles set size:undefined disposed:false
894 silly fetch manifest flat-cache@^3.0.4
895 silly packumentCache full:https://registry.npmjs.org/flat-cache cache-miss
896 http fetch GET 200 https://registry.npmjs.org/ms 46ms (cache miss)
897 silly packumentCache full:https://registry.npmjs.org/ms set size:undefined disposed:false
898 silly fetch manifest locate-path@^6.0.0
899 silly packumentCache full:https://registry.npmjs.org/locate-path cache-miss
900 http fetch GET 200 https://registry.npmjs.org/estraverse 45ms (cache miss)
901 silly packumentCache full:https://registry.npmjs.org/estraverse set size:undefined disposed:false
902 silly fetch manifest path-exists@^4.0.0
903 silly packumentCache full:https://registry.npmjs.org/path-exists cache-miss
904 http fetch GET 200 https://registry.npmjs.org/supports-color 57ms (cache miss)
905 silly packumentCache full:https://registry.npmjs.org/supports-color set size:undefined disposed:false
906 silly fetch manifest type-fest@^0.20.2
907 silly packumentCache full:https://registry.npmjs.org/type-fest cache-miss
908 http fetch GET 200 https://registry.npmjs.org/acorn-jsx 41ms (cache miss)
909 silly packumentCache full:https://registry.npmjs.org/acorn-jsx set size:undefined disposed:false
910 silly fetch manifest is-extglob@^2.1.1
911 silly packumentCache full:https://registry.npmjs.org/is-extglob cache-miss
912 http fetch GET 200 https://registry.npmjs.org/estraverse 35ms (cache miss)
913 silly packumentCache full:https://registry.npmjs.org/estraverse set size:undefined disposed:false
914 silly fetch manifest argparse@^2.0.1
915 silly packumentCache full:https://registry.npmjs.org/argparse cache-miss
916 http fetch GET 200 https://registry.npmjs.org/acorn 67ms (cache miss)
917 silly packumentCache full:https://registry.npmjs.org/acorn set size:undefined disposed:false
918 silly fetch manifest prelude-ls@^1.2.1
919 silly packumentCache full:https://registry.npmjs.org/prelude-ls cache-miss
920 http fetch GET 200 https://registry.npmjs.org/flat-cache 36ms (cache miss)
921 silly packumentCache full:https://registry.npmjs.org/flat-cache set size:undefined disposed:false
922 silly fetch manifest type-check@~0.4.0
923 silly packumentCache full:https://registry.npmjs.org/type-check cache-miss
924 http fetch GET 200 https://registry.npmjs.org/locate-path 36ms (cache miss)
925 silly packumentCache full:https://registry.npmjs.org/locate-path set size:undefined disposed:false
926 silly fetch manifest brace-expansion@^1.1.7
927 silly packumentCache full:https://registry.npmjs.org/brace-expansion cache-miss
928 http fetch GET 200 https://registry.npmjs.org/path-exists 37ms (cache miss)
929 silly packumentCache full:https://registry.npmjs.org/path-exists set size:undefined disposed:false
930 silly fetch manifest prelude-ls@^1.2.1
931 silly packumentCache full:https://registry.npmjs.org/prelude-ls cache-miss
932 http fetch GET 200 https://registry.npmjs.org/is-extglob 35ms (cache miss)
933 silly packumentCache full:https://registry.npmjs.org/is-extglob set size:undefined disposed:false
934 silly fetch manifest deep-is@^0.1.3
935 silly packumentCache full:https://registry.npmjs.org/deep-is cache-miss
936 http fetch GET 200 https://registry.npmjs.org/argparse 35ms (cache miss)
937 silly packumentCache full:https://registry.npmjs.org/argparse set size:undefined disposed:false
938 silly fetch manifest word-wrap@^1.2.5
939 silly packumentCache full:https://registry.npmjs.org/word-wrap cache-miss
940 http fetch GET 200 https://registry.npmjs.org/type-check 33ms (cache miss)
941 silly packumentCache full:https://registry.npmjs.org/type-check set size:undefined disposed:false
942 silly fetch manifest type-check@^0.4.0
943 silly packumentCache full:https://registry.npmjs.org/type-check cache-miss
944 http cache https://registry.npmjs.org/type-check 2ms (cache hit)
945 silly packumentCache full:https://registry.npmjs.org/type-check set size:21221 disposed:false
946 silly fetch manifest fast-levenshtein@^2.0.6
947 silly packumentCache full:https://registry.npmjs.org/fast-levenshtein cache-miss
948 http fetch GET 200 https://registry.npmjs.org/brace-expansion 34ms (cache miss)
949 silly packumentCache full:https://registry.npmjs.org/brace-expansion set size:undefined disposed:false
950 silly fetch manifest ansi-regex@^5.0.1
951 silly packumentCache full:https://registry.npmjs.org/ansi-regex cache-miss
952 http fetch GET 200 https://registry.npmjs.org/prelude-ls 35ms (cache miss)
953 silly packumentCache full:https://registry.npmjs.org/prelude-ls set size:undefined disposed:false
954 http fetch GET 200 https://registry.npmjs.org/deep-is 37ms (cache miss)
955 silly packumentCache full:https://registry.npmjs.org/deep-is set size:undefined disposed:false
956 http fetch GET 200 https://registry.npmjs.org/fast-levenshtein 30ms (cache miss)
957 silly packumentCache full:https://registry.npmjs.org/fast-levenshtein set size:undefined disposed:false
958 http fetch GET 200 https://registry.npmjs.org/word-wrap 42ms (cache miss)
959 silly packumentCache full:https://registry.npmjs.org/word-wrap set size:undefined disposed:false
960 http fetch GET 200 https://registry.npmjs.org/type-fest 100ms (cache miss)
961 silly packumentCache full:https://registry.npmjs.org/type-fest set size:undefined disposed:false
962 http fetch GET 200 https://registry.npmjs.org/ansi-regex 43ms (cache miss)
963 silly packumentCache full:https://registry.npmjs.org/ansi-regex set size:undefined disposed:false
964 http fetch GET 200 https://registry.npmjs.org/prelude-ls 275ms (cache miss)
965 silly packumentCache full:https://registry.npmjs.org/prelude-ls set size:undefined disposed:false
966 silly placeDep ROOT import-fresh@3.3.1 OK for: @eslint/eslintrc@2.1.4 want: ^3.2.1
967 silly placeDep ROOT strip-json-comments@3.1.1 OK for: @eslint/eslintrc@2.1.4 want: ^3.1.1
968 silly fetch manifest resolve-from@^4.0.0
969 silly packumentCache full:https://registry.npmjs.org/resolve-from cache-miss
970 silly fetch manifest parent-module@^1.0.0
971 silly packumentCache full:https://registry.npmjs.org/parent-module cache-miss
972 http fetch GET 200 https://registry.npmjs.org/parent-module 36ms (cache miss)
973 silly packumentCache full:https://registry.npmjs.org/parent-module set size:undefined disposed:false
974 http fetch GET 200 https://registry.npmjs.org/resolve-from 38ms (cache miss)
975 silly packumentCache full:https://registry.npmjs.org/resolve-from set size:undefined disposed:false
976 silly placeDep ROOT @humanwhocodes/object-schema@2.0.3 OK for: @humanwhocodes/config-array@0.11.14 want: ^2.0.2
977 silly placeDep ROOT @nodelib/fs.scandir@2.1.5 OK for: @nodelib/fs.walk@1.2.8 want: 2.1.5
978 silly placeDep ROOT fastq@1.20.1 OK for: @nodelib/fs.walk@1.2.8 want: ^1.6.0
979 silly fetch manifest run-parallel@^1.1.9
980 silly packumentCache full:https://registry.npmjs.org/run-parallel cache-miss
981 silly fetch manifest @nodelib/fs.stat@2.0.5
982 silly packumentCache full:https://registry.npmjs.org/@nodelib%2ffs.stat cache-miss
983 silly fetch manifest reusify@^1.0.4
984 silly packumentCache full:https://registry.npmjs.org/reusify cache-miss
985 http fetch GET 200 https://registry.npmjs.org/run-parallel 30ms (cache miss)
986 silly packumentCache full:https://registry.npmjs.org/run-parallel set size:undefined disposed:false
987 http fetch GET 200 https://registry.npmjs.org/reusify 35ms (cache miss)
988 silly packumentCache full:https://registry.npmjs.org/reusify set size:undefined disposed:false
989 http fetch GET 200 https://registry.npmjs.org/@nodelib%2ffs.stat 51ms (cache miss)
990 silly packumentCache full:https://registry.npmjs.org/@nodelib%2ffs.stat set size:undefined disposed:false
991 silly placeDep ROOT @nodelib/fs.stat@2.0.5 OK for: @nodelib/fs.scandir@2.1.5 want: 2.0.5
992 silly placeDep ROOT run-parallel@1.2.0 OK for: @nodelib/fs.scandir@2.1.5 want: ^1.1.9
993 silly fetch manifest queue-microtask@^1.2.2
994 silly packumentCache full:https://registry.npmjs.org/queue-microtask cache-miss
995 http fetch GET 200 https://registry.npmjs.org/queue-microtask 30ms (cache miss)
996 silly packumentCache full:https://registry.npmjs.org/queue-microtask set size:undefined disposed:false
997 silly placeDep ROOT fast-json-stable-stringify@2.1.0 OK for: ajv@6.15.0 want: ^2.0.0
998 silly placeDep ROOT json-schema-traverse@0.4.1 OK for: ajv@6.15.0 want: ^0.4.1
999 silly placeDep ROOT uri-js@4.4.1 OK for: ajv@6.15.0 want: ^4.2.2
1000 silly fetch manifest punycode@^2.1.0
1001 silly packumentCache full:https://registry.npmjs.org/punycode cache-miss
1002 http fetch GET 200 https://registry.npmjs.org/punycode 40ms (cache miss)
1003 silly packumentCache full:https://registry.npmjs.org/punycode set size:undefined disposed:false
1004 silly placeDep ROOT ansi-styles@4.3.0 OK for: chalk@4.1.2 want: ^4.1.0
1005 silly placeDep ROOT supports-color@7.2.0 OK for: chalk@4.1.2 want: ^7.1.0
1006 silly fetch manifest color-convert@^2.0.1
1007 silly packumentCache full:https://registry.npmjs.org/color-convert cache-miss
1008 silly fetch manifest has-flag@^4.0.0
1009 silly packumentCache full:https://registry.npmjs.org/has-flag cache-miss
1010 http fetch GET 200 https://registry.npmjs.org/has-flag 38ms (cache miss)
1011 silly packumentCache full:https://registry.npmjs.org/has-flag set size:undefined disposed:false
1012 http fetch GET 200 https://registry.npmjs.org/color-convert 272ms (cache miss)
1013 silly packumentCache full:https://registry.npmjs.org/color-convert set size:undefined disposed:false
1014 silly placeDep ROOT color-convert@2.0.1 OK for: ansi-styles@4.3.0 want: ^2.0.1
1015 silly fetch manifest color-name@~1.1.4
1016 silly packumentCache full:https://registry.npmjs.org/color-name cache-miss
1017 http fetch GET 200 https://registry.npmjs.org/color-name 35ms (cache miss)
1018 silly packumentCache full:https://registry.npmjs.org/color-name set size:undefined disposed:false
1019 silly placeDep ROOT color-name@1.1.4 OK for: color-convert@2.0.1 want: ~1.1.4
1020 silly placeDep ROOT ms@2.1.3 OK for: debug@4.4.3 want: ^2.1.3
1021 silly placeDep ROOT @next/eslint-plugin-next@14.2.5 OK for: eslint-config-next@14.2.5 want: 14.2.5
1022 silly placeDep ROOT @rushstack/eslint-patch@1.16.1 OK for: eslint-config-next@14.2.5 want: ^1.3.3
1023 silly placeDep ROOT @typescript-eslint/parser@7.2.0 OK for: eslint-config-next@14.2.5 want: ^5.4.2 || ^6.0.0 || 7.0.0 - 7.2.0
1024 silly placeDep ROOT eslint-import-resolver-node@0.3.10 OK for: eslint-config-next@14.2.5 want: ^0.3.6
1025 silly placeDep ROOT eslint-import-resolver-typescript@3.10.1 OK for: eslint-config-next@14.2.5 want: ^3.5.2
1026 silly placeDep ROOT eslint-plugin-import@2.32.0 OK for: eslint-config-next@14.2.5 want: ^2.28.1
1027 silly placeDep ROOT eslint-plugin-jsx-a11y@6.10.2 OK for: eslint-config-next@14.2.5 want: ^6.7.1
1028 silly placeDep ROOT eslint-plugin-react@7.37.5 OK for: eslint-config-next@14.2.5 want: ^7.33.2
1029 silly placeDep ROOT eslint-plugin-react-hooks@5.0.0-canary-7118f5dd7-20230705 OK for: eslint-config-next@14.2.5 want: ^4.5.0 || 5.0.0-canary-7118f5dd7-20230705
1030 silly fetch manifest glob@10.3.10
1031 silly packumentCache full:https://registry.npmjs.org/glob cache-miss
1032 silly fetch manifest @typescript-eslint/types@7.2.0
1033 silly packumentCache full:https://registry.npmjs.org/@typescript-eslint%2ftypes cache-miss
1034 silly fetch manifest @typescript-eslint/visitor-keys@7.2.0
1035 silly packumentCache full:https://registry.npmjs.org/@typescript-eslint%2fvisitor-keys cache-miss
1036 silly fetch manifest @typescript-eslint/scope-manager@7.2.0
1037 silly packumentCache full:https://registry.npmjs.org/@typescript-eslint%2fscope-manager cache-miss
1038 silly fetch manifest @typescript-eslint/typescript-estree@7.2.0
1039 silly packumentCache full:https://registry.npmjs.org/@typescript-eslint%2ftypescript-estree cache-miss
1040 silly fetch manifest debug@^3.2.7
1041 silly packumentCache full:https://registry.npmjs.org/debug cache-hit
1042 silly fetch manifest resolve@^2.0.0-next.6
1043 silly packumentCache full:https://registry.npmjs.org/resolve cache-miss
1044 silly fetch manifest is-core-module@^2.16.1
1045 silly packumentCache full:https://registry.npmjs.org/is-core-module cache-miss
1046 http cache https://registry.npmjs.org/resolve 4ms (cache hit)
1047 silly packumentCache full:https://registry.npmjs.org/resolve set size:244568 disposed:false
1048 silly fetch manifest tinyglobby@^0.2.13
1049 silly packumentCache full:https://registry.npmjs.org/tinyglobby cache-miss
1050 http fetch GET 200 https://registry.npmjs.org/tinyglobby 36ms (cache miss)
1051 silly packumentCache full:https://registry.npmjs.org/tinyglobby set size:undefined disposed:false
1052 silly fetch manifest stable-hash@^0.0.5
1053 silly packumentCache full:https://registry.npmjs.org/stable-hash cache-miss
1054 http fetch GET 200 https://registry.npmjs.org/is-core-module 44ms (cache miss)
1055 silly packumentCache full:https://registry.npmjs.org/is-core-module set size:undefined disposed:false
1056 silly fetch manifest get-tsconfig@^4.10.0
1057 silly packumentCache full:https://registry.npmjs.org/get-tsconfig cache-miss
1058 http fetch GET 200 https://registry.npmjs.org/stable-hash 31ms (cache miss)
1059 silly packumentCache full:https://registry.npmjs.org/stable-hash set size:undefined disposed:false
1060 silly fetch manifest is-bun-module@^2.0.0
1061 silly packumentCache full:https://registry.npmjs.org/is-bun-module cache-miss
1062 http fetch GET 200 https://registry.npmjs.org/glob 76ms (cache miss)
1063 silly packumentCache full:https://registry.npmjs.org/glob set size:undefined disposed:false
1064 silly fetch manifest unrs-resolver@^1.6.2
1065 silly packumentCache full:https://registry.npmjs.org/unrs-resolver cache-miss
1066 http fetch GET 200 https://registry.npmjs.org/get-tsconfig 43ms (cache miss)
1067 silly packumentCache full:https://registry.npmjs.org/get-tsconfig set size:undefined disposed:false
1068 silly fetch manifest @nolyfill/is-core-module@1.0.39
1069 silly packumentCache full:https://registry.npmjs.org/@nolyfill%2fis-core-module cache-miss
1070 http fetch GET 200 https://registry.npmjs.org/unrs-resolver 66ms (cache miss)
1071 silly packumentCache full:https://registry.npmjs.org/unrs-resolver set size:undefined disposed:false
1072 silly fetch manifest @rtsao/scc@^1.1.0
1073 silly packumentCache full:https://registry.npmjs.org/@rtsao%2fscc cache-miss
1074 http fetch GET 200 https://registry.npmjs.org/@rtsao%2fscc 71ms (cache miss)
1075 silly packumentCache full:https://registry.npmjs.org/@rtsao%2fscc set size:undefined disposed:false
1076 silly fetch manifest array-includes@^3.1.9
1077 silly packumentCache full:https://registry.npmjs.org/array-includes cache-miss
1078 http fetch GET 200 https://registry.npmjs.org/array-includes 119ms (cache miss)
1079 silly packumentCache full:https://registry.npmjs.org/array-includes set size:undefined disposed:false
1080 silly fetch manifest array.prototype.findlastindex@^1.2.6
1081 silly packumentCache full:https://registry.npmjs.org/array.prototype.findlastindex cache-miss
1082 http fetch GET 200 https://registry.npmjs.org/is-bun-module 275ms (cache miss)
1083 silly packumentCache full:https://registry.npmjs.org/is-bun-module set size:undefined disposed:false
1084 silly fetch manifest array.prototype.flat@^1.3.3
1085 silly packumentCache full:https://registry.npmjs.org/array.prototype.flat cache-miss
1086 http fetch GET 200 https://registry.npmjs.org/array.prototype.findlastindex 60ms (cache miss)
1087 silly packumentCache full:https://registry.npmjs.org/array.prototype.findlastindex set size:undefined disposed:false
1088 silly fetch manifest array.prototype.flatmap@^1.3.3
1089 silly packumentCache full:https://registry.npmjs.org/array.prototype.flatmap cache-miss
1090 http fetch GET 200 https://registry.npmjs.org/@nolyfill%2fis-core-module 310ms (cache miss)
1091 silly packumentCache full:https://registry.npmjs.org/@nolyfill%2fis-core-module set size:undefined disposed:false
1092 silly fetch manifest doctrine@^2.1.0
1093 silly packumentCache full:https://registry.npmjs.org/doctrine cache-miss
1094 http cache https://registry.npmjs.org/doctrine 2ms (cache hit)
1095 silly packumentCache full:https://registry.npmjs.org/doctrine set size:64052 disposed:false
1096 silly fetch manifest eslint-module-utils@^2.12.1
1097 silly packumentCache full:https://registry.npmjs.org/eslint-module-utils cache-miss
1098 http fetch GET 200 https://registry.npmjs.org/array.prototype.flatmap 39ms (cache miss)
1099 silly packumentCache full:https://registry.npmjs.org/array.prototype.flatmap set size:undefined disposed:false
1100 silly fetch manifest hasown@^2.0.2
1101 silly packumentCache full:https://registry.npmjs.org/hasown cache-miss
1102 http fetch GET 200 https://registry.npmjs.org/eslint-module-utils 52ms (cache miss)
1103 silly packumentCache full:https://registry.npmjs.org/eslint-module-utils set size:undefined disposed:false
1104 silly fetch manifest object.fromentries@^2.0.8
1105 silly packumentCache full:https://registry.npmjs.org/object.fromentries cache-miss
1106 http fetch GET 200 https://registry.npmjs.org/hasown 33ms (cache miss)
1107 silly packumentCache full:https://registry.npmjs.org/hasown set size:undefined disposed:false
1108 silly fetch manifest object.groupby@^1.0.3
1109 silly packumentCache full:https://registry.npmjs.org/object.groupby cache-miss
1110 http fetch GET 200 https://registry.npmjs.org/object.fromentries 36ms (cache miss)
1111 silly packumentCache full:https://registry.npmjs.org/object.fromentries set size:undefined disposed:false
1112 silly fetch manifest object.values@^1.2.1
1113 silly packumentCache full:https://registry.npmjs.org/object.values cache-miss
1114 http fetch GET 200 https://registry.npmjs.org/object.groupby 49ms (cache miss)
1115 silly packumentCache full:https://registry.npmjs.org/object.groupby set size:undefined disposed:false
1116 silly fetch manifest semver@^6.3.1
1117 silly packumentCache full:https://registry.npmjs.org/semver cache-miss
1118 http fetch GET 200 https://registry.npmjs.org/object.values 61ms (cache miss)
1119 silly packumentCache full:https://registry.npmjs.org/object.values set size:undefined disposed:false
1120 silly fetch manifest string.prototype.trimend@^1.0.9
1121 silly packumentCache full:https://registry.npmjs.org/string.prototype.trimend cache-miss
1122 http fetch GET 200 https://registry.npmjs.org/array.prototype.flat 264ms (cache miss)
1123 silly packumentCache full:https://registry.npmjs.org/array.prototype.flat set size:undefined disposed:false
1124 silly fetch manifest tsconfig-paths@^3.15.0
1125 silly packumentCache full:https://registry.npmjs.org/tsconfig-paths cache-miss
1126 http fetch GET 200 https://registry.npmjs.org/string.prototype.trimend 64ms (cache miss)
1127 silly packumentCache full:https://registry.npmjs.org/string.prototype.trimend set size:undefined disposed:false
1128 silly fetch manifest aria-query@^5.3.2
1129 silly packumentCache full:https://registry.npmjs.org/aria-query cache-miss
1130 http fetch GET 200 https://registry.npmjs.org/semver 125ms (cache miss)
1131 silly packumentCache full:https://registry.npmjs.org/semver set size:undefined disposed:false
1132 silly fetch manifest array-includes@^3.1.8
1133 silly packumentCache full:https://registry.npmjs.org/array-includes cache-miss
1134 http cache https://registry.npmjs.org/array-includes 3ms (cache hit)
1135 silly packumentCache full:https://registry.npmjs.org/array-includes set size:77143 disposed:false
1136 silly fetch manifest array.prototype.flatmap@^1.3.2
1137 silly packumentCache full:https://registry.npmjs.org/array.prototype.flatmap cache-miss
1138 http fetch GET 200 https://registry.npmjs.org/@typescript-eslint%2fvisitor-keys 654ms (cache miss)
1139 silly packumentCache full:https://registry.npmjs.org/@typescript-eslint%2fvisitor-keys set size:undefined disposed:false
1140 silly fetch manifest ast-types-flow@^0.0.8
1141 silly packumentCache full:https://registry.npmjs.org/ast-types-flow cache-miss
1142 http cache https://registry.npmjs.org/array.prototype.flatmap 53ms (cache hit)
1143 silly packumentCache full:https://registry.npmjs.org/array.prototype.flatmap set size:51458 disposed:false
1144 silly fetch manifest axe-core@^4.10.0
1145 silly packumentCache full:https://registry.npmjs.org/axe-core cache-miss
1146 http fetch GET 200 https://registry.npmjs.org/tsconfig-paths 104ms (cache miss)
1147 silly packumentCache full:https://registry.npmjs.org/tsconfig-paths set size:undefined disposed:false
1148 silly fetch manifest axobject-query@^4.1.0
1149 silly packumentCache full:https://registry.npmjs.org/axobject-query cache-miss
1150 http fetch GET 200 https://registry.npmjs.org/ast-types-flow 40ms (cache miss)
1151 silly packumentCache full:https://registry.npmjs.org/ast-types-flow set size:undefined disposed:false
1152 silly fetch manifest damerau-levenshtein@^1.0.8
1153 silly packumentCache full:https://registry.npmjs.org/damerau-levenshtein cache-miss
1154 http fetch GET 200 https://registry.npmjs.org/damerau-levenshtein 39ms (cache miss)
1155 silly packumentCache full:https://registry.npmjs.org/damerau-levenshtein set size:undefined disposed:false
1156 silly fetch manifest emoji-regex@^9.2.2
1157 silly packumentCache full:https://registry.npmjs.org/emoji-regex cache-miss
1158 http fetch GET 200 https://registry.npmjs.org/axobject-query 60ms (cache miss)
1159 silly packumentCache full:https://registry.npmjs.org/axobject-query set size:undefined disposed:false
1160 silly fetch manifest jsx-ast-utils@^3.3.5
1161 silly packumentCache full:https://registry.npmjs.org/jsx-ast-utils cache-miss
1162 http fetch GET 200 https://registry.npmjs.org/emoji-regex 38ms (cache miss)
1163 silly packumentCache full:https://registry.npmjs.org/emoji-regex set size:undefined disposed:false
1164 silly fetch manifest language-tags@^1.0.9
1165 silly packumentCache full:https://registry.npmjs.org/language-tags cache-miss
1166 http fetch GET 200 https://registry.npmjs.org/aria-query 199ms (cache miss)
1167 silly packumentCache full:https://registry.npmjs.org/aria-query set size:undefined disposed:false
1168 silly fetch manifest safe-regex-test@^1.0.3
1169 silly packumentCache full:https://registry.npmjs.org/safe-regex-test cache-miss
1170 http fetch GET 200 https://registry.npmjs.org/@typescript-eslint%2ftypescript-estree 819ms (cache miss)
1171 silly packumentCache full:https://registry.npmjs.org/@typescript-eslint%2ftypescript-estree set size:undefined disposed:false
1172 silly fetch manifest string.prototype.includes@^2.0.1
1173 silly packumentCache full:https://registry.npmjs.org/string.prototype.includes cache-miss
1174 http fetch GET 200 https://registry.npmjs.org/language-tags 55ms (cache miss)
1175 silly packumentCache full:https://registry.npmjs.org/language-tags set size:undefined disposed:false
1176 silly fetch manifest array.prototype.findlast@^1.2.5
1177 silly packumentCache full:https://registry.npmjs.org/array.prototype.findlast cache-miss
1178 http fetch GET 200 https://registry.npmjs.org/jsx-ast-utils 82ms (cache miss)
1179 silly packumentCache full:https://registry.npmjs.org/jsx-ast-utils set size:undefined disposed:false
1180 silly fetch manifest array.prototype.tosorted@^1.1.4
1181 silly packumentCache full:https://registry.npmjs.org/array.prototype.tosorted cache-miss
1182 http fetch GET 200 https://registry.npmjs.org/safe-regex-test 58ms (cache miss)
1183 silly packumentCache full:https://registry.npmjs.org/safe-regex-test set size:undefined disposed:false
1184 silly fetch manifest es-iterator-helpers@^1.2.1
1185 silly packumentCache full:https://registry.npmjs.org/es-iterator-helpers cache-miss
1186 http fetch GET 200 https://registry.npmjs.org/array.prototype.tosorted 30ms (cache miss)
1187 silly packumentCache full:https://registry.npmjs.org/array.prototype.tosorted set size:undefined disposed:false
1188 silly fetch manifest estraverse@^5.3.0
1189 silly packumentCache full:https://registry.npmjs.org/estraverse cache-miss
1190 http cache https://registry.npmjs.org/estraverse 2ms (cache hit)
1191 silly packumentCache full:https://registry.npmjs.org/estraverse set size:62412 disposed:false
1192 silly fetch manifest jsx-ast-utils@^2.4.1 || ^3.0.0
1193 silly packumentCache full:https://registry.npmjs.org/jsx-ast-utils cache-miss
1194 http cache https://registry.npmjs.org/jsx-ast-utils 2ms (cache hit)
1195 silly packumentCache full:https://registry.npmjs.org/jsx-ast-utils set size:115998 disposed:false
1196 silly fetch manifest object.entries@^1.1.9
1197 silly packumentCache full:https://registry.npmjs.org/object.entries cache-miss
1198 http fetch GET 200 https://registry.npmjs.org/array.prototype.findlast 41ms (cache miss)
1199 silly packumentCache full:https://registry.npmjs.org/array.prototype.findlast set size:undefined disposed:false
1200 silly fetch manifest prop-types@^15.8.1
1201 silly packumentCache full:https://registry.npmjs.org/prop-types cache-miss
1202 http fetch GET 200 https://registry.npmjs.org/string.prototype.includes 53ms (cache miss)
1203 silly packumentCache full:https://registry.npmjs.org/string.prototype.includes set size:undefined disposed:false
1204 silly fetch manifest resolve@^2.0.0-next.5
1205 silly packumentCache full:https://registry.npmjs.org/resolve cache-hit
1206 silly fetch manifest string.prototype.matchall@^4.0.12
1207 silly packumentCache full:https://registry.npmjs.org/string.prototype.matchall cache-miss
1208 http cache https://registry.npmjs.org/prop-types 3ms (cache hit)
1209 silly packumentCache full:https://registry.npmjs.org/prop-types set size:76747 disposed:false
1210 silly fetch manifest string.prototype.repeat@^1.0.0
1211 silly packumentCache full:https://registry.npmjs.org/string.prototype.repeat cache-miss
1212 http fetch GET 200 https://registry.npmjs.org/@typescript-eslint%2fscope-manager 920ms (cache miss)
1213 silly packumentCache full:https://registry.npmjs.org/@typescript-eslint%2fscope-manager set size:undefined disposed:false
1214 http fetch GET 200 https://registry.npmjs.org/string.prototype.repeat 48ms (cache miss)
1215 silly packumentCache full:https://registry.npmjs.org/string.prototype.repeat set size:undefined disposed:false
1216 http fetch GET 200 https://registry.npmjs.org/string.prototype.matchall 52ms (cache miss)
1217 silly packumentCache full:https://registry.npmjs.org/string.prototype.matchall set size:undefined disposed:false
1218 http fetch GET 200 https://registry.npmjs.org/object.entries 59ms (cache miss)
1219 silly packumentCache full:https://registry.npmjs.org/object.entries set size:undefined disposed:false
1220 http fetch GET 200 https://registry.npmjs.org/@typescript-eslint%2ftypes 1012ms (cache miss)
1221 silly packumentCache full:https://registry.npmjs.org/@typescript-eslint%2ftypes set size:undefined disposed:false
1222 http fetch GET 200 https://registry.npmjs.org/es-iterator-helpers 171ms (cache miss)
1223 silly packumentCache full:https://registry.npmjs.org/es-iterator-helpers set size:undefined disposed:false
1224 http fetch GET 200 https://registry.npmjs.org/axe-core 1197ms (cache miss)
1225 silly packumentCache full:https://registry.npmjs.org/axe-core set size:undefined disposed:false
1226 silly placeDep ROOT glob@10.3.10 OK for: @next/eslint-plugin-next@14.2.5 want: 10.3.10
1227 silly fetch manifest minipass@^5.0.0 || ^6.0.2 || ^7.0.0
1228 silly packumentCache full:https://registry.npmjs.org/minipass cache-miss
1229 silly fetch manifest jackspeak@^2.3.5
1230 silly packumentCache full:https://registry.npmjs.org/jackspeak cache-miss
1231 silly fetch manifest minimatch@^9.0.1
1232 silly packumentCache full:https://registry.npmjs.org/minimatch cache-hit
1233 silly fetch manifest path-scurry@^1.10.1
1234 silly packumentCache full:https://registry.npmjs.org/path-scurry cache-miss
1235 silly fetch manifest foreground-child@^3.1.0
1236 silly packumentCache full:https://registry.npmjs.org/foreground-child cache-miss
1237 http fetch GET 200 https://registry.npmjs.org/foreground-child 53ms (cache miss)
1238 silly packumentCache full:https://registry.npmjs.org/foreground-child set size:undefined disposed:false
1239 http fetch GET 200 https://registry.npmjs.org/jackspeak 54ms (cache miss)
1240 silly packumentCache full:https://registry.npmjs.org/jackspeak set size:undefined disposed:false
1241 http fetch GET 200 https://registry.npmjs.org/minipass 57ms (cache miss)
1242 silly packumentCache full:https://registry.npmjs.org/minipass set size:undefined disposed:false
1243 http fetch GET 200 https://registry.npmjs.org/path-scurry 303ms (cache miss)
1244 silly packumentCache full:https://registry.npmjs.org/path-scurry set size:undefined disposed:false
1245 silly placeDep ROOT @typescript-eslint/scope-manager@7.2.0 OK for: @typescript-eslint/parser@7.2.0 want: 7.2.0
1246 silly placeDep ROOT @typescript-eslint/types@7.2.0 OK for: @typescript-eslint/parser@7.2.0 want: 7.2.0
1247 silly placeDep ROOT @typescript-eslint/typescript-estree@7.2.0 OK for: @typescript-eslint/parser@7.2.0 want: 7.2.0
1248 silly placeDep ROOT @typescript-eslint/visitor-keys@7.2.0 OK for: @typescript-eslint/parser@7.2.0 want: 7.2.0
1249 silly fetch manifest globby@^11.1.0
1250 silly packumentCache full:https://registry.npmjs.org/globby cache-miss
1251 silly fetch manifest semver@^7.5.4
1252 silly packumentCache full:https://registry.npmjs.org/semver cache-miss
1253 silly fetch manifest minimatch@9.0.3
1254 silly packumentCache full:https://registry.npmjs.org/minimatch cache-hit
1255 silly fetch manifest ts-api-utils@^1.0.1
1256 silly packumentCache full:https://registry.npmjs.org/ts-api-utils cache-miss
1257 http cache https://registry.npmjs.org/semver 3ms (cache hit)
1258 silly packumentCache full:https://registry.npmjs.org/semver set size:246069 disposed:false
1259 http fetch GET 200 https://registry.npmjs.org/globby 46ms (cache miss)
1260 silly packumentCache full:https://registry.npmjs.org/globby set size:undefined disposed:false
1261 http fetch GET 200 https://registry.npmjs.org/ts-api-utils 220ms (cache miss)
1262 silly packumentCache full:https://registry.npmjs.org/ts-api-utils set size:undefined disposed:false
1263 silly placeDep ROOT globby@11.1.0 OK for: @typescript-eslint/typescript-estree@7.2.0 want: ^11.1.0
1264 silly placeDep node_modules/@typescript-eslint/typescript-estree minimatch@9.0.3 OK for: @typescript-eslint/typescript-estree@7.2.0 want: 9.0.3
1265 silly placeDep ROOT semver@7.8.5 OK for: @typescript-eslint/typescript-estree@7.2.0 want: ^7.5.4
1266 silly placeDep ROOT ts-api-utils@1.4.3 OK for: @typescript-eslint/typescript-estree@7.2.0 want: ^1.0.1
1267 silly fetch manifest slash@^3.0.0
1268 silly packumentCache full:https://registry.npmjs.org/slash cache-miss
1269 silly fetch manifest merge2@^1.4.1
1270 silly packumentCache full:https://registry.npmjs.org/merge2 cache-miss
1271 silly fetch manifest dir-glob@^3.0.1
1272 silly packumentCache full:https://registry.npmjs.org/dir-glob cache-miss
1273 silly fetch manifest fast-glob@^3.2.9
1274 silly packumentCache full:https://registry.npmjs.org/fast-glob cache-miss
1275 silly fetch manifest array-union@^2.1.0
1276 silly packumentCache full:https://registry.npmjs.org/array-union cache-miss
1277 silly fetch manifest brace-expansion@^2.0.1
1278 silly packumentCache full:https://registry.npmjs.org/brace-expansion cache-miss
1279 http cache https://registry.npmjs.org/brace-expansion 5ms (cache hit)
1280 silly packumentCache full:https://registry.npmjs.org/brace-expansion set size:101024 disposed:false
1281 http cache https://registry.npmjs.org/fast-glob 7ms (cache hit)
1282 silly packumentCache full:https://registry.npmjs.org/fast-glob set size:220556 disposed:false
1283 http fetch GET 200 https://registry.npmjs.org/slash 36ms (cache miss)
1284 silly packumentCache full:https://registry.npmjs.org/slash set size:undefined disposed:false
1285 http fetch GET 200 https://registry.npmjs.org/dir-glob 36ms (cache miss)
1286 silly packumentCache full:https://registry.npmjs.org/dir-glob set size:undefined disposed:false
1287 http fetch GET 200 https://registry.npmjs.org/array-union 36ms (cache miss)
1288 silly packumentCache full:https://registry.npmjs.org/array-union set size:undefined disposed:false
1289 http fetch GET 200 https://registry.npmjs.org/merge2 43ms (cache miss)
1290 silly packumentCache full:https://registry.npmjs.org/merge2 set size:undefined disposed:false
1291 silly placeDep node_modules/eslint-import-resolver-node debug@3.2.7 OK for: eslint-import-resolver-node@0.3.10 want: ^3.2.7
1292 silly placeDep ROOT is-core-module@2.16.2 OK for: eslint-import-resolver-node@0.3.10 want: ^2.16.1
1293 silly placeDep ROOT resolve@2.0.0-next.7 OK for: eslint-import-resolver-node@0.3.10 want: ^2.0.0-next.6
1294 silly fetch manifest hasown@^2.0.3
1295 silly packumentCache full:https://registry.npmjs.org/hasown cache-miss
1296 silly fetch manifest es-errors@^1.3.0
1297 silly packumentCache full:https://registry.npmjs.org/es-errors cache-miss
1298 silly fetch manifest node-exports-info@^1.6.0
1299 silly packumentCache full:https://registry.npmjs.org/node-exports-info cache-miss
1300 silly fetch manifest object-keys@^1.1.1
1301 silly packumentCache full:https://registry.npmjs.org/object-keys cache-miss
1302 silly fetch manifest path-parse@^1.0.7
1303 silly packumentCache full:https://registry.npmjs.org/path-parse cache-miss
1304 silly fetch manifest supports-preserve-symlinks-flag@^1.0.0
1305 silly packumentCache full:https://registry.npmjs.org/supports-preserve-symlinks-flag cache-miss
1306 http cache https://registry.npmjs.org/hasown 5ms (cache hit)
1307 silly packumentCache full:https://registry.npmjs.org/hasown set size:18361 disposed:false
1308 http fetch GET 200 https://registry.npmjs.org/supports-preserve-symlinks-flag 32ms (cache miss)
1309 silly packumentCache full:https://registry.npmjs.org/supports-preserve-symlinks-flag set size:undefined disposed:false
1310 http fetch GET 200 https://registry.npmjs.org/path-parse 33ms (cache miss)
1311 silly packumentCache full:https://registry.npmjs.org/path-parse set size:undefined disposed:false
1312 http fetch GET 200 https://registry.npmjs.org/node-exports-info 38ms (cache miss)
1313 silly packumentCache full:https://registry.npmjs.org/node-exports-info set size:undefined disposed:false
1314 http fetch GET 200 https://registry.npmjs.org/es-errors 39ms (cache miss)
1315 silly packumentCache full:https://registry.npmjs.org/es-errors set size:undefined disposed:false
1316 http fetch GET 200 https://registry.npmjs.org/object-keys 82ms (cache miss)
1317 silly packumentCache full:https://registry.npmjs.org/object-keys set size:undefined disposed:false
1318 silly placeDep ROOT @nolyfill/is-core-module@1.0.39 OK for: eslint-import-resolver-typescript@3.10.1 want: 1.0.39
1319 silly placeDep ROOT get-tsconfig@4.14.1 OK for: eslint-import-resolver-typescript@3.10.1 want: ^4.10.0
1320 silly placeDep ROOT is-bun-module@2.0.0 OK for: eslint-import-resolver-typescript@3.10.1 want: ^2.0.0
1321 silly placeDep ROOT stable-hash@0.0.5 OK for: eslint-import-resolver-typescript@3.10.1 want: ^0.0.5
1322 silly placeDep ROOT tinyglobby@0.2.17 OK for: eslint-import-resolver-typescript@3.10.1 want: ^0.2.13
1323 silly placeDep ROOT unrs-resolver@1.12.2 OK for: eslint-import-resolver-typescript@3.10.1 want: ^1.6.2
1324 silly fetch manifest resolve-pkg-maps@^1.0.0
1325 silly packumentCache full:https://registry.npmjs.org/resolve-pkg-maps cache-miss
1326 silly fetch manifest fdir@^6.5.0
1327 silly packumentCache full:https://registry.npmjs.org/fdir cache-miss
1328 silly fetch manifest picomatch@^4.0.4
1329 silly packumentCache full:https://registry.npmjs.org/picomatch cache-miss
1330 silly fetch manifest napi-postinstall@^0.3.4
1331 silly packumentCache full:https://registry.npmjs.org/napi-postinstall cache-miss
1332 silly fetch manifest @unrs/resolver-binding-darwin-arm64@1.12.2
1333 silly packumentCache full:https://registry.npmjs.org/@unrs%2fresolver-binding-darwin-arm64 cache-miss
1334 silly fetch manifest @unrs/resolver-binding-android-arm64@1.12.2
1335 silly packumentCache full:https://registry.npmjs.org/@unrs%2fresolver-binding-android-arm64 cache-miss
1336 silly fetch manifest @unrs/resolver-binding-win32-arm64-msvc@1.12.2
1337 silly packumentCache full:https://registry.npmjs.org/@unrs%2fresolver-binding-win32-arm64-msvc cache-miss
1338 http fetch GET 200 https://registry.npmjs.org/resolve-pkg-maps 42ms (cache miss)
1339 silly packumentCache full:https://registry.npmjs.org/resolve-pkg-maps set size:undefined disposed:false
1340 silly fetch manifest @unrs/resolver-binding-linux-arm64-gnu@1.12.2
1341 silly packumentCache full:https://registry.npmjs.org/@unrs%2fresolver-binding-linux-arm64-gnu cache-miss
1342 http fetch GET 200 https://registry.npmjs.org/napi-postinstall 43ms (cache miss)
1343 silly packumentCache full:https://registry.npmjs.org/napi-postinstall set size:undefined disposed:false
1344 silly fetch manifest @unrs/resolver-binding-linux-arm64-musl@1.12.2
1345 silly packumentCache full:https://registry.npmjs.org/@unrs%2fresolver-binding-linux-arm64-musl cache-miss
1346 http fetch GET 200 https://registry.npmjs.org/picomatch 46ms (cache miss)
1347 silly packumentCache full:https://registry.npmjs.org/picomatch set size:undefined disposed:false
1348 silly fetch manifest @unrs/resolver-binding-openharmony-arm64@1.12.2
1349 silly packumentCache full:https://registry.npmjs.org/@unrs%2fresolver-binding-openharmony-arm64 cache-miss
1350 http fetch GET 200 https://registry.npmjs.org/fdir 52ms (cache miss)
1351 silly packumentCache full:https://registry.npmjs.org/fdir set size:undefined disposed:false
1352 silly fetch manifest @unrs/resolver-binding-android-arm-eabi@1.12.2
1353 silly packumentCache full:https://registry.npmjs.org/@unrs%2fresolver-binding-android-arm-eabi cache-miss
1354 http fetch GET 200 https://registry.npmjs.org/@unrs%2fresolver-binding-darwin-arm64 56ms (cache miss)
1355 silly packumentCache full:https://registry.npmjs.org/@unrs%2fresolver-binding-darwin-arm64 set size:undefined disposed:false
1356 silly fetch manifest @unrs/resolver-binding-linux-arm-gnueabihf@1.12.2
1357 silly packumentCache full:https://registry.npmjs.org/@unrs%2fresolver-binding-linux-arm-gnueabihf cache-miss
1358 http fetch GET 200 https://registry.npmjs.org/@unrs%2fresolver-binding-android-arm64 57ms (cache miss)
1359 silly packumentCache full:https://registry.npmjs.org/@unrs%2fresolver-binding-android-arm64 set size:undefined disposed:false
1360 silly fetch manifest @unrs/resolver-binding-linux-arm-musleabihf@1.12.2
1361 silly packumentCache full:https://registry.npmjs.org/@unrs%2fresolver-binding-linux-arm-musleabihf cache-miss
1362 http fetch GET 200 https://registry.npmjs.org/@unrs%2fresolver-binding-openharmony-arm64 42ms (cache miss)
1363 silly packumentCache full:https://registry.npmjs.org/@unrs%2fresolver-binding-openharmony-arm64 set size:undefined disposed:false
1364 silly fetch manifest @unrs/resolver-binding-win32-ia32-msvc@1.12.2
1365 silly packumentCache full:https://registry.npmjs.org/@unrs%2fresolver-binding-win32-ia32-msvc cache-miss
1366 http fetch GET 200 https://registry.npmjs.org/@unrs%2fresolver-binding-linux-arm64-musl 45ms (cache miss)
1367 silly packumentCache full:https://registry.npmjs.org/@unrs%2fresolver-binding-linux-arm64-musl set size:undefined disposed:false
1368 silly fetch manifest @unrs/resolver-binding-linux-loong64-gnu@1.12.2
1369 silly packumentCache full:https://registry.npmjs.org/@unrs%2fresolver-binding-linux-loong64-gnu cache-miss
1370 http fetch GET 200 https://registry.npmjs.org/@unrs%2fresolver-binding-linux-arm-gnueabihf 54ms (cache miss)
1371 silly packumentCache full:https://registry.npmjs.org/@unrs%2fresolver-binding-linux-arm-gnueabihf set size:undefined disposed:false
1372 silly fetch manifest @unrs/resolver-binding-linux-loong64-musl@1.12.2
1373 silly packumentCache full:https://registry.npmjs.org/@unrs%2fresolver-binding-linux-loong64-musl cache-miss
1374 http fetch GET 200 https://registry.npmjs.org/@unrs%2fresolver-binding-android-arm-eabi 57ms (cache miss)
1375 silly packumentCache full:https://registry.npmjs.org/@unrs%2fresolver-binding-android-arm-eabi set size:undefined disposed:false
1376 silly fetch manifest @unrs/resolver-binding-linux-ppc64-gnu@1.12.2
1377 silly packumentCache full:https://registry.npmjs.org/@unrs%2fresolver-binding-linux-ppc64-gnu cache-miss
1378 http fetch GET 200 https://registry.npmjs.org/@unrs%2fresolver-binding-win32-ia32-msvc 41ms (cache miss)
1379 silly packumentCache full:https://registry.npmjs.org/@unrs%2fresolver-binding-win32-ia32-msvc set size:undefined disposed:false
1380 silly fetch manifest @unrs/resolver-binding-linux-riscv64-gnu@1.12.2
1381 silly packumentCache full:https://registry.npmjs.org/@unrs%2fresolver-binding-linux-riscv64-gnu cache-miss
1382 http fetch GET 200 https://registry.npmjs.org/@unrs%2fresolver-binding-linux-arm64-gnu 233ms (cache miss)
1383 silly packumentCache full:https://registry.npmjs.org/@unrs%2fresolver-binding-linux-arm64-gnu set size:undefined disposed:false
1384 silly fetch manifest @unrs/resolver-binding-linux-riscv64-musl@1.12.2
1385 silly packumentCache full:https://registry.npmjs.org/@unrs%2fresolver-binding-linux-riscv64-musl cache-miss
1386 http fetch GET 200 https://registry.npmjs.org/@unrs%2fresolver-binding-linux-loong64-gnu 233ms (cache miss)
1387 silly packumentCache full:https://registry.npmjs.org/@unrs%2fresolver-binding-linux-loong64-gnu set size:undefined disposed:false
1388 silly fetch manifest @unrs/resolver-binding-linux-s390x-gnu@1.12.2
1389 silly packumentCache full:https://registry.npmjs.org/@unrs%2fresolver-binding-linux-s390x-gnu cache-miss
1390 http fetch GET 200 https://registry.npmjs.org/@unrs%2fresolver-binding-win32-arm64-msvc 352ms (cache miss)
1391 silly packumentCache full:https://registry.npmjs.org/@unrs%2fresolver-binding-win32-arm64-msvc set size:undefined disposed:false
1392 silly fetch manifest @unrs/resolver-binding-wasm32-wasi@1.12.2
1393 silly packumentCache full:https://registry.npmjs.org/@unrs%2fresolver-binding-wasm32-wasi cache-miss
1394 http fetch GET 200 https://registry.npmjs.org/@unrs%2fresolver-binding-linux-s390x-gnu 51ms (cache miss)
1395 silly packumentCache full:https://registry.npmjs.org/@unrs%2fresolver-binding-linux-s390x-gnu set size:undefined disposed:false
1396 silly fetch manifest @unrs/resolver-binding-darwin-x64@1.12.2
1397 silly packumentCache full:https://registry.npmjs.org/@unrs%2fresolver-binding-darwin-x64 cache-miss
1398 http fetch GET 200 https://registry.npmjs.org/@unrs%2fresolver-binding-linux-loong64-musl 278ms (cache miss)
1399 silly packumentCache full:https://registry.npmjs.org/@unrs%2fresolver-binding-linux-loong64-musl set size:undefined disposed:false
1400 silly fetch manifest @unrs/resolver-binding-win32-x64-msvc@1.12.2
1401 silly packumentCache full:https://registry.npmjs.org/@unrs%2fresolver-binding-win32-x64-msvc cache-miss
1402 http fetch GET 200 https://registry.npmjs.org/@unrs%2fresolver-binding-linux-riscv64-gnu 277ms (cache miss)
1403 silly packumentCache full:https://registry.npmjs.org/@unrs%2fresolver-binding-linux-riscv64-gnu set size:undefined disposed:false
1404 silly fetch manifest @unrs/resolver-binding-freebsd-x64@1.12.2
1405 silly packumentCache full:https://registry.npmjs.org/@unrs%2fresolver-binding-freebsd-x64 cache-miss
1406 http fetch GET 200 https://registry.npmjs.org/@unrs%2fresolver-binding-darwin-x64 47ms (cache miss)
1407 silly packumentCache full:https://registry.npmjs.org/@unrs%2fresolver-binding-darwin-x64 set size:undefined disposed:false
1408 silly fetch manifest @unrs/resolver-binding-linux-x64-gnu@1.12.2
1409 silly packumentCache full:https://registry.npmjs.org/@unrs%2fresolver-binding-linux-x64-gnu cache-miss
1410 http fetch GET 200 https://registry.npmjs.org/@unrs%2fresolver-binding-linux-ppc64-gnu 310ms (cache miss)
1411 silly packumentCache full:https://registry.npmjs.org/@unrs%2fresolver-binding-linux-ppc64-gnu set size:undefined disposed:false
1412 silly fetch manifest @unrs/resolver-binding-linux-x64-musl@1.12.2
1413 silly packumentCache full:https://registry.npmjs.org/@unrs%2fresolver-binding-linux-x64-musl cache-miss
1414 http fetch GET 200 https://registry.npmjs.org/@unrs%2fresolver-binding-win32-x64-msvc 42ms (cache miss)
1415 silly packumentCache full:https://registry.npmjs.org/@unrs%2fresolver-binding-win32-x64-msvc set size:undefined disposed:false
1416 http fetch GET 200 https://registry.npmjs.org/@unrs%2fresolver-binding-wasm32-wasi 81ms (cache miss)
1417 silly packumentCache full:https://registry.npmjs.org/@unrs%2fresolver-binding-wasm32-wasi set size:undefined disposed:false
1418 http fetch GET 200 https://registry.npmjs.org/@unrs%2fresolver-binding-linux-x64-musl 54ms (cache miss)
1419 silly packumentCache full:https://registry.npmjs.org/@unrs%2fresolver-binding-linux-x64-musl set size:undefined disposed:false
1420 http fetch GET 200 https://registry.npmjs.org/@unrs%2fresolver-binding-linux-riscv64-musl 285ms (cache miss)
1421 silly packumentCache full:https://registry.npmjs.org/@unrs%2fresolver-binding-linux-riscv64-musl set size:undefined disposed:false
1422 http fetch GET 200 https://registry.npmjs.org/@unrs%2fresolver-binding-linux-arm-musleabihf 533ms (cache miss)
1423 silly packumentCache full:https://registry.npmjs.org/@unrs%2fresolver-binding-linux-arm-musleabihf set size:undefined disposed:false
1424 http fetch GET 200 https://registry.npmjs.org/@unrs%2fresolver-binding-freebsd-x64 284ms (cache miss)
1425 silly packumentCache full:https://registry.npmjs.org/@unrs%2fresolver-binding-freebsd-x64 set size:undefined disposed:false
1426 http fetch GET 200 https://registry.npmjs.org/@unrs%2fresolver-binding-linux-x64-gnu 281ms (cache miss)
1427 silly packumentCache full:https://registry.npmjs.org/@unrs%2fresolver-binding-linux-x64-gnu set size:undefined disposed:false
1428 silly placeDep ROOT @rtsao/scc@1.1.0 OK for: eslint-plugin-import@2.32.0 want: ^1.1.0
1429 silly placeDep ROOT array-includes@3.1.9 OK for: eslint-plugin-import@2.32.0 want: ^3.1.9
1430 silly placeDep ROOT array.prototype.findlastindex@1.2.6 OK for: eslint-plugin-import@2.32.0 want: ^1.2.6
1431 silly placeDep ROOT array.prototype.flat@1.3.3 OK for: eslint-plugin-import@2.32.0 want: ^1.3.3
1432 silly placeDep ROOT array.prototype.flatmap@1.3.3 OK for: eslint-plugin-import@2.32.0 want: ^1.3.3
1433 silly placeDep node_modules/eslint-plugin-import debug@3.2.7 OK for: eslint-plugin-import@2.32.0 want: ^3.2.7
1434 silly placeDep node_modules/eslint-plugin-import doctrine@2.1.0 OK for: eslint-plugin-import@2.32.0 want: ^2.1.0
1435 silly placeDep ROOT eslint-module-utils@2.14.0 OK for: eslint-plugin-import@2.32.0 want: ^2.12.1
1436 silly placeDep ROOT hasown@2.0.4 OK for: eslint-plugin-import@2.32.0 want: ^2.0.2
1437 silly placeDep ROOT object.fromentries@2.0.8 OK for: eslint-plugin-import@2.32.0 want: ^2.0.8
1438 silly placeDep ROOT object.groupby@1.0.3 OK for: eslint-plugin-import@2.32.0 want: ^1.0.3
1439 silly placeDep ROOT object.values@1.2.1 OK for: eslint-plugin-import@2.32.0 want: ^1.2.1
1440 silly placeDep node_modules/eslint-plugin-import semver@6.3.1 OK for: eslint-plugin-import@2.32.0 want: ^6.3.1
1441 silly placeDep ROOT string.prototype.trimend@1.0.10 OK for: eslint-plugin-import@2.32.0 want: ^1.0.9
1442 silly placeDep ROOT tsconfig-paths@3.15.0 OK for: eslint-plugin-import@2.32.0 want: ^3.15.0
1443 silly fetch manifest call-bind@^1.0.8
1444 silly packumentCache full:https://registry.npmjs.org/call-bind cache-miss
1445 silly fetch manifest call-bound@^1.0.4
1446 silly packumentCache full:https://registry.npmjs.org/call-bound cache-miss
1447 silly fetch manifest define-properties@^1.2.1
1448 silly packumentCache full:https://registry.npmjs.org/define-properties cache-miss
1449 silly fetch manifest es-abstract@^1.24.0
1450 silly packumentCache full:https://registry.npmjs.org/es-abstract cache-miss
1451 silly fetch manifest es-object-atoms@^1.1.1
1452 silly packumentCache full:https://registry.npmjs.org/es-object-atoms cache-miss
1453 silly fetch manifest get-intrinsic@^1.3.0
1454 silly packumentCache full:https://registry.npmjs.org/get-intrinsic cache-miss
1455 silly fetch manifest is-string@^1.1.1
1456 silly packumentCache full:https://registry.npmjs.org/is-string cache-miss
1457 http fetch GET 200 https://registry.npmjs.org/is-string 36ms (cache miss)
1458 silly packumentCache full:https://registry.npmjs.org/is-string set size:undefined disposed:false
1459 silly fetch manifest math-intrinsics@^1.1.0
1460 silly packumentCache full:https://registry.npmjs.org/math-intrinsics cache-miss
1461 http fetch GET 200 https://registry.npmjs.org/call-bind 42ms (cache miss)
1462 silly packumentCache full:https://registry.npmjs.org/call-bind set size:undefined disposed:false
1463 silly fetch manifest call-bound@^1.0.4
1464 silly packumentCache full:https://registry.npmjs.org/call-bound cache-miss
1465 http fetch GET 200 https://registry.npmjs.org/define-properties 43ms (cache miss)
1466 silly packumentCache full:https://registry.npmjs.org/define-properties set size:undefined disposed:false
1467 silly fetch manifest es-abstract@^1.23.9
1468 silly packumentCache full:https://registry.npmjs.org/es-abstract cache-miss
1469 http fetch GET 200 https://registry.npmjs.org/es-object-atoms 44ms (cache miss)
1470 silly packumentCache full:https://registry.npmjs.org/es-object-atoms set size:undefined disposed:false
1471 silly fetch manifest es-shim-unscopables@^1.1.0
1472 silly packumentCache full:https://registry.npmjs.org/es-shim-unscopables cache-miss
1473 http fetch GET 200 https://registry.npmjs.org/get-intrinsic 45ms (cache miss)
1474 silly packumentCache full:https://registry.npmjs.org/get-intrinsic set size:undefined disposed:false
1475 silly fetch manifest es-abstract@^1.23.5
1476 silly packumentCache full:https://registry.npmjs.org/es-abstract cache-miss
1477 http fetch GET 200 https://registry.npmjs.org/es-abstract 54ms (cache miss)
1478 silly packumentCache full:https://registry.npmjs.org/es-abstract set size:undefined disposed:false
1479 silly fetch manifest es-shim-unscopables@^1.0.2
1480 silly packumentCache full:https://registry.npmjs.org/es-shim-unscopables cache-miss
1481 http fetch GET 200 https://registry.npmjs.org/math-intrinsics 32ms (cache miss)
1482 silly packumentCache full:https://registry.npmjs.org/math-intrinsics set size:undefined disposed:false
1483 silly fetch manifest es-abstract@^1.23.5
1484 silly packumentCache full:https://registry.npmjs.org/es-abstract cache-miss
1485 http cache https://registry.npmjs.org/es-abstract 1ms (cache hit)
1486 silly packumentCache full:https://registry.npmjs.org/es-abstract set size:384124 disposed:false
1487 silly fetch manifest es-shim-unscopables@^1.0.2
1488 silly packumentCache full:https://registry.npmjs.org/es-shim-unscopables cache-miss
1489 http fetch GET 200 https://registry.npmjs.org/es-shim-unscopables 40ms (cache miss)
1490 silly packumentCache full:https://registry.npmjs.org/es-shim-unscopables set size:undefined disposed:false
1491 silly fetch manifest function-bind@^1.1.2
1492 silly packumentCache full:https://registry.npmjs.org/function-bind cache-miss
1493 http fetch GET 200 https://registry.npmjs.org/es-shim-unscopables 31ms (cache miss)
1494 silly packumentCache full:https://registry.npmjs.org/es-shim-unscopables set size:undefined disposed:false
1495 silly fetch manifest call-bind@^1.0.7
1496 silly packumentCache full:https://registry.npmjs.org/call-bind cache-miss
1497 http cache https://registry.npmjs.org/call-bind 1ms (cache hit)
1498 silly packumentCache full:https://registry.npmjs.org/call-bind set size:32985 disposed:false
1499 silly fetch manifest es-abstract@^1.23.2
1500 silly packumentCache full:https://registry.npmjs.org/es-abstract cache-hit
1501 silly fetch manifest es-object-atoms@^1.0.0
1502 silly packumentCache full:https://registry.npmjs.org/es-object-atoms cache-miss
1503 http cache https://registry.npmjs.org/es-object-atoms 1ms (cache hit)
1504 silly packumentCache full:https://registry.npmjs.org/es-object-atoms set size:18278 disposed:false
1505 silly fetch manifest call-bound@^1.0.3
1506 silly packumentCache full:https://registry.npmjs.org/call-bound cache-miss
1507 http fetch GET 200 https://registry.npmjs.org/es-shim-unscopables 36ms (cache miss)
1508 silly packumentCache full:https://registry.npmjs.org/es-shim-unscopables set size:undefined disposed:false
1509 silly fetch manifest call-bind@^1.0.9
1510 silly packumentCache full:https://registry.npmjs.org/call-bind cache-hit
1511 silly fetch manifest call-bound@^1.0.4
1512 silly packumentCache full:https://registry.npmjs.org/call-bound cache-miss
1513 http fetch GET 200 https://registry.npmjs.org/es-abstract 66ms (cache miss)
1514 silly packumentCache full:https://registry.npmjs.org/es-abstract set size:undefined disposed:false
1515 silly packumentCache full:https://registry.npmjs.org/es-abstract dispose
1516 silly fetch manifest es-object-atoms@^1.1.2
1517 silly packumentCache full:https://registry.npmjs.org/es-object-atoms cache-hit
1518 silly fetch manifest json5@^1.0.2
1519 silly packumentCache full:https://registry.npmjs.org/json5 cache-miss
1520 http fetch GET 200 https://registry.npmjs.org/es-abstract 69ms (cache miss)
1521 silly packumentCache full:https://registry.npmjs.org/es-abstract set size:undefined disposed:true
1522 silly fetch manifest minimist@^1.2.6
1523 silly packumentCache full:https://registry.npmjs.org/minimist cache-miss
1524 http fetch GET 200 https://registry.npmjs.org/function-bind 39ms (cache miss)
1525 silly packumentCache full:https://registry.npmjs.org/function-bind set size:undefined disposed:false
1526 silly fetch manifest strip-bom@^3.0.0
1527 silly packumentCache full:https://registry.npmjs.org/strip-bom cache-miss
1528 http fetch GET 200 https://registry.npmjs.org/json5 38ms (cache miss)
1529 silly packumentCache full:https://registry.npmjs.org/json5 set size:undefined disposed:false
1530 silly fetch manifest @types/json5@^0.0.29
1531 silly packumentCache full:https://registry.npmjs.org/@types%2fjson5 cache-miss
1532 http fetch GET 200 https://registry.npmjs.org/strip-bom 35ms (cache miss)
1533 silly packumentCache full:https://registry.npmjs.org/strip-bom set size:undefined disposed:false
1534 http fetch GET 200 https://registry.npmjs.org/minimist 45ms (cache miss)
1535 silly packumentCache full:https://registry.npmjs.org/minimist set size:undefined disposed:false
1536 http fetch GET 200 https://registry.npmjs.org/@types%2fjson5 36ms (cache miss)
1537 silly packumentCache full:https://registry.npmjs.org/@types%2fjson5 set size:undefined disposed:false
1538 http fetch GET 200 https://registry.npmjs.org/call-bound 166ms (cache miss)
1539 silly packumentCache full:https://registry.npmjs.org/call-bound set size:undefined disposed:false
1540 http fetch GET 200 https://registry.npmjs.org/call-bound 185ms (cache miss)
1541 silly packumentCache full:https://registry.npmjs.org/call-bound set size:undefined disposed:false
1542 http fetch GET 200 https://registry.npmjs.org/call-bound 235ms (cache miss)
1543 silly packumentCache full:https://registry.npmjs.org/call-bound set size:undefined disposed:false
1544 http fetch GET 200 https://registry.npmjs.org/call-bound 286ms (cache miss)
1545 silly packumentCache full:https://registry.npmjs.org/call-bound set size:undefined disposed:false
1546 silly placeDep ROOT call-bind@1.0.9 OK for: array-includes@3.1.9 want: ^1.0.8
1547 silly placeDep ROOT call-bound@1.0.4 OK for: array-includes@3.1.9 want: ^1.0.4
1548 silly placeDep ROOT define-properties@1.2.1 OK for: array-includes@3.1.9 want: ^1.2.1
1549 silly placeDep ROOT es-abstract@1.24.2 OK for: array-includes@3.1.9 want: ^1.24.0
1550 silly placeDep ROOT es-object-atoms@1.1.2 OK for: array-includes@3.1.9 want: ^1.1.1
1551 silly placeDep ROOT get-intrinsic@1.3.0 OK for: array-includes@3.1.9 want: ^1.3.0
1552 silly placeDep ROOT is-string@1.1.1 OK for: array-includes@3.1.9 want: ^1.1.1
1553 silly placeDep ROOT math-intrinsics@1.1.0 OK for: array-includes@3.1.9 want: ^1.1.0
1554 silly fetch manifest call-bind-apply-helpers@^1.0.2
1555 silly packumentCache full:https://registry.npmjs.org/call-bind-apply-helpers cache-miss
1556 silly fetch manifest es-define-property@^1.0.1
1557 silly packumentCache full:https://registry.npmjs.org/es-define-property cache-miss
1558 silly fetch manifest set-function-length@^1.2.2
1559 silly packumentCache full:https://registry.npmjs.org/set-function-length cache-miss
1560 silly fetch manifest call-bind-apply-helpers@^1.0.2
1561 silly packumentCache full:https://registry.npmjs.org/call-bind-apply-helpers cache-miss
1562 silly fetch manifest define-data-property@^1.0.1
1563 silly packumentCache full:https://registry.npmjs.org/define-data-property cache-miss
1564 silly fetch manifest has-property-descriptors@^1.0.0
1565 silly packumentCache full:https://registry.npmjs.org/has-property-descriptors cache-miss
1566 silly fetch manifest array-buffer-byte-length@^1.0.2
1567 silly packumentCache full:https://registry.npmjs.org/array-buffer-byte-length cache-miss
1568 http fetch GET 200 https://registry.npmjs.org/has-property-descriptors 31ms (cache miss)
1569 silly packumentCache full:https://registry.npmjs.org/has-property-descriptors set size:undefined disposed:false
1570 silly fetch manifest arraybuffer.prototype.slice@^1.0.4
1571 silly packumentCache full:https://registry.npmjs.org/arraybuffer.prototype.slice cache-miss
1572 http fetch GET 200 https://registry.npmjs.org/call-bind-apply-helpers 32ms (cache miss)
1573 silly packumentCache full:https://registry.npmjs.org/call-bind-apply-helpers set size:undefined disposed:false
1574 silly fetch manifest available-typed-arrays@^1.0.7
1575 silly packumentCache full:https://registry.npmjs.org/available-typed-arrays cache-miss
1576 http fetch GET 200 https://registry.npmjs.org/call-bind-apply-helpers 34ms (cache miss)
1577 silly packumentCache full:https://registry.npmjs.org/call-bind-apply-helpers set size:undefined disposed:false
1578 silly fetch manifest data-view-buffer@^1.0.2
1579 silly packumentCache full:https://registry.npmjs.org/data-view-buffer cache-miss
1580 http fetch GET 200 https://registry.npmjs.org/set-function-length 35ms (cache miss)
1581 silly packumentCache full:https://registry.npmjs.org/set-function-length set size:undefined disposed:false
1582 silly fetch manifest data-view-byte-length@^1.0.2
1583 silly packumentCache full:https://registry.npmjs.org/data-view-byte-length cache-miss
1584 http fetch GET 200 https://registry.npmjs.org/define-data-property 34ms (cache miss)
1585 silly packumentCache full:https://registry.npmjs.org/define-data-property set size:undefined disposed:false
1586 silly fetch manifest data-view-byte-offset@^1.0.1
1587 silly packumentCache full:https://registry.npmjs.org/data-view-byte-offset cache-miss
1588 http fetch GET 200 https://registry.npmjs.org/es-define-property 38ms (cache miss)
1589 silly packumentCache full:https://registry.npmjs.org/es-define-property set size:undefined disposed:false
1590 silly fetch manifest es-set-tostringtag@^2.1.0
1591 silly packumentCache full:https://registry.npmjs.org/es-set-tostringtag cache-miss
1592 http fetch GET 200 https://registry.npmjs.org/array-buffer-byte-length 42ms (cache miss)
1593 silly packumentCache full:https://registry.npmjs.org/array-buffer-byte-length set size:undefined disposed:false
1594 silly fetch manifest es-to-primitive@^1.3.0
1595 silly packumentCache full:https://registry.npmjs.org/es-to-primitive cache-miss
1596 http fetch GET 200 https://registry.npmjs.org/available-typed-arrays 31ms (cache miss)
1597 silly packumentCache full:https://registry.npmjs.org/available-typed-arrays set size:undefined disposed:false
1598 silly fetch manifest function.prototype.name@^1.1.8
1599 silly packumentCache full:https://registry.npmjs.org/function.prototype.name cache-miss
1600 http fetch GET 200 https://registry.npmjs.org/data-view-buffer 33ms (cache miss)
1601 silly packumentCache full:https://registry.npmjs.org/data-view-buffer set size:undefined disposed:false
1602 silly fetch manifest get-proto@^1.0.1
1603 silly packumentCache full:https://registry.npmjs.org/get-proto cache-miss
1604 http fetch GET 200 https://registry.npmjs.org/data-view-byte-length 34ms (cache miss)
1605 silly packumentCache full:https://registry.npmjs.org/data-view-byte-length set size:undefined disposed:false
1606 silly fetch manifest get-symbol-description@^1.1.0
1607 silly packumentCache full:https://registry.npmjs.org/get-symbol-description cache-miss
1608 http fetch GET 200 https://registry.npmjs.org/arraybuffer.prototype.slice 36ms (cache miss)
1609 silly packumentCache full:https://registry.npmjs.org/arraybuffer.prototype.slice set size:undefined disposed:false
1610 silly fetch manifest globalthis@^1.0.4
1611 silly packumentCache full:https://registry.npmjs.org/globalthis cache-miss
1612 http fetch GET 200 https://registry.npmjs.org/data-view-byte-offset 34ms (cache miss)
1613 silly packumentCache full:https://registry.npmjs.org/data-view-byte-offset set size:undefined disposed:false
1614 silly fetch manifest gopd@^1.2.0
1615 silly packumentCache full:https://registry.npmjs.org/gopd cache-miss
1616 http fetch GET 200 https://registry.npmjs.org/es-set-tostringtag 35ms (cache miss)
1617 silly packumentCache full:https://registry.npmjs.org/es-set-tostringtag set size:undefined disposed:false
1618 silly fetch manifest has-property-descriptors@^1.0.2
1619 silly packumentCache full:https://registry.npmjs.org/has-property-descriptors cache-miss
1620 http cache https://registry.npmjs.org/has-property-descriptors 1ms (cache hit)
1621 silly packumentCache full:https://registry.npmjs.org/has-property-descriptors set size:12452 disposed:false
1622 silly fetch manifest has-proto@^1.2.0
1623 silly packumentCache full:https://registry.npmjs.org/has-proto cache-miss
1624 http fetch GET 200 https://registry.npmjs.org/function.prototype.name 33ms (cache miss)
1625 silly packumentCache full:https://registry.npmjs.org/function.prototype.name set size:undefined disposed:false
1626 silly fetch manifest has-symbols@^1.1.0
1627 silly packumentCache full:https://registry.npmjs.org/has-symbols cache-miss
1628 http fetch GET 200 https://registry.npmjs.org/get-proto 32ms (cache miss)
1629 silly packumentCache full:https://registry.npmjs.org/get-proto set size:undefined disposed:false
1630 silly fetch manifest internal-slot@^1.1.0
1631 silly packumentCache full:https://registry.npmjs.org/internal-slot cache-miss
1632 http fetch GET 200 https://registry.npmjs.org/es-to-primitive 59ms (cache miss)
1633 silly packumentCache full:https://registry.npmjs.org/es-to-primitive set size:undefined disposed:false
1634 silly fetch manifest is-array-buffer@^3.0.5
1635 silly packumentCache full:https://registry.npmjs.org/is-array-buffer cache-miss
1636 http fetch GET 200 https://registry.npmjs.org/get-symbol-description 34ms (cache miss)
1637 silly packumentCache full:https://registry.npmjs.org/get-symbol-description set size:undefined disposed:false
1638 silly fetch manifest is-callable@^1.2.7
1639 silly packumentCache full:https://registry.npmjs.org/is-callable cache-miss
1640 http fetch GET 200 https://registry.npmjs.org/gopd 33ms (cache miss)
1641 silly packumentCache full:https://registry.npmjs.org/gopd set size:undefined disposed:false
1642 silly fetch manifest is-data-view@^1.0.2
1643 silly packumentCache full:https://registry.npmjs.org/is-data-view cache-miss
1644 http fetch GET 200 https://registry.npmjs.org/globalthis 34ms (cache miss)
1645 silly packumentCache full:https://registry.npmjs.org/globalthis set size:undefined disposed:false
1646 silly fetch manifest is-negative-zero@^2.0.3
1647 silly packumentCache full:https://registry.npmjs.org/is-negative-zero cache-miss
1648 http fetch GET 200 https://registry.npmjs.org/has-proto 42ms (cache miss)
1649 silly packumentCache full:https://registry.npmjs.org/has-proto set size:undefined disposed:false
1650 silly fetch manifest is-regex@^1.2.1
1651 silly packumentCache full:https://registry.npmjs.org/is-regex cache-miss
1652 http fetch GET 200 https://registry.npmjs.org/has-symbols 32ms (cache miss)
1653 silly packumentCache full:https://registry.npmjs.org/has-symbols set size:undefined disposed:false
1654 silly fetch manifest is-set@^2.0.3
1655 silly packumentCache full:https://registry.npmjs.org/is-set cache-miss
1656 http fetch GET 200 https://registry.npmjs.org/is-data-view 30ms (cache miss)
1657 silly packumentCache full:https://registry.npmjs.org/is-data-view set size:undefined disposed:false
1658 silly fetch manifest is-shared-array-buffer@^1.0.4
1659 silly packumentCache full:https://registry.npmjs.org/is-shared-array-buffer cache-miss
1660 http fetch GET 200 https://registry.npmjs.org/internal-slot 36ms (cache miss)
1661 silly packumentCache full:https://registry.npmjs.org/internal-slot set size:undefined disposed:false
1662 silly fetch manifest is-typed-array@^1.1.15
1663 silly packumentCache full:https://registry.npmjs.org/is-typed-array cache-miss
1664 http fetch GET 200 https://registry.npmjs.org/is-negative-zero 32ms (cache miss)
1665 silly packumentCache full:https://registry.npmjs.org/is-negative-zero set size:undefined disposed:false
1666 silly fetch manifest is-weakref@^1.1.1
1667 silly packumentCache full:https://registry.npmjs.org/is-weakref cache-miss
1668 http fetch GET 200 https://registry.npmjs.org/is-callable 35ms (cache miss)
1669 silly packumentCache full:https://registry.npmjs.org/is-callable set size:undefined disposed:false
1670 silly fetch manifest object-inspect@^1.13.4
1671 silly packumentCache full:https://registry.npmjs.org/object-inspect cache-miss
1672 http fetch GET 200 https://registry.npmjs.org/is-regex 45ms (cache miss)
1673 silly packumentCache full:https://registry.npmjs.org/is-regex set size:undefined disposed:false
1674 silly fetch manifest object.assign@^4.1.7
1675 silly packumentCache full:https://registry.npmjs.org/object.assign cache-miss
1676 http fetch GET 200 https://registry.npmjs.org/is-set 32ms (cache miss)
1677 silly packumentCache full:https://registry.npmjs.org/is-set set size:undefined disposed:false
1678 silly fetch manifest own-keys@^1.0.1
1679 silly packumentCache full:https://registry.npmjs.org/own-keys cache-miss
1680 http fetch GET 200 https://registry.npmjs.org/is-array-buffer 63ms (cache miss)
1681 silly packumentCache full:https://registry.npmjs.org/is-array-buffer set size:undefined disposed:false
1682 silly fetch manifest regexp.prototype.flags@^1.5.4
1683 silly packumentCache full:https://registry.npmjs.org/regexp.prototype.flags cache-miss
1684 http fetch GET 200 https://registry.npmjs.org/is-shared-array-buffer 36ms (cache miss)
1685 silly packumentCache full:https://registry.npmjs.org/is-shared-array-buffer set size:undefined disposed:false
1686 silly fetch manifest safe-array-concat@^1.1.3
1687 silly packumentCache full:https://registry.npmjs.org/safe-array-concat cache-miss
1688 http fetch GET 200 https://registry.npmjs.org/is-weakref 35ms (cache miss)
1689 silly packumentCache full:https://registry.npmjs.org/is-weakref set size:undefined disposed:false
1690 silly fetch manifest safe-push-apply@^1.0.0
1691 silly packumentCache full:https://registry.npmjs.org/safe-push-apply cache-miss
1692 http fetch GET 200 https://registry.npmjs.org/object-inspect 34ms (cache miss)
1693 silly packumentCache full:https://registry.npmjs.org/object-inspect set size:undefined disposed:false
1694 silly fetch manifest safe-regex-test@^1.1.0
1695 silly packumentCache full:https://registry.npmjs.org/safe-regex-test cache-miss
1696 http cache https://registry.npmjs.org/safe-regex-test 2ms (cache hit)
1697 silly packumentCache full:https://registry.npmjs.org/safe-regex-test set size:17412 disposed:false
1698 silly fetch manifest set-proto@^1.0.0
1699 silly packumentCache full:https://registry.npmjs.org/set-proto cache-miss
1700 http fetch GET 200 https://registry.npmjs.org/is-typed-array 39ms (cache miss)
1701 silly packumentCache full:https://registry.npmjs.org/is-typed-array set size:undefined disposed:false
1702 silly fetch manifest stop-iteration-iterator@^1.1.0
1703 silly packumentCache full:https://registry.npmjs.org/stop-iteration-iterator cache-miss
1704 http fetch GET 200 https://registry.npmjs.org/own-keys 33ms (cache miss)
1705 silly packumentCache full:https://registry.npmjs.org/own-keys set size:undefined disposed:false
1706 silly fetch manifest string.prototype.trim@^1.2.10
1707 silly packumentCache full:https://registry.npmjs.org/string.prototype.trim cache-miss
1708 http fetch GET 200 https://registry.npmjs.org/safe-push-apply 33ms (cache miss)
1709 silly packumentCache full:https://registry.npmjs.org/safe-push-apply set size:undefined disposed:false
1710 silly fetch manifest string.prototype.trimstart@^1.0.8
1711 silly packumentCache full:https://registry.npmjs.org/string.prototype.trimstart cache-miss
1712 http fetch GET 200 https://registry.npmjs.org/safe-array-concat 34ms (cache miss)
1713 silly packumentCache full:https://registry.npmjs.org/safe-array-concat set size:undefined disposed:false
1714 silly fetch manifest typed-array-buffer@^1.0.3
1715 silly packumentCache full:https://registry.npmjs.org/typed-array-buffer cache-miss
1716 http fetch GET 200 https://registry.npmjs.org/set-proto 32ms (cache miss)
1717 silly packumentCache full:https://registry.npmjs.org/set-proto set size:undefined disposed:false
1718 silly fetch manifest typed-array-byte-length@^1.0.3
1719 silly packumentCache full:https://registry.npmjs.org/typed-array-byte-length cache-miss
1720 http fetch GET 200 https://registry.npmjs.org/object.assign 46ms (cache miss)
1721 silly packumentCache full:https://registry.npmjs.org/object.assign set size:undefined disposed:false
1722 silly fetch manifest typed-array-byte-offset@^1.0.4
1723 silly packumentCache full:https://registry.npmjs.org/typed-array-byte-offset cache-miss
1724 http fetch GET 200 https://registry.npmjs.org/stop-iteration-iterator 36ms (cache miss)
1725 silly packumentCache full:https://registry.npmjs.org/stop-iteration-iterator set size:undefined disposed:false
1726 silly fetch manifest typed-array-length@^1.0.7
1727 silly packumentCache full:https://registry.npmjs.org/typed-array-length cache-miss
1728 http fetch GET 200 https://registry.npmjs.org/string.prototype.trim 32ms (cache miss)
1729 silly packumentCache full:https://registry.npmjs.org/string.prototype.trim set size:undefined disposed:false
1730 silly fetch manifest unbox-primitive@^1.1.0
1731 silly packumentCache full:https://registry.npmjs.org/unbox-primitive cache-miss
1732 http fetch GET 200 https://registry.npmjs.org/typed-array-buffer 32ms (cache miss)
1733 silly packumentCache full:https://registry.npmjs.org/typed-array-buffer set size:undefined disposed:false
1734 silly fetch manifest which-typed-array@^1.1.19
1735 silly packumentCache full:https://registry.npmjs.org/which-typed-array cache-miss
1736 http fetch GET 200 https://registry.npmjs.org/typed-array-byte-length 31ms (cache miss)
1737 silly packumentCache full:https://registry.npmjs.org/typed-array-byte-length set size:undefined disposed:false
1738 silly fetch manifest has-tostringtag@^1.0.2
1739 silly packumentCache full:https://registry.npmjs.org/has-tostringtag cache-miss
1740 http fetch GET 200 https://registry.npmjs.org/string.prototype.trimstart 46ms (cache miss)
1741 silly packumentCache full:https://registry.npmjs.org/string.prototype.trimstart set size:undefined disposed:false
1742 http fetch GET 200 https://registry.npmjs.org/regexp.prototype.flags 86ms (cache miss)
1743 silly packumentCache full:https://registry.npmjs.org/regexp.prototype.flags set size:undefined disposed:false
1744 http fetch GET 200 https://registry.npmjs.org/typed-array-byte-offset 43ms (cache miss)
1745 silly packumentCache full:https://registry.npmjs.org/typed-array-byte-offset set size:undefined disposed:false
1746 http fetch GET 200 https://registry.npmjs.org/typed-array-length 41ms (cache miss)
1747 silly packumentCache full:https://registry.npmjs.org/typed-array-length set size:undefined disposed:false
1748 http fetch GET 200 https://registry.npmjs.org/unbox-primitive 58ms (cache miss)
1749 silly packumentCache full:https://registry.npmjs.org/unbox-primitive set size:undefined disposed:false
1750 http fetch GET 200 https://registry.npmjs.org/has-tostringtag 48ms (cache miss)
1751 silly packumentCache full:https://registry.npmjs.org/has-tostringtag set size:undefined disposed:false
1752 http fetch GET 200 https://registry.npmjs.org/which-typed-array 83ms (cache miss)
1753 silly packumentCache full:https://registry.npmjs.org/which-typed-array set size:undefined disposed:false
1754 silly placeDep ROOT es-errors@1.3.0 OK for: array.prototype.findlastindex@1.2.6 want: ^1.3.0
1755 silly placeDep ROOT es-shim-unscopables@1.1.0 OK for: array.prototype.findlastindex@1.2.6 want: ^1.1.0
1756 silly placeDep ROOT call-bind-apply-helpers@1.0.2 OK for: call-bind@1.0.9 want: ^1.0.2
1757 silly placeDep ROOT es-define-property@1.0.1 OK for: call-bind@1.0.9 want: ^1.0.1
1758 silly placeDep ROOT set-function-length@1.2.2 OK for: call-bind@1.0.9 want: ^1.2.2
1759 silly fetch manifest define-data-property@^1.1.4
1760 silly packumentCache full:https://registry.npmjs.org/define-data-property cache-miss
1761 silly fetch manifest gopd@^1.0.1
1762 silly packumentCache full:https://registry.npmjs.org/gopd cache-miss
1763 http cache https://registry.npmjs.org/define-data-property 1ms (cache hit)
1764 silly packumentCache full:https://registry.npmjs.org/define-data-property set size:28048 disposed:false
1765 http cache https://registry.npmjs.org/gopd 1ms (cache hit)
1766 silly packumentCache full:https://registry.npmjs.org/gopd set size:11483 disposed:false
1767 silly placeDep ROOT function-bind@1.1.2 OK for: call-bind-apply-helpers@1.0.2 want: ^1.1.2
1768 silly placeDep ROOT define-data-property@1.1.4 OK for: define-properties@1.2.1 want: ^1.0.1
1769 silly placeDep ROOT has-property-descriptors@1.0.2 OK for: define-properties@1.2.1 want: ^1.0.0
1770 silly placeDep ROOT object-keys@1.1.1 OK for: define-properties@1.2.1 want: ^1.1.1
1771 silly placeDep ROOT gopd@1.2.0 OK for: define-data-property@1.1.4 want: ^1.0.1
1772 silly placeDep ROOT array-buffer-byte-length@1.0.2 OK for: es-abstract@1.24.2 want: ^1.0.2
1773 silly placeDep ROOT arraybuffer.prototype.slice@1.0.4 OK for: es-abstract@1.24.2 want: ^1.0.4
1774 silly placeDep ROOT available-typed-arrays@1.0.7 OK for: es-abstract@1.24.2 want: ^1.0.7
1775 silly placeDep ROOT data-view-buffer@1.0.2 OK for: es-abstract@1.24.2 want: ^1.0.2
1776 silly placeDep ROOT data-view-byte-length@1.0.2 OK for: es-abstract@1.24.2 want: ^1.0.2
1777 silly placeDep ROOT data-view-byte-offset@1.0.1 OK for: es-abstract@1.24.2 want: ^1.0.1
1778 silly placeDep ROOT es-set-tostringtag@2.1.0 OK for: es-abstract@1.24.2 want: ^2.1.0
1779 silly placeDep ROOT es-to-primitive@1.3.4 OK for: es-abstract@1.24.2 want: ^1.3.0
1780 silly placeDep ROOT function.prototype.name@1.2.0 OK for: es-abstract@1.24.2 want: ^1.1.8
1781 silly placeDep ROOT get-proto@1.0.1 OK for: es-abstract@1.24.2 want: ^1.0.1
1782 silly placeDep ROOT get-symbol-description@1.1.0 OK for: es-abstract@1.24.2 want: ^1.1.0
1783 silly placeDep ROOT globalthis@1.0.4 OK for: es-abstract@1.24.2 want: ^1.0.4
1784 silly placeDep ROOT has-proto@1.2.0 OK for: es-abstract@1.24.2 want: ^1.2.0
1785 silly placeDep ROOT has-symbols@1.1.0 OK for: es-abstract@1.24.2 want: ^1.1.0
1786 silly placeDep ROOT internal-slot@1.1.0 OK for: es-abstract@1.24.2 want: ^1.1.0
1787 silly placeDep ROOT is-array-buffer@3.0.5 OK for: es-abstract@1.24.2 want: ^3.0.5
1788 silly placeDep ROOT is-callable@1.2.7 OK for: es-abstract@1.24.2 want: ^1.2.7
1789 silly placeDep ROOT is-data-view@1.0.2 OK for: es-abstract@1.24.2 want: ^1.0.2
1790 silly placeDep ROOT is-negative-zero@2.0.3 OK for: es-abstract@1.24.2 want: ^2.0.3
1791 silly placeDep ROOT is-regex@1.2.1 OK for: es-abstract@1.24.2 want: ^1.2.1
1792 silly placeDep ROOT is-set@2.0.3 OK for: es-abstract@1.24.2 want: ^2.0.3
1793 silly placeDep ROOT is-shared-array-buffer@1.0.4 OK for: es-abstract@1.24.2 want: ^1.0.4
1794 silly placeDep ROOT is-typed-array@1.1.15 OK for: es-abstract@1.24.2 want: ^1.1.15
1795 silly placeDep ROOT is-weakref@1.1.1 OK for: es-abstract@1.24.2 want: ^1.1.1
1796 silly placeDep ROOT object-inspect@1.13.4 OK for: es-abstract@1.24.2 want: ^1.13.4
1797 silly placeDep ROOT object.assign@4.1.7 OK for: es-abstract@1.24.2 want: ^4.1.7
1798 silly placeDep ROOT own-keys@1.0.2 OK for: es-abstract@1.24.2 want: ^1.0.1
1799 silly placeDep ROOT regexp.prototype.flags@1.5.4 OK for: es-abstract@1.24.2 want: ^1.5.4
1800 silly placeDep ROOT safe-array-concat@1.1.4 OK for: es-abstract@1.24.2 want: ^1.1.3
1801 silly placeDep ROOT safe-push-apply@1.0.0 OK for: es-abstract@1.24.2 want: ^1.0.0
1802 silly placeDep ROOT safe-regex-test@1.1.0 OK for: es-abstract@1.24.2 want: ^1.1.0
1803 silly placeDep ROOT set-proto@1.0.0 OK for: es-abstract@1.24.2 want: ^1.0.0
1804 silly placeDep ROOT stop-iteration-iterator@1.1.0 OK for: es-abstract@1.24.2 want: ^1.1.0
1805 silly placeDep ROOT string.prototype.trim@1.2.11 OK for: es-abstract@1.24.2 want: ^1.2.10
1806 silly placeDep ROOT string.prototype.trimstart@1.0.8 OK for: es-abstract@1.24.2 want: ^1.0.8
1807 silly placeDep ROOT typed-array-buffer@1.0.3 OK for: es-abstract@1.24.2 want: ^1.0.3
1808 silly placeDep ROOT typed-array-byte-length@1.0.3 OK for: es-abstract@1.24.2 want: ^1.0.3
1809 silly placeDep ROOT typed-array-byte-offset@1.0.4 OK for: es-abstract@1.24.2 want: ^1.0.4
1810 silly placeDep ROOT typed-array-length@1.0.8 OK for: es-abstract@1.24.2 want: ^1.0.7
1811 silly placeDep ROOT unbox-primitive@1.1.0 OK for: es-abstract@1.24.2 want: ^1.1.0
1812 silly placeDep ROOT which-typed-array@1.1.22 OK for: es-abstract@1.24.2 want: ^1.1.19
1813 silly fetch manifest is-array-buffer@^3.0.4
1814 silly packumentCache full:https://registry.npmjs.org/is-array-buffer cache-miss
1815 silly fetch manifest possible-typed-array-names@^1.0.0
1816 silly packumentCache full:https://registry.npmjs.org/possible-typed-array-names cache-miss
1817 silly fetch manifest is-data-view@^1.0.1
1818 silly packumentCache full:https://registry.npmjs.org/is-data-view cache-miss
1819 silly fetch manifest is-symbol@^1.1.1
1820 silly packumentCache full:https://registry.npmjs.org/is-symbol cache-miss
1821 silly fetch manifest is-date-object@^1.1.0
1822 silly packumentCache full:https://registry.npmjs.org/is-date-object cache-miss
1823 silly fetch manifest es-abstract-get@^1.0.0
1824 silly packumentCache full:https://registry.npmjs.org/es-abstract-get cache-miss
1825 silly fetch manifest is-document.all@^1.0.0
1826 silly packumentCache full:https://registry.npmjs.org/is-document.all cache-miss
1827 http cache https://registry.npmjs.org/is-data-view 3ms (cache hit)
1828 silly packumentCache full:https://registry.npmjs.org/is-data-view set size:13756 disposed:false
1829 silly fetch manifest functions-have-names@^1.2.3
1830 silly packumentCache full:https://registry.npmjs.org/functions-have-names cache-miss
1831 http cache https://registry.npmjs.org/is-array-buffer 4ms (cache hit)
1832 silly packumentCache full:https://registry.npmjs.org/is-array-buffer set size:33562 disposed:false
1833 silly fetch manifest dunder-proto@^1.0.1
1834 silly packumentCache full:https://registry.npmjs.org/dunder-proto cache-miss
1835 http fetch GET 200 https://registry.npmjs.org/is-document.all 30ms (cache miss)
1836 silly packumentCache full:https://registry.npmjs.org/is-document.all set size:undefined disposed:false
1837 silly fetch manifest dunder-proto@^1.0.0
1838 silly packumentCache full:https://registry.npmjs.org/dunder-proto cache-miss
1839 http fetch GET 200 https://registry.npmjs.org/possible-typed-array-names 32ms (cache miss)
1840 silly packumentCache full:https://registry.npmjs.org/possible-typed-array-names set size:undefined disposed:false
1841 silly fetch manifest side-channel@^1.1.0
1842 silly packumentCache full:https://registry.npmjs.org/side-channel cache-miss
1843 http fetch GET 200 https://registry.npmjs.org/dunder-proto 30ms (cache miss)
1844 silly packumentCache full:https://registry.npmjs.org/dunder-proto set size:undefined disposed:false
1845 silly fetch manifest is-typed-array@^1.1.13
1846 silly packumentCache full:https://registry.npmjs.org/is-typed-array cache-miss
1847 http cache https://registry.npmjs.org/is-typed-array 2ms (cache hit)
1848 silly packumentCache full:https://registry.npmjs.org/is-typed-array set size:79965 disposed:false
1849 silly fetch manifest which-typed-array@^1.1.16
1850 silly packumentCache full:https://registry.npmjs.org/which-typed-array cache-miss
1851 http fetch GET 200 https://registry.npmjs.org/functions-have-names 32ms (cache miss)
1852 silly packumentCache full:https://registry.npmjs.org/functions-have-names set size:undefined disposed:false
1853 silly fetch manifest set-function-name@^2.0.2
1854 silly packumentCache full:https://registry.npmjs.org/set-function-name cache-miss
1855 http cache https://registry.npmjs.org/which-typed-array 2ms (cache hit)
1856 silly packumentCache full:https://registry.npmjs.org/which-typed-array set size:101551 disposed:false
1857 silly fetch manifest isarray@^2.0.5
1858 silly packumentCache full:https://registry.npmjs.org/isarray cache-miss
1859 http fetch GET 200 https://registry.npmjs.org/es-abstract-get 43ms (cache miss)
1860 silly packumentCache full:https://registry.npmjs.org/es-abstract-get set size:undefined disposed:false
1861 silly fetch manifest isarray@^2.0.5
1862 silly packumentCache full:https://registry.npmjs.org/isarray cache-miss
1863 http fetch GET 200 https://registry.npmjs.org/is-date-object 47ms (cache miss)
1864 silly packumentCache full:https://registry.npmjs.org/is-date-object set size:undefined disposed:false
1865 silly fetch manifest for-each@^0.3.3
1866 silly packumentCache full:https://registry.npmjs.org/for-each cache-miss
1867 http fetch GET 200 https://registry.npmjs.org/is-symbol 47ms (cache miss)
1868 silly packumentCache full:https://registry.npmjs.org/is-symbol set size:undefined disposed:false
1869 silly fetch manifest for-each@^0.3.3
1870 silly packumentCache full:https://registry.npmjs.org/for-each cache-miss
1871 http fetch GET 200 https://registry.npmjs.org/dunder-proto 31ms (cache miss)
1872 silly packumentCache full:https://registry.npmjs.org/dunder-proto set size:undefined disposed:false
1873 silly fetch manifest reflect.getprototypeof@^1.0.9
1874 silly packumentCache full:https://registry.npmjs.org/reflect.getprototypeof cache-miss
1875 http fetch GET 200 https://registry.npmjs.org/side-channel 30ms (cache miss)
1876 silly packumentCache full:https://registry.npmjs.org/side-channel set size:undefined disposed:false
1877 silly fetch manifest for-each@^0.3.5
1878 silly packumentCache full:https://registry.npmjs.org/for-each cache-miss
1879 http fetch GET 200 https://registry.npmjs.org/set-function-name 32ms (cache miss)
1880 silly packumentCache full:https://registry.npmjs.org/set-function-name set size:undefined disposed:false
1881 silly fetch manifest possible-typed-array-names@^1.1.0
1882 silly packumentCache full:https://registry.npmjs.org/possible-typed-array-names cache-miss
1883 http fetch GET 200 https://registry.npmjs.org/isarray 32ms (cache miss)
1884 silly packumentCache full:https://registry.npmjs.org/isarray set size:undefined disposed:false
1885 silly fetch manifest reflect.getprototypeof@^1.0.10
1886 silly packumentCache full:https://registry.npmjs.org/reflect.getprototypeof cache-miss
1887 http cache https://registry.npmjs.org/possible-typed-array-names 2ms (cache hit)
1888 silly packumentCache full:https://registry.npmjs.org/possible-typed-array-names set size:9167 disposed:false
1889 silly fetch manifest has-bigints@^1.0.2
1890 silly packumentCache full:https://registry.npmjs.org/has-bigints cache-miss
1891 http fetch GET 200 https://registry.npmjs.org/isarray 33ms (cache miss)
1892 silly packumentCache full:https://registry.npmjs.org/isarray set size:undefined disposed:false
1893 silly fetch manifest which-boxed-primitive@^1.1.1
1894 silly packumentCache full:https://registry.npmjs.org/which-boxed-primitive cache-miss
1895 http fetch GET 200 https://registry.npmjs.org/for-each 34ms (cache miss)
1896 silly packumentCache full:https://registry.npmjs.org/for-each set size:undefined disposed:false
1897 silly fetch manifest for-each@^0.3.5
1898 silly packumentCache full:https://registry.npmjs.org/for-each cache-miss
1899 http cache https://registry.npmjs.org/for-each 2ms (cache hit)
1900 silly packumentCache full:https://registry.npmjs.org/for-each set size:14327 disposed:false
1901 http fetch GET 200 https://registry.npmjs.org/for-each 49ms (cache miss)
1902 silly packumentCache full:https://registry.npmjs.org/for-each set size:undefined disposed:false
1903 silly packumentCache full:https://registry.npmjs.org/for-each dispose
1904 http fetch GET 200 https://registry.npmjs.org/for-each 33ms (cache miss)
1905 silly packumentCache full:https://registry.npmjs.org/for-each set size:undefined disposed:true
1906 http fetch GET 200 https://registry.npmjs.org/reflect.getprototypeof 35ms (cache miss)
1907 silly packumentCache full:https://registry.npmjs.org/reflect.getprototypeof set size:undefined disposed:false
1908 http fetch GET 200 https://registry.npmjs.org/reflect.getprototypeof 30ms (cache miss)
1909 silly packumentCache full:https://registry.npmjs.org/reflect.getprototypeof set size:undefined disposed:false
1910 http fetch GET 200 https://registry.npmjs.org/has-bigints 30ms (cache miss)
1911 silly packumentCache full:https://registry.npmjs.org/has-bigints set size:undefined disposed:false
1912 http fetch GET 200 https://registry.npmjs.org/which-boxed-primitive 34ms (cache miss)
1913 silly packumentCache full:https://registry.npmjs.org/which-boxed-primitive set size:undefined disposed:false
1914 silly placeDep ROOT possible-typed-array-names@1.1.0 OK for: available-typed-arrays@1.0.7 want: ^1.0.0
1915 silly placeDep ROOT has-tostringtag@1.0.2 OK for: es-set-tostringtag@2.1.0 want: ^1.0.2
1916 silly placeDep ROOT es-abstract-get@1.0.0 OK for: es-to-primitive@1.3.4 want: ^1.0.0
1917 silly placeDep ROOT is-date-object@1.1.0 OK for: es-to-primitive@1.3.4 want: ^1.1.0
1918 silly placeDep ROOT is-symbol@1.1.1 OK for: es-to-primitive@1.3.4 want: ^1.1.1
1919 silly placeDep node_modules/eslint-module-utils debug@3.2.7 OK for: eslint-module-utils@2.14.0 want: ^3.2.7
1920 silly placeDep ROOT aria-query@5.3.2 OK for: eslint-plugin-jsx-a11y@6.10.2 want: ^5.3.2
1921 silly placeDep ROOT ast-types-flow@0.0.8 OK for: eslint-plugin-jsx-a11y@6.10.2 want: ^0.0.8
1922 silly placeDep ROOT axe-core@4.13.0 OK for: eslint-plugin-jsx-a11y@6.10.2 want: ^4.10.0
1923 silly placeDep ROOT axobject-query@4.1.0 OK for: eslint-plugin-jsx-a11y@6.10.2 want: ^4.1.0
1924 silly placeDep ROOT damerau-levenshtein@1.0.8 OK for: eslint-plugin-jsx-a11y@6.10.2 want: ^1.0.8
1925 silly placeDep ROOT emoji-regex@9.2.2 OK for: eslint-plugin-jsx-a11y@6.10.2 want: ^9.2.2
1926 silly placeDep ROOT jsx-ast-utils@3.3.5 OK for: eslint-plugin-jsx-a11y@6.10.2 want: ^3.3.5
1927 silly placeDep ROOT language-tags@1.0.9 OK for: eslint-plugin-jsx-a11y@6.10.2 want: ^1.0.9
1928 silly placeDep ROOT string.prototype.includes@2.0.1 OK for: eslint-plugin-jsx-a11y@6.10.2 want: ^2.0.1
1929 silly fetch manifest language-subtag-registry@^0.3.20
1930 silly packumentCache full:https://registry.npmjs.org/language-subtag-registry cache-miss
1931 http fetch GET 200 https://registry.npmjs.org/language-subtag-registry 71ms (cache miss)
1932 silly packumentCache full:https://registry.npmjs.org/language-subtag-registry set size:undefined disposed:false
1933 silly placeDep ROOT array.prototype.findlast@1.2.5 OK for: eslint-plugin-react@7.37.5 want: ^1.2.5
1934 silly placeDep ROOT array.prototype.tosorted@1.1.4 OK for: eslint-plugin-react@7.37.5 want: ^1.1.4
1935 silly placeDep node_modules/eslint-plugin-react doctrine@2.1.0 OK for: eslint-plugin-react@7.37.5 want: ^2.1.0
1936 silly placeDep ROOT es-iterator-helpers@1.4.0 OK for: eslint-plugin-react@7.37.5 want: ^1.2.1
1937 silly placeDep ROOT estraverse@5.3.0 OK for: eslint-plugin-react@7.37.5 want: ^5.3.0
1938 silly placeDep ROOT object.entries@1.1.9 OK for: eslint-plugin-react@7.37.5 want: ^1.1.9
1939 silly placeDep ROOT prop-types@15.8.1 OK for: eslint-plugin-react@7.37.5 want: ^15.8.1
1940 silly placeDep node_modules/eslint-plugin-react semver@6.3.1 OK for: eslint-plugin-react@7.37.5 want: ^6.3.1
1941 silly placeDep ROOT string.prototype.matchall@4.0.12 OK for: eslint-plugin-react@7.37.5 want: ^4.0.12
1942 silly placeDep ROOT string.prototype.repeat@1.0.0 OK for: eslint-plugin-react@7.37.5 want: ^1.0.0
1943 silly fetch manifest iterator.prototype@^1.1.5
1944 silly packumentCache full:https://registry.npmjs.org/iterator.prototype cache-miss
1945 silly fetch manifest loose-envify@^1.4.0
1946 silly packumentCache full:https://registry.npmjs.org/loose-envify cache-miss
1947 silly fetch manifest object-assign@^4.1.1
1948 silly packumentCache full:https://registry.npmjs.org/object-assign cache-miss
1949 silly fetch manifest react-is@^16.13.1
1950 silly packumentCache full:https://registry.npmjs.org/react-is cache-miss
1951 http cache https://registry.npmjs.org/loose-envify 2ms (cache hit)
1952 silly packumentCache full:https://registry.npmjs.org/loose-envify set size:12559 disposed:false
1953 http fetch GET 200 https://registry.npmjs.org/iterator.prototype 32ms (cache miss)
1954 silly packumentCache full:https://registry.npmjs.org/iterator.prototype set size:undefined disposed:false
1955 http fetch GET 200 https://registry.npmjs.org/object-assign 54ms (cache miss)
1956 silly packumentCache full:https://registry.npmjs.org/object-assign set size:undefined disposed:false
1957 http fetch GET 200 https://registry.npmjs.org/react-is 415ms (cache miss)
1958 silly packumentCache full:https://registry.npmjs.org/react-is set size:undefined disposed:false
1959 silly placeDep ROOT iterator.prototype@1.1.5 OK for: es-iterator-helpers@1.4.0 want: ^1.1.5
1960 silly placeDep ROOT esrecurse@4.3.0 OK for: eslint-scope@7.2.2 want: ^4.3.0
1961 silly placeDep ROOT acorn@8.18.0 OK for: espree@9.6.1 want: ^8.9.0
1962 silly placeDep ROOT acorn-jsx@5.3.2 OK for: espree@9.6.1 want: ^5.3.2
1963 silly placeDep ROOT reusify@1.1.0 OK for: fastq@1.20.1 want: ^1.0.4
1964 silly placeDep ROOT flat-cache@3.2.0 OK for: file-entry-cache@6.0.1 want: ^3.0.4
1965 silly fetch manifest keyv@^4.5.3
1966 silly packumentCache full:https://registry.npmjs.org/keyv cache-miss
1967 silly fetch manifest rimraf@^3.0.2
1968 silly packumentCache full:https://registry.npmjs.org/rimraf cache-miss
1969 silly fetch manifest flatted@^3.2.9
1970 silly packumentCache full:https://registry.npmjs.org/flatted cache-miss
1971 http fetch GET 200 https://registry.npmjs.org/keyv 39ms (cache miss)
1972 silly packumentCache full:https://registry.npmjs.org/keyv set size:undefined disposed:false
1973 http fetch GET 200 https://registry.npmjs.org/flatted 50ms (cache miss)
1974 silly packumentCache full:https://registry.npmjs.org/flatted set size:undefined disposed:false
1975 http fetch GET 200 https://registry.npmjs.org/rimraf 52ms (cache miss)
1976 silly packumentCache full:https://registry.npmjs.org/rimraf set size:undefined disposed:false
1977 silly placeDep ROOT locate-path@6.0.0 OK for: find-up@5.0.0 want: ^6.0.0
1978 silly placeDep ROOT path-exists@4.0.0 OK for: find-up@5.0.0 want: ^4.0.0
1979 silly fetch manifest p-locate@^5.0.0
1980 silly packumentCache full:https://registry.npmjs.org/p-locate cache-miss
1981 http fetch GET 200 https://registry.npmjs.org/p-locate 51ms (cache miss)
1982 silly packumentCache full:https://registry.npmjs.org/p-locate set size:undefined disposed:false
1983 silly placeDep ROOT flatted@3.4.4 OK for: flat-cache@3.2.0 want: ^3.2.9
1984 silly placeDep ROOT keyv@4.5.4 OK for: flat-cache@3.2.0 want: ^4.5.3
1985 silly placeDep ROOT rimraf@3.0.2 OK for: flat-cache@3.2.0 want: ^3.0.2
1986 silly fetch manifest json-buffer@3.0.1
1987 silly packumentCache full:https://registry.npmjs.org/json-buffer cache-miss
1988 silly fetch manifest glob@^7.1.3
1989 silly packumentCache full:https://registry.npmjs.org/glob cache-miss
1990 http cache https://registry.npmjs.org/glob 2ms (cache hit)
1991 silly packumentCache full:https://registry.npmjs.org/glob set size:469465 disposed:false
1992 http fetch GET 200 https://registry.npmjs.org/json-buffer 28ms (cache miss)
1993 silly packumentCache full:https://registry.npmjs.org/json-buffer set size:undefined disposed:false
1994 silly placeDep ROOT functions-have-names@1.2.3 OK for: function.prototype.name@1.2.0 want: ^1.2.3
1995 silly placeDep ROOT is-document.all@1.0.0 OK for: function.prototype.name@1.2.0 want: ^1.0.0
1996 silly placeDep ROOT dunder-proto@1.0.1 OK for: get-proto@1.0.1 want: ^1.0.1
1997 silly placeDep ROOT resolve-pkg-maps@1.0.0 OK for: get-tsconfig@4.14.1 want: ^1.0.0
1998 silly placeDep ROOT foreground-child@3.3.1 OK for: glob@10.3.10 want: ^3.1.0
1999 silly placeDep ROOT jackspeak@2.3.6 OK for: glob@10.3.10 want: ^2.3.5
2000 silly placeDep node_modules/glob minimatch@9.0.9 OK for: glob@10.3.10 want: ^9.0.1
2001 silly placeDep ROOT minipass@7.1.3 OK for: glob@10.3.10 want: ^5.0.0 || ^6.0.2 || ^7.0.0
2002 silly placeDep ROOT path-scurry@1.11.1 OK for: glob@10.3.10 want: ^1.10.1
2003 silly fetch manifest signal-exit@^4.0.1
2004 silly packumentCache full:https://registry.npmjs.org/signal-exit cache-miss
2005 silly fetch manifest @isaacs/cliui@^8.0.2
2006 silly packumentCache full:https://registry.npmjs.org/@isaacs%2fcliui cache-miss
2007 silly fetch manifest @pkgjs/parseargs@^0.11.0
2008 silly packumentCache full:https://registry.npmjs.org/@pkgjs%2fparseargs cache-miss
2009 silly fetch manifest brace-expansion@^2.0.2
2010 silly packumentCache full:https://registry.npmjs.org/brace-expansion cache-hit
2011 silly fetch manifest lru-cache@^10.2.0
2012 silly packumentCache full:https://registry.npmjs.org/lru-cache cache-miss
2013 http fetch GET 200 https://registry.npmjs.org/@pkgjs%2fparseargs 41ms (cache miss)
2014 silly packumentCache full:https://registry.npmjs.org/@pkgjs%2fparseargs set size:undefined disposed:false
2015 http fetch GET 200 https://registry.npmjs.org/@isaacs%2fcliui 42ms (cache miss)
2016 silly packumentCache full:https://registry.npmjs.org/@isaacs%2fcliui set size:undefined disposed:false
2017 http fetch GET 200 https://registry.npmjs.org/lru-cache 66ms (cache miss)
2018 silly packumentCache full:https://registry.npmjs.org/lru-cache set size:undefined disposed:false
2019 http fetch GET 200 https://registry.npmjs.org/signal-exit 80ms (cache miss)
2020 silly packumentCache full:https://registry.npmjs.org/signal-exit set size:undefined disposed:false
2021 silly placeDep ROOT signal-exit@4.1.0 OK for: foreground-child@3.3.1 want: ^4.0.1
2022 silly placeDep ROOT type-fest@0.20.2 OK for: globals@13.24.0 want: ^0.20.2
2023 silly placeDep ROOT array-union@2.1.0 OK for: globby@11.1.0 want: ^2.1.0
2024 silly placeDep ROOT dir-glob@3.0.1 OK for: globby@11.1.0 want: ^3.0.1
2025 silly placeDep ROOT fast-glob@3.3.3 OK for: globby@11.1.0 want: ^3.2.9
2026 silly placeDep ROOT merge2@1.4.1 OK for: globby@11.1.0 want: ^1.4.1
2027 silly placeDep ROOT slash@3.0.0 OK for: globby@11.1.0 want: ^3.0.0
2028 silly fetch manifest path-type@^4.0.0
2029 silly packumentCache full:https://registry.npmjs.org/path-type cache-miss
2030 silly fetch manifest glob-parent@^5.1.2
2031 silly packumentCache full:https://registry.npmjs.org/glob-parent cache-miss
2032 silly fetch manifest merge2@^1.3.0
2033 silly packumentCache full:https://registry.npmjs.org/merge2 cache-miss
2034 http cache https://registry.npmjs.org/merge2 2ms (cache hit)
2035 silly packumentCache full:https://registry.npmjs.org/merge2 set size:46159 disposed:false
2036 http cache https://registry.npmjs.org/glob-parent 3ms (cache hit)
2037 silly packumentCache full:https://registry.npmjs.org/glob-parent set size:42445 disposed:false
2038 http fetch GET 200 https://registry.npmjs.org/path-type 36ms (cache miss)
2039 silly packumentCache full:https://registry.npmjs.org/path-type set size:undefined disposed:false
2040 silly placeDep ROOT path-type@4.0.0 OK for: dir-glob@3.0.1 want: ^4.0.0
2041 silly placeDep node_modules/fast-glob glob-parent@5.1.2 OK for: fast-glob@3.3.3 want: ^5.1.2
2042 silly placeDep ROOT micromatch@4.0.8 OK for: fast-glob@3.3.3 want: ^4.0.8
2043 silly fetch manifest braces@^3.0.3
2044 silly packumentCache full:https://registry.npmjs.org/braces cache-miss
2045 silly fetch manifest picomatch@^2.3.1
2046 silly packumentCache full:https://registry.npmjs.org/picomatch cache-miss
2047 http cache https://registry.npmjs.org/picomatch 2ms (cache hit)
2048 silly packumentCache full:https://registry.npmjs.org/picomatch set size:128942 disposed:false
2049 http fetch GET 200 https://registry.npmjs.org/braces 79ms (cache miss)
2050 silly packumentCache full:https://registry.npmjs.org/braces set size:undefined disposed:false
2051 silly placeDep ROOT parent-module@1.0.1 OK for: import-fresh@3.3.1 want: ^1.0.0
2052 silly placeDep ROOT resolve-from@4.0.0 OK for: import-fresh@3.3.1 want: ^4.0.0
2053 silly fetch manifest callsites@^3.0.0
2054 silly packumentCache full:https://registry.npmjs.org/callsites cache-miss
2055 http fetch GET 200 https://registry.npmjs.org/callsites 34ms (cache miss)
2056 silly packumentCache full:https://registry.npmjs.org/callsites set size:undefined disposed:false
2057 silly placeDep ROOT side-channel@1.1.1 OK for: internal-slot@1.1.0 want: ^1.1.0
2058 silly fetch manifest side-channel-list@^1.0.1
2059 silly packumentCache full:https://registry.npmjs.org/side-channel-list cache-miss
2060 silly fetch manifest side-channel-map@^1.0.1
2061 silly packumentCache full:https://registry.npmjs.org/side-channel-map cache-miss
2062 silly fetch manifest side-channel-weakmap@^1.0.2
2063 silly packumentCache full:https://registry.npmjs.org/side-channel-weakmap cache-miss
2064 http fetch GET 200 https://registry.npmjs.org/side-channel-list 27ms (cache miss)
2065 silly packumentCache full:https://registry.npmjs.org/side-channel-list set size:undefined disposed:false
2066 http fetch GET 200 https://registry.npmjs.org/side-channel-map 30ms (cache miss)
2067 silly packumentCache full:https://registry.npmjs.org/side-channel-map set size:undefined disposed:false
2068 http fetch GET 200 https://registry.npmjs.org/side-channel-weakmap 38ms (cache miss)
2069 silly packumentCache full:https://registry.npmjs.org/side-channel-weakmap set size:undefined disposed:false
2070 silly placeDep ROOT is-extglob@2.1.1 OK for: is-glob@4.0.3 want: ^2.1.1
2071 silly placeDep ROOT set-function-name@2.0.2 OK for: iterator.prototype@1.1.5 want: ^2.0.2
2072 silly placeDep node_modules/its-fine @types/react-reconciler@0.28.9 OK for: its-fine@1.2.5 want: ^0.28.0
2073 silly placeDep ROOT @isaacs/cliui@8.0.2 OK for: jackspeak@2.3.6 want: ^8.0.2
2074 silly placeDep ROOT @pkgjs/parseargs@0.11.0 OK for: jackspeak@2.3.6 want: ^0.11.0
2075 silly fetch manifest wrap-ansi@^8.1.0
2076 silly packumentCache full:https://registry.npmjs.org/wrap-ansi cache-miss
2077 silly fetch manifest strip-ansi@^7.0.1
2078 silly packumentCache full:https://registry.npmjs.org/strip-ansi cache-miss
2079 silly fetch manifest string-width@^5.1.2
2080 silly packumentCache full:https://registry.npmjs.org/string-width cache-miss
2081 silly fetch manifest wrap-ansi-cjs@npm:wrap-ansi@^7.0.0
2082 silly packumentCache full:https://registry.npmjs.org/wrap-ansi cache-miss
2083 silly fetch manifest strip-ansi-cjs@npm:strip-ansi@^6.0.1
2084 silly packumentCache full:https://registry.npmjs.org/strip-ansi cache-miss
2085 silly fetch manifest string-width-cjs@npm:string-width@^4.2.0
2086 silly packumentCache full:https://registry.npmjs.org/string-width cache-miss
2087 http cache https://registry.npmjs.org/strip-ansi 4ms (cache hit)
2088 silly packumentCache full:https://registry.npmjs.org/strip-ansi set size:44998 disposed:false
2089 http cache https://registry.npmjs.org/strip-ansi 3ms (cache hit)
2090 silly packumentCache full:https://registry.npmjs.org/strip-ansi set size:44998 disposed:false
2091 silly packumentCache full:https://registry.npmjs.org/strip-ansi dispose
2092 http fetch GET 200 https://registry.npmjs.org/string-width 49ms (cache miss)
2093 silly packumentCache full:https://registry.npmjs.org/string-width set size:undefined disposed:false
2094 http fetch GET 200 https://registry.npmjs.org/string-width 49ms (cache miss)
2095 silly packumentCache full:https://registry.npmjs.org/string-width set size:undefined disposed:false
2096 http fetch GET 200 https://registry.npmjs.org/wrap-ansi 299ms (cache miss)
2097 silly packumentCache full:https://registry.npmjs.org/wrap-ansi set size:undefined disposed:false
2098 http fetch GET 200 https://registry.npmjs.org/wrap-ansi 317ms (cache miss)
2099 silly packumentCache full:https://registry.npmjs.org/wrap-ansi set size:undefined disposed:false
2100 silly placeDep ROOT string-width@5.1.2 OK for: @isaacs/cliui@8.0.2 want: ^5.1.2
2101 silly placeDep ROOT string-width-cjs@4.2.3 OK for: @isaacs/cliui@8.0.2 want: npm:string-width@^4.2.0
2102 silly placeDep node_modules/@isaacs/cliui strip-ansi@7.2.0 OK for: @isaacs/cliui@8.0.2 want: ^7.0.1
2103 silly placeDep ROOT strip-ansi-cjs@6.0.1 OK for: @isaacs/cliui@8.0.2 want: npm:strip-ansi@^6.0.1
2104 silly placeDep ROOT wrap-ansi@8.1.0 OK for: @isaacs/cliui@8.0.2 want: ^8.1.0
2105 silly placeDep ROOT wrap-ansi-cjs@7.0.0 OK for: @isaacs/cliui@8.0.2 want: npm:wrap-ansi@^7.0.0
2106 silly fetch manifest eastasianwidth@^0.2.0
2107 silly packumentCache full:https://registry.npmjs.org/eastasianwidth cache-miss
2108 silly fetch manifest emoji-regex@^8.0.0
2109 silly packumentCache full:https://registry.npmjs.org/emoji-regex cache-miss
2110 silly fetch manifest is-fullwidth-code-point@^3.0.0
2111 silly packumentCache full:https://registry.npmjs.org/is-fullwidth-code-point cache-miss
2112 silly fetch manifest ansi-regex@^6.2.2
2113 silly packumentCache full:https://registry.npmjs.org/ansi-regex cache-miss
2114 silly fetch manifest ansi-styles@^6.1.0
2115 silly packumentCache full:https://registry.npmjs.org/ansi-styles cache-miss
2116 silly fetch manifest string-width@^4.1.0
2117 silly packumentCache full:https://registry.npmjs.org/string-width cache-miss
2118 http cache https://registry.npmjs.org/string-width 14ms (cache hit)
2119 silly packumentCache full:https://registry.npmjs.org/string-width set size:72458 disposed:false
2120 http cache https://registry.npmjs.org/emoji-regex 16ms (cache hit)
2121 silly packumentCache full:https://registry.npmjs.org/emoji-regex set size:89064 disposed:false
2122 http cache https://registry.npmjs.org/ansi-regex 16ms (cache hit)
2123 silly packumentCache full:https://registry.npmjs.org/ansi-regex set size:43572 disposed:false
2124 http cache https://registry.npmjs.org/ansi-styles 16ms (cache hit)
2125 silly packumentCache full:https://registry.npmjs.org/ansi-styles set size:71772 disposed:false
2126 http fetch GET 200 https://registry.npmjs.org/is-fullwidth-code-point 31ms (cache miss)
2127 silly packumentCache full:https://registry.npmjs.org/is-fullwidth-code-point set size:undefined disposed:false
2128 http fetch GET 200 https://registry.npmjs.org/eastasianwidth 31ms (cache miss)
2129 silly packumentCache full:https://registry.npmjs.org/eastasianwidth set size:undefined disposed:false
2130 silly placeDep ROOT argparse@2.0.1 OK for: js-yaml@4.3.1 want: ^2.0.1
2131 silly placeDep ROOT json-buffer@3.0.1 OK for: keyv@4.5.4 want: 3.0.1
2132 silly placeDep ROOT language-subtag-registry@0.3.23 OK for: language-tags@1.0.9 want: ^0.3.20
2133 silly placeDep ROOT prelude-ls@1.2.1 OK for: levn@0.4.1 want: ^1.2.1
2134 silly placeDep ROOT type-check@0.4.0 OK for: levn@0.4.1 want: ~0.4.0
2135 silly placeDep ROOT p-locate@5.0.0 OK for: locate-path@6.0.0 want: ^5.0.0
2136 silly fetch manifest p-limit@^3.0.2
2137 silly packumentCache full:https://registry.npmjs.org/p-limit cache-miss
2138 http fetch GET 200 https://registry.npmjs.org/p-limit 37ms (cache miss)
2139 silly packumentCache full:https://registry.npmjs.org/p-limit set size:undefined disposed:false
2140 silly placeDep ROOT braces@3.0.3 OK for: micromatch@4.0.8 want: ^3.0.3
2141 silly placeDep ROOT picomatch@2.3.2 OK for: micromatch@4.0.8 want: ^2.3.1
2142 silly fetch manifest fill-range@^7.1.1
2143 silly packumentCache full:https://registry.npmjs.org/fill-range cache-miss
2144 http fetch GET 200 https://registry.npmjs.org/fill-range 37ms (cache miss)
2145 silly packumentCache full:https://registry.npmjs.org/fill-range set size:undefined disposed:false
2146 silly placeDep ROOT fill-range@7.1.1 OK for: braces@3.0.3 want: ^7.1.1
2147 silly fetch manifest to-regex-range@^5.0.1
2148 silly packumentCache full:https://registry.npmjs.org/to-regex-range cache-miss
2149 http fetch GET 200 https://registry.npmjs.org/to-regex-range 31ms (cache miss)
2150 silly packumentCache full:https://registry.npmjs.org/to-regex-range set size:undefined disposed:false
2151 silly placeDep ROOT to-regex-range@5.0.1 OK for: fill-range@7.1.1 want: ^5.0.1
2152 silly fetch manifest is-number@^7.0.0
2153 silly packumentCache full:https://registry.npmjs.org/is-number cache-miss
2154 http fetch GET 200 https://registry.npmjs.org/is-number 47ms (cache miss)
2155 silly packumentCache full:https://registry.npmjs.org/is-number set size:undefined disposed:false
2156 silly placeDep ROOT brace-expansion@1.1.18 OK for: minimatch@3.1.5 want: ^1.1.7
2157 silly fetch manifest concat-map@0.0.1
2158 silly packumentCache full:https://registry.npmjs.org/concat-map cache-miss
2159 silly fetch manifest balanced-match@^1.0.0
2160 silly packumentCache full:https://registry.npmjs.org/balanced-match cache-miss
2161 http fetch GET 200 https://registry.npmjs.org/balanced-match 32ms (cache miss)
2162 silly packumentCache full:https://registry.npmjs.org/balanced-match set size:undefined disposed:false
2163 http fetch GET 200 https://registry.npmjs.org/concat-map 43ms (cache miss)
2164 silly packumentCache full:https://registry.npmjs.org/concat-map set size:undefined disposed:false
2165 silly placeDep ROOT balanced-match@1.0.2 OK for: brace-expansion@1.1.18 want: ^1.0.0
2166 silly placeDep ROOT concat-map@0.0.1 OK for: brace-expansion@1.1.18 want: 0.0.1
2167 silly placeDep ROOT @next/env@14.2.5 OK for: next@14.2.5 want: 14.2.5
2168 silly placeDep ROOT @next/swc-darwin-arm64@14.2.5 OK for: next@14.2.5 want: 14.2.5
2169 silly placeDep ROOT @next/swc-darwin-x64@14.2.5 OK for: next@14.2.5 want: 14.2.5
2170 silly placeDep ROOT @next/swc-linux-arm64-gnu@14.2.5 OK for: next@14.2.5 want: 14.2.5
2171 silly placeDep ROOT @next/swc-linux-arm64-musl@14.2.5 OK for: next@14.2.5 want: 14.2.5
2172 silly placeDep ROOT @next/swc-linux-x64-gnu@14.2.5 OK for: next@14.2.5 want: 14.2.5
2173 silly placeDep ROOT @next/swc-linux-x64-musl@14.2.5 OK for: next@14.2.5 want: 14.2.5
2174 silly placeDep ROOT @next/swc-win32-arm64-msvc@14.2.5 OK for: next@14.2.5 want: 14.2.5
2175 silly placeDep ROOT @next/swc-win32-ia32-msvc@14.2.5 OK for: next@14.2.5 want: 14.2.5
2176 silly placeDep ROOT @next/swc-win32-x64-msvc@14.2.5 OK for: next@14.2.5 want: 14.2.5
2177 silly placeDep ROOT @swc/helpers@0.5.5 OK for: next@14.2.5 want: 0.5.5
2178 silly placeDep ROOT busboy@1.6.0 OK for: next@14.2.5 want: 1.6.0
2179 silly placeDep ROOT graceful-fs@4.2.11 OK for: next@14.2.5 want: ^4.2.11
2180 silly placeDep node_modules/next postcss@8.4.31 OK for: next@14.2.5 want: 8.4.31
2181 silly placeDep ROOT styled-jsx@5.1.1 OK for: next@14.2.5 want: 5.1.1
2182 silly fetch manifest tslib@^2.4.0
2183 silly packumentCache full:https://registry.npmjs.org/tslib cache-miss
2184 silly fetch manifest @swc/counter@^0.1.3
2185 silly packumentCache full:https://registry.npmjs.org/@swc%2fcounter cache-miss
2186 silly fetch manifest streamsearch@^1.1.0
2187 silly packumentCache full:https://registry.npmjs.org/streamsearch cache-miss
2188 silly fetch manifest nanoid@^3.3.6
2189 silly packumentCache full:https://registry.npmjs.org/nanoid cache-miss
2190 silly fetch manifest source-map-js@^1.0.2
2191 silly packumentCache full:https://registry.npmjs.org/source-map-js cache-miss
2192 silly fetch manifest client-only@0.0.1
2193 silly packumentCache full:https://registry.npmjs.org/client-only cache-miss
2194 http cache https://registry.npmjs.org/source-map-js 4ms (cache hit)
2195 silly packumentCache full:https://registry.npmjs.org/source-map-js set size:62640 disposed:false
2196 http cache https://registry.npmjs.org/nanoid 5ms (cache hit)
2197 silly packumentCache full:https://registry.npmjs.org/nanoid set size:342705 disposed:false
2198 http fetch GET 200 https://registry.npmjs.org/client-only 31ms (cache miss)
2199 silly packumentCache full:https://registry.npmjs.org/client-only set size:undefined disposed:false
2200 http fetch GET 200 https://registry.npmjs.org/streamsearch 34ms (cache miss)
2201 silly packumentCache full:https://registry.npmjs.org/streamsearch set size:undefined disposed:false
2202 http fetch GET 200 https://registry.npmjs.org/tslib 36ms (cache miss)
2203 silly packumentCache full:https://registry.npmjs.org/tslib set size:undefined disposed:false
2204 http fetch GET 200 https://registry.npmjs.org/@swc%2fcounter 43ms (cache miss)
2205 silly packumentCache full:https://registry.npmjs.org/@swc%2fcounter set size:undefined disposed:false
2206 silly placeDep ROOT @swc/counter@0.1.3 OK for: @swc/helpers@0.5.5 want: ^0.1.3
2207 silly placeDep ROOT tslib@2.8.1 OK for: @swc/helpers@0.5.5 want: ^2.4.0
2208 silly placeDep ROOT streamsearch@1.1.0 OK for: busboy@1.6.0 want: ^1.1.0
2209 silly placeDep ROOT deep-is@0.1.4 OK for: optionator@0.9.4 want: ^0.1.3
2210 silly placeDep ROOT fast-levenshtein@2.0.6 OK for: optionator@0.9.4 want: ^2.0.6
2211 silly placeDep ROOT word-wrap@1.2.5 OK for: optionator@0.9.4 want: ^1.2.5
2212 silly placeDep ROOT p-limit@3.1.0 OK for: p-locate@5.0.0 want: ^3.0.2
2213 silly fetch manifest yocto-queue@^0.1.0
2214 silly packumentCache full:https://registry.npmjs.org/yocto-queue cache-miss
2215 http fetch GET 200 https://registry.npmjs.org/yocto-queue 43ms (cache miss)
2216 silly packumentCache full:https://registry.npmjs.org/yocto-queue set size:undefined disposed:false
2217 silly placeDep ROOT yocto-queue@0.1.0 OK for: p-limit@3.1.0 want: ^0.1.0
2218 silly placeDep ROOT callsites@3.1.0 OK for: parent-module@1.0.1 want: ^3.0.0
2219 silly placeDep ROOT lru-cache@10.4.3 OK for: path-scurry@1.11.1 want: ^10.2.0
2220 silly placeDep ROOT nanoid@3.3.18 OK for: postcss@8.5.26 want: ^3.3.17
2221 silly placeDep ROOT source-map-js@1.2.1 OK for: postcss@8.5.26 want: ^1.2.1
2222 silly placeDep ROOT is-promise@2.2.2 OK for: promise-worker-transferable@1.0.4 want: ^2.1.0
2223 silly placeDep ROOT lie@3.3.0 OK for: promise-worker-transferable@1.0.4 want: ^3.0.2
2224 silly fetch manifest immediate@~3.0.5
2225 silly packumentCache full:https://registry.npmjs.org/immediate cache-miss
2226 http fetch GET 200 https://registry.npmjs.org/immediate 29ms (cache miss)
2227 silly packumentCache full:https://registry.npmjs.org/immediate set size:undefined disposed:false
2228 silly placeDep ROOT immediate@3.0.6 OK for: lie@3.3.0 want: ~3.0.5
2229 silly placeDep ROOT loose-envify@1.4.0 OK for: prop-types@15.8.1 want: ^1.4.0
2230 silly placeDep ROOT object-assign@4.1.1 OK for: prop-types@15.8.1 want: ^4.1.1
2231 silly placeDep ROOT react-is@16.13.1 OK for: prop-types@15.8.1 want: ^16.13.1
2232 silly fetch manifest js-tokens@^3.0.0 || ^4.0.0
2233 silly packumentCache full:https://registry.npmjs.org/js-tokens cache-miss
2234 http fetch GET 200 https://registry.npmjs.org/js-tokens 294ms (cache miss)
2235 silly packumentCache full:https://registry.npmjs.org/js-tokens set size:undefined disposed:false
2236 silly placeDep ROOT js-tokens@4.0.0 OK for: loose-envify@1.4.0 want: ^3.0.0 || ^4.0.0
2237 silly placeDep node_modules/react-dom scheduler@0.23.2 OK for: react-dom@18.3.1 want: ^0.23.2
2238 silly placeDep ROOT node-exports-info@1.6.2 OK for: resolve@2.0.0-next.7 want: ^1.6.0
2239 silly placeDep ROOT path-parse@1.0.7 OK for: resolve@2.0.0-next.7 want: ^1.0.7
2240 silly placeDep ROOT supports-preserve-symlinks-flag@1.0.0 OK for: resolve@2.0.0-next.7 want: ^1.0.0
2241 silly placeDep node_modules/node-exports-info semver@6.3.1 OK for: node-exports-info@1.6.2 want: ^6.3.1
2242 silly placeDep node_modules/rimraf glob@7.2.3 OK for: rimraf@3.0.2 want: ^7.1.3
2243 silly fetch manifest once@^1.3.0
2244 silly packumentCache full:https://registry.npmjs.org/once cache-miss
2245 silly fetch manifest inflight@^1.0.4
2246 silly packumentCache full:https://registry.npmjs.org/inflight cache-miss
2247 silly fetch manifest inherits@2
2248 silly packumentCache full:https://registry.npmjs.org/inherits cache-miss
2249 silly fetch manifest fs.realpath@^1.0.0
2250 silly packumentCache full:https://registry.npmjs.org/fs.realpath cache-miss
2251 silly fetch manifest path-is-absolute@^1.0.0
2252 silly packumentCache full:https://registry.npmjs.org/path-is-absolute cache-miss
2253 http fetch GET 200 https://registry.npmjs.org/once 31ms (cache miss)
2254 silly packumentCache full:https://registry.npmjs.org/once set size:undefined disposed:false
2255 http fetch GET 200 https://registry.npmjs.org/inflight 31ms (cache miss)
2256 silly packumentCache full:https://registry.npmjs.org/inflight set size:undefined disposed:false
2257 http fetch GET 200 https://registry.npmjs.org/inherits 33ms (cache miss)
2258 silly packumentCache full:https://registry.npmjs.org/inherits set size:undefined disposed:false
2259 http fetch GET 200 https://registry.npmjs.org/fs.realpath 35ms (cache miss)
2260 silly packumentCache full:https://registry.npmjs.org/fs.realpath set size:undefined disposed:false
2261 http fetch GET 200 https://registry.npmjs.org/path-is-absolute 41ms (cache miss)
2262 silly packumentCache full:https://registry.npmjs.org/path-is-absolute set size:undefined disposed:false
2263 silly placeDep ROOT queue-microtask@1.2.3 OK for: run-parallel@1.2.0 want: ^1.2.2
2264 silly placeDep ROOT isarray@2.0.5 OK for: safe-array-concat@1.1.4 want: ^2.0.5
2265 silly placeDep ROOT shebang-regex@3.0.0 OK for: shebang-command@2.0.0 want: ^3.0.0
2266 silly placeDep ROOT side-channel-list@1.0.1 OK for: side-channel@1.1.1 want: ^1.0.1
2267 silly placeDep ROOT side-channel-map@1.0.1 OK for: side-channel@1.1.1 want: ^1.0.1
2268 silly placeDep ROOT side-channel-weakmap@1.0.2 OK for: side-channel@1.1.1 want: ^1.0.2
2269 silly placeDep ROOT @types/three@0.185.4 OK for: stats-gl@2.4.2 want: *
2270 silly placeDep node_modules/stats-gl three@0.170.0 OK for: stats-gl@2.4.2 want: ^0.170.0
2271 silly fetch manifest fflate@~0.8.2
2272 silly packumentCache full:https://registry.npmjs.org/fflate cache-miss
2273 silly fetch manifest meshoptimizer@~1.1.1
2274 silly packumentCache full:https://registry.npmjs.org/meshoptimizer cache-miss
2275 silly fetch manifest @types/stats.js@*
2276 silly packumentCache full:https://registry.npmjs.org/@types%2fstats.js cache-miss
2277 silly fetch manifest @tweenjs/tween.js@~23.1.3
2278 silly packumentCache full:https://registry.npmjs.org/@tweenjs%2ftween.js cache-miss
2279 silly fetch manifest @dimforge/rapier3d-compat@~0.12.0
2280 silly packumentCache full:https://registry.npmjs.org/@dimforge%2frapier3d-compat cache-miss
2281 http cache https://registry.npmjs.org/fflate 3ms (cache hit)
2282 silly packumentCache full:https://registry.npmjs.org/fflate set size:220550 disposed:false
2283 http fetch GET 200 https://registry.npmjs.org/meshoptimizer 39ms (cache miss)
2284 silly packumentCache full:https://registry.npmjs.org/meshoptimizer set size:undefined disposed:false
2285 http fetch GET 200 https://registry.npmjs.org/@types%2fstats.js 41ms (cache miss)
2286 silly packumentCache full:https://registry.npmjs.org/@types%2fstats.js set size:undefined disposed:false
2287 http fetch GET 200 https://registry.npmjs.org/@dimforge%2frapier3d-compat 62ms (cache miss)
2288 silly packumentCache full:https://registry.npmjs.org/@dimforge%2frapier3d-compat set size:undefined disposed:false
2289 http fetch GET 200 https://registry.npmjs.org/@tweenjs%2ftween.js 309ms (cache miss)
2290 silly packumentCache full:https://registry.npmjs.org/@tweenjs%2ftween.js set size:undefined disposed:false
2291 silly placeDep ROOT @dimforge/rapier3d-compat@0.12.0 OK for: @types/three@0.185.4 want: ~0.12.0
2292 silly placeDep ROOT @tweenjs/tween.js@23.1.3 OK for: @types/three@0.185.4 want: ~23.1.3
2293 silly placeDep ROOT @types/stats.js@0.17.4 OK for: @types/three@0.185.4 want: *
2294 silly placeDep ROOT fflate@0.8.3 OK for: @types/three@0.185.4 want: ~0.8.2
2295 silly placeDep ROOT meshoptimizer@1.1.1 OK for: @types/three@0.185.4 want: ~1.1.1
2296 silly placeDep ROOT eastasianwidth@0.2.0 OK for: string-width@5.1.2 want: ^0.2.0
2297 silly placeDep node_modules/string-width strip-ansi@7.2.0 OK for: string-width@5.1.2 want: ^7.0.1
2298 silly placeDep node_modules/string-width-cjs emoji-regex@8.0.0 OK for: string-width@4.2.3 want: ^8.0.0
2299 silly placeDep ROOT is-fullwidth-code-point@3.0.0 OK for: string-width@4.2.3 want: ^3.0.0
2300 silly placeDep ROOT ansi-regex@5.0.1 OK for: strip-ansi@6.0.1 want: ^5.0.1
2301 silly placeDep ROOT client-only@0.0.1 OK for: styled-jsx@5.1.1 want: 0.0.1
2302 silly placeDep ROOT has-flag@4.0.0 OK for: supports-color@7.2.0 want: ^4.0.0
2303 silly placeDep ROOT @alloc/quick-lru@5.2.0 OK for: tailwindcss@3.4.19 want: ^5.2.0
2304 silly placeDep ROOT arg@5.0.2 OK for: tailwindcss@3.4.19 want: ^5.0.2
2305 silly placeDep ROOT chokidar@3.6.0 OK for: tailwindcss@3.4.19 want: ^3.6.0
2306 silly placeDep ROOT didyoumean@1.2.2 OK for: tailwindcss@3.4.19 want: ^1.2.2
2307 silly placeDep ROOT dlv@1.1.3 OK for: tailwindcss@3.4.19 want: ^1.1.3
2308 silly placeDep ROOT jiti@1.21.7 OK for: tailwindcss@3.4.19 want: ^1.21.7
2309 silly placeDep ROOT lilconfig@3.1.3 OK for: tailwindcss@3.4.19 want: ^3.1.3
2310 silly placeDep ROOT normalize-path@3.0.0 OK for: tailwindcss@3.4.19 want: ^3.0.0
2311 silly placeDep ROOT object-hash@3.0.0 OK for: tailwindcss@3.4.19 want: ^3.0.0
2312 silly placeDep ROOT postcss-import@15.1.0 OK for: tailwindcss@3.4.19 want: ^15.1.0
2313 silly placeDep ROOT postcss-js@4.1.0 OK for: tailwindcss@3.4.19 want: ^4.0.1
2314 silly placeDep ROOT postcss-load-config@6.0.1 OK for: tailwindcss@3.4.19 want: ^4.0.2 || ^5.0 || ^6.0
2315 silly placeDep ROOT postcss-nested@6.2.0 OK for: tailwindcss@3.4.19 want: ^6.2.0
2316 silly placeDep ROOT postcss-selector-parser@6.1.4 OK for: tailwindcss@3.4.19 want: ^6.1.2
2317 silly placeDep node_modules/tailwindcss resolve@1.22.12 OK for: tailwindcss@3.4.19 want: ^1.22.8
2318 silly placeDep ROOT sucrase@3.35.1 OK for: tailwindcss@3.4.19 want: ^3.35.0
2319 silly fetch manifest anymatch@~3.1.2
2320 silly packumentCache full:https://registry.npmjs.org/anymatch cache-miss
2321 silly fetch manifest readdirp@~3.6.0
2322 silly packumentCache full:https://registry.npmjs.org/readdirp cache-miss
2323 silly fetch manifest glob-parent@~5.1.2
2324 silly packumentCache full:https://registry.npmjs.org/glob-parent cache-hit
2325 silly fetch manifest is-binary-path@~2.1.0
2326 silly packumentCache full:https://registry.npmjs.org/is-binary-path cache-miss
2327 silly fetch manifest normalize-path@~3.0.0
2328 silly packumentCache full:https://registry.npmjs.org/normalize-path cache-miss
2329 silly fetch manifest fsevents@~2.3.2
2330 silly packumentCache full:https://registry.npmjs.org/fsevents cache-miss
2331 silly fetch manifest resolve@^1.1.7
2332 silly packumentCache full:https://registry.npmjs.org/resolve cache-hit
2333 silly fetch manifest read-cache@^1.0.0
2334 silly packumentCache full:https://registry.npmjs.org/read-cache cache-miss
2335 silly fetch manifest camelcase-css@^2.0.1
2336 silly packumentCache full:https://registry.npmjs.org/camelcase-css cache-miss
2337 http cache https://registry.npmjs.org/normalize-path 4ms (cache hit)
2338 silly packumentCache full:https://registry.npmjs.org/normalize-path set size:28713 disposed:false
2339 silly fetch manifest postcss-selector-parser@^6.1.1
2340 silly packumentCache full:https://registry.npmjs.org/postcss-selector-parser cache-miss
2341 http cache https://registry.npmjs.org/postcss-selector-parser 2ms (cache hit)
2342 silly packumentCache full:https://registry.npmjs.org/postcss-selector-parser set size:196939 disposed:false
2343 silly fetch manifest cssesc@^3.0.0
2344 silly packumentCache full:https://registry.npmjs.org/cssesc cache-miss
2345 http fetch GET 200 https://registry.npmjs.org/read-cache 32ms (cache miss)
2346 silly packumentCache full:https://registry.npmjs.org/read-cache set size:undefined disposed:false
2347 silly fetch manifest util-deprecate@^1.0.2
2348 silly packumentCache full:https://registry.npmjs.org/util-deprecate cache-miss
2349 http fetch GET 200 https://registry.npmjs.org/is-binary-path 47ms (cache miss)
2350 silly packumentCache full:https://registry.npmjs.org/is-binary-path set size:undefined disposed:false
2351 silly fetch manifest @jridgewell/gen-mapping@^0.3.2
2352 silly packumentCache full:https://registry.npmjs.org/@jridgewell%2fgen-mapping cache-miss
2353 http fetch GET 200 https://registry.npmjs.org/cssesc 40ms (cache miss)
2354 silly packumentCache full:https://registry.npmjs.org/cssesc set size:undefined disposed:false
2355 silly fetch manifest commander@^4.0.0
2356 silly packumentCache full:https://registry.npmjs.org/commander cache-miss
2357 http fetch GET 200 https://registry.npmjs.org/anymatch 51ms (cache miss)
2358 silly packumentCache full:https://registry.npmjs.org/anymatch set size:undefined disposed:false
2359 silly fetch manifest lines-and-columns@^1.1.6
2360 silly packumentCache full:https://registry.npmjs.org/lines-and-columns cache-miss
2361 http fetch GET 200 https://registry.npmjs.org/readdirp 52ms (cache miss)
2362 silly packumentCache full:https://registry.npmjs.org/readdirp set size:undefined disposed:false
2363 silly fetch manifest mz@^2.7.0
2364 silly packumentCache full:https://registry.npmjs.org/mz cache-miss
2365 http fetch GET 200 https://registry.npmjs.org/fsevents 51ms (cache miss)
2366 silly packumentCache full:https://registry.npmjs.org/fsevents set size:undefined disposed:false
2367 silly fetch manifest pirates@^4.0.1
2368 silly packumentCache full:https://registry.npmjs.org/pirates cache-miss
2369 http fetch GET 200 https://registry.npmjs.org/util-deprecate 33ms (cache miss)
2370 silly packumentCache full:https://registry.npmjs.org/util-deprecate set size:undefined disposed:false
2371 silly fetch manifest ts-interface-checker@^0.1.9
2372 silly packumentCache full:https://registry.npmjs.org/ts-interface-checker cache-miss
2373 http fetch GET 200 https://registry.npmjs.org/pirates 34ms (cache miss)
2374 silly packumentCache full:https://registry.npmjs.org/pirates set size:undefined disposed:false
2375 http fetch GET 200 https://registry.npmjs.org/lines-and-columns 42ms (cache miss)
2376 silly packumentCache full:https://registry.npmjs.org/lines-and-columns set size:undefined disposed:false
2377 http fetch GET 200 https://registry.npmjs.org/@jridgewell%2fgen-mapping 44ms (cache miss)
2378 silly packumentCache full:https://registry.npmjs.org/@jridgewell%2fgen-mapping set size:undefined disposed:false
2379 http fetch GET 200 https://registry.npmjs.org/mz 50ms (cache miss)
2380 silly packumentCache full:https://registry.npmjs.org/mz set size:undefined disposed:false
2381 http fetch GET 200 https://registry.npmjs.org/ts-interface-checker 77ms (cache miss)
2382 silly packumentCache full:https://registry.npmjs.org/ts-interface-checker set size:undefined disposed:false
2383 http fetch GET 200 https://registry.npmjs.org/camelcase-css 276ms (cache miss)
2384 silly packumentCache full:https://registry.npmjs.org/camelcase-css set size:undefined disposed:false
2385 http fetch GET 200 https://registry.npmjs.org/commander 248ms (cache miss)
2386 silly packumentCache full:https://registry.npmjs.org/commander set size:undefined disposed:false
2387 silly placeDep ROOT anymatch@3.1.3 OK for: chokidar@3.6.0 want: ~3.1.2
2388 silly placeDep ROOT fsevents@2.3.3 OK for: chokidar@3.6.0 want: ~2.3.2
2389 silly placeDep node_modules/chokidar glob-parent@5.1.2 OK for: chokidar@3.6.0 want: ~5.1.2
2390 silly placeDep ROOT is-binary-path@2.1.0 OK for: chokidar@3.6.0 want: ~2.1.0
2391 silly placeDep ROOT readdirp@3.6.0 OK for: chokidar@3.6.0 want: ~3.6.0
2392 silly fetch manifest binary-extensions@^2.0.0
2393 silly packumentCache full:https://registry.npmjs.org/binary-extensions cache-miss
2394 http fetch GET 200 https://registry.npmjs.org/binary-extensions 33ms (cache miss)
2395 silly packumentCache full:https://registry.npmjs.org/binary-extensions set size:undefined disposed:false
2396 silly placeDep ROOT binary-extensions@2.3.0 OK for: is-binary-path@2.1.0 want: ^2.0.0
2397 silly placeDep ROOT read-cache@1.0.0 OK for: postcss-import@15.1.0 want: ^1.0.0
2398 silly placeDep node_modules/postcss-import resolve@1.22.12 OK for: postcss-import@15.1.0 want: ^1.1.7
2399 silly fetch manifest pify@^2.3.0
2400 silly packumentCache full:https://registry.npmjs.org/pify cache-miss
2401 http fetch GET 200 https://registry.npmjs.org/pify 30ms (cache miss)
2402 silly packumentCache full:https://registry.npmjs.org/pify set size:undefined disposed:false
2403 silly placeDep ROOT camelcase-css@2.0.1 OK for: postcss-js@4.1.0 want: ^2.0.1
2404 silly placeDep ROOT cssesc@3.0.0 OK for: postcss-selector-parser@6.1.4 want: ^3.0.0
2405 silly placeDep ROOT util-deprecate@1.0.2 OK for: postcss-selector-parser@6.1.4 want: ^1.0.2
2406 silly placeDep ROOT pify@2.3.0 OK for: read-cache@1.0.0 want: ^2.3.0
2407 silly placeDep ROOT @jridgewell/gen-mapping@0.3.13 OK for: sucrase@3.35.1 want: ^0.3.2
2408 silly placeDep ROOT commander@4.1.1 OK for: sucrase@3.35.1 want: ^4.0.0
2409 silly placeDep ROOT lines-and-columns@1.2.4 OK for: sucrase@3.35.1 want: ^1.1.6
2410 silly placeDep ROOT mz@2.7.0 OK for: sucrase@3.35.1 want: ^2.7.0
2411 silly placeDep ROOT pirates@4.0.7 OK for: sucrase@3.35.1 want: ^4.0.1
2412 silly placeDep ROOT ts-interface-checker@0.1.13 OK for: sucrase@3.35.1 want: ^0.1.9
2413 silly fetch manifest @jridgewell/trace-mapping@^0.3.24
2414 silly packumentCache full:https://registry.npmjs.org/@jridgewell%2ftrace-mapping cache-miss
2415 silly fetch manifest @jridgewell/sourcemap-codec@^1.5.0
2416 silly packumentCache full:https://registry.npmjs.org/@jridgewell%2fsourcemap-codec cache-miss
2417 silly fetch manifest any-promise@^1.0.0
2418 silly packumentCache full:https://registry.npmjs.org/any-promise cache-miss
2419 silly fetch manifest thenify-all@^1.0.0
2420 silly packumentCache full:https://registry.npmjs.org/thenify-all cache-miss
2421 http fetch GET 200 https://registry.npmjs.org/thenify-all 32ms (cache miss)
2422 silly packumentCache full:https://registry.npmjs.org/thenify-all set size:undefined disposed:false
2423 http fetch GET 200 https://registry.npmjs.org/@jridgewell%2ftrace-mapping 52ms (cache miss)
2424 silly packumentCache full:https://registry.npmjs.org/@jridgewell%2ftrace-mapping set size:undefined disposed:false
2425 http fetch GET 200 https://registry.npmjs.org/any-promise 68ms (cache miss)
2426 silly packumentCache full:https://registry.npmjs.org/any-promise set size:undefined disposed:false
2427 http fetch GET 200 https://registry.npmjs.org/@jridgewell%2fsourcemap-codec 177ms (cache miss)
2428 silly packumentCache full:https://registry.npmjs.org/@jridgewell%2fsourcemap-codec set size:undefined disposed:false
2429 silly placeDep ROOT @jridgewell/sourcemap-codec@1.5.5 OK for: @jridgewell/gen-mapping@0.3.13 want: ^1.5.0
2430 silly placeDep ROOT @jridgewell/trace-mapping@0.3.31 OK for: @jridgewell/gen-mapping@0.3.13 want: ^0.3.24
2431 silly fetch manifest @jridgewell/resolve-uri@^3.1.0
2432 silly packumentCache full:https://registry.npmjs.org/@jridgewell%2fresolve-uri cache-miss
2433 http fetch GET 200 https://registry.npmjs.org/@jridgewell%2fresolve-uri 225ms (cache miss)
2434 silly packumentCache full:https://registry.npmjs.org/@jridgewell%2fresolve-uri set size:undefined disposed:false
2435 silly placeDep ROOT @jridgewell/resolve-uri@3.1.2 OK for: @jridgewell/trace-mapping@0.3.31 want: ^3.1.0
2436 silly placeDep ROOT any-promise@1.3.0 OK for: mz@2.7.0 want: ^1.0.0
2437 silly placeDep ROOT thenify-all@1.6.0 OK for: mz@2.7.0 want: ^1.0.0
2438 silly fetch manifest thenify@>= 3.1.0 < 4
2439 silly packumentCache full:https://registry.npmjs.org/thenify cache-miss
2440 http fetch GET 200 https://registry.npmjs.org/thenify 32ms (cache miss)
2441 silly packumentCache full:https://registry.npmjs.org/thenify set size:undefined disposed:false
2442 silly placeDep ROOT thenify@3.3.1 OK for: thenify-all@1.6.0 want: >= 3.1.0 < 4
2443 silly placeDep ROOT @types/draco3d@1.4.10 OK for: three-stdlib@2.36.1 want: ^1.4.0
2444 silly placeDep ROOT @types/offscreencanvas@2019.7.3 OK for: three-stdlib@2.36.1 want: ^2019.6.4
2445 silly placeDep ROOT draco3d@1.5.7 OK for: three-stdlib@2.36.1 want: ^1.4.1
2446 silly placeDep node_modules/three-stdlib fflate@0.6.11 OK for: three-stdlib@2.36.1 want: ^0.6.9
2447 silly placeDep ROOT potpack@1.0.2 OK for: three-stdlib@2.36.1 want: ^1.0.1
2448 silly placeDep ROOT fdir@6.5.0 OK for: tinyglobby@0.2.17 want: ^6.5.0
2449 silly placeDep node_modules/tinyglobby picomatch@4.0.5 OK for: tinyglobby@0.2.17 want: ^4.0.4
2450 silly placeDep ROOT is-number@7.0.0 OK for: to-regex-range@5.0.1 want: ^7.0.0
2451 silly placeDep ROOT bidi-js@1.0.3 OK for: troika-three-text@0.52.5 want: ^1.0.2
2452 silly placeDep ROOT troika-three-utils@0.52.5 OK for: troika-three-text@0.52.5 want: ^0.52.5
2453 silly placeDep ROOT troika-worker-utils@0.52.0 OK for: troika-three-text@0.52.5 want: ^0.52.0
2454 silly placeDep ROOT webgl-sdf-generator@1.1.1 OK for: troika-three-text@0.52.5 want: 1.1.1
2455 silly fetch manifest require-from-string@^2.0.2
2456 silly packumentCache full:https://registry.npmjs.org/require-from-string cache-miss
2457 http fetch GET 200 https://registry.npmjs.org/require-from-string 31ms (cache miss)
2458 silly packumentCache full:https://registry.npmjs.org/require-from-string set size:undefined disposed:false
2459 silly placeDep ROOT require-from-string@2.0.2 OK for: bidi-js@1.0.3 want: ^2.0.2
2460 silly placeDep ROOT @types/json5@0.0.29 OK for: tsconfig-paths@3.15.0 want: ^0.0.29
2461 silly placeDep ROOT json5@1.0.2 OK for: tsconfig-paths@3.15.0 want: ^1.0.2
2462 silly placeDep ROOT minimist@1.2.8 OK for: tsconfig-paths@3.15.0 want: ^1.2.6
2463 silly placeDep ROOT strip-bom@3.0.0 OK for: tsconfig-paths@3.15.0 want: ^3.0.0
2464 silly fetch manifest minimist@^1.2.0
2465 silly packumentCache full:https://registry.npmjs.org/minimist cache-miss
2466 http cache https://registry.npmjs.org/minimist 1ms (cache hit)
2467 silly packumentCache full:https://registry.npmjs.org/minimist set size:77063 disposed:false
2468 silly placeDep node_modules/tunnel-rat zustand@4.5.7 OK for: tunnel-rat@0.1.2 want: ^4.3.2
2469 silly fetch manifest use-sync-external-store@^1.2.2
2470 silly packumentCache full:https://registry.npmjs.org/use-sync-external-store cache-miss
2471 http fetch GET 200 https://registry.npmjs.org/use-sync-external-store 320ms (cache miss)
2472 silly packumentCache full:https://registry.npmjs.org/use-sync-external-store set size:undefined disposed:false
2473 silly placeDep ROOT for-each@0.3.5 OK for: typed-array-byte-length@1.0.3 want: ^0.3.3
2474 silly placeDep ROOT reflect.getprototypeof@1.0.10 OK for: typed-array-byte-offset@1.0.4 want: ^1.0.9
2475 silly fetch manifest which-builtin-type@^1.2.1
2476 silly packumentCache full:https://registry.npmjs.org/which-builtin-type cache-miss
2477 http fetch GET 200 https://registry.npmjs.org/which-builtin-type 52ms (cache miss)
2478 silly packumentCache full:https://registry.npmjs.org/which-builtin-type set size:undefined disposed:false
2479 silly placeDep ROOT which-builtin-type@1.2.1 OK for: reflect.getprototypeof@1.0.10 want: ^1.2.1
2480 silly fetch manifest is-async-function@^2.0.0
2481 silly packumentCache full:https://registry.npmjs.org/is-async-function cache-miss
2482 silly fetch manifest is-finalizationregistry@^1.1.0
2483 silly packumentCache full:https://registry.npmjs.org/is-finalizationregistry cache-miss
2484 silly fetch manifest is-generator-function@^1.0.10
2485 silly packumentCache full:https://registry.npmjs.org/is-generator-function cache-miss
2486 silly fetch manifest which-boxed-primitive@^1.1.0
2487 silly packumentCache full:https://registry.npmjs.org/which-boxed-primitive cache-miss
2488 silly fetch manifest which-collection@^1.0.2
2489 silly packumentCache full:https://registry.npmjs.org/which-collection cache-miss
2490 http cache https://registry.npmjs.org/which-boxed-primitive 3ms (cache hit)
2491 silly packumentCache full:https://registry.npmjs.org/which-boxed-primitive set size:19407 disposed:false
2492 http fetch GET 200 https://registry.npmjs.org/which-collection 32ms (cache miss)
2493 silly packumentCache full:https://registry.npmjs.org/which-collection set size:undefined disposed:false
2494 http fetch GET 200 https://registry.npmjs.org/is-finalizationregistry 46ms (cache miss)
2495 silly packumentCache full:https://registry.npmjs.org/is-finalizationregistry set size:undefined disposed:false
2496 http fetch GET 200 https://registry.npmjs.org/is-async-function 62ms (cache miss)
2497 silly packumentCache full:https://registry.npmjs.org/is-async-function set size:undefined disposed:false
2498 http fetch GET 200 https://registry.npmjs.org/is-generator-function 113ms (cache miss)
2499 silly packumentCache full:https://registry.npmjs.org/is-generator-function set size:undefined disposed:false
2500 silly placeDep ROOT has-bigints@1.1.0 OK for: unbox-primitive@1.1.0 want: ^1.0.2
2501 silly placeDep ROOT which-boxed-primitive@1.1.1 OK for: unbox-primitive@1.1.0 want: ^1.1.1
2502 silly fetch manifest is-bigint@^1.1.0
2503 silly packumentCache full:https://registry.npmjs.org/is-bigint cache-miss
2504 silly fetch manifest is-boolean-object@^1.2.1
2505 silly packumentCache full:https://registry.npmjs.org/is-boolean-object cache-miss
2506 silly fetch manifest is-number-object@^1.1.1
2507 silly packumentCache full:https://registry.npmjs.org/is-number-object cache-miss
2508 http fetch GET 200 https://registry.npmjs.org/is-boolean-object 32ms (cache miss)
2509 silly packumentCache full:https://registry.npmjs.org/is-boolean-object set size:undefined disposed:false
2510 http fetch GET 200 https://registry.npmjs.org/is-bigint 35ms (cache miss)
2511 silly packumentCache full:https://registry.npmjs.org/is-bigint set size:undefined disposed:false
2512 http fetch GET 200 https://registry.npmjs.org/is-number-object 35ms (cache miss)
2513 silly packumentCache full:https://registry.npmjs.org/is-number-object set size:undefined disposed:false
2514 silly placeDep ROOT @unrs/resolver-binding-android-arm-eabi@1.12.2 OK for: unrs-resolver@1.12.2 want: 1.12.2
2515 silly placeDep ROOT @unrs/resolver-binding-android-arm64@1.12.2 OK for: unrs-resolver@1.12.2 want: 1.12.2
2516 silly placeDep ROOT @unrs/resolver-binding-darwin-arm64@1.12.2 OK for: unrs-resolver@1.12.2 want: 1.12.2
2517 silly placeDep ROOT @unrs/resolver-binding-darwin-x64@1.12.2 OK for: unrs-resolver@1.12.2 want: 1.12.2
2518 silly placeDep ROOT @unrs/resolver-binding-freebsd-x64@1.12.2 OK for: unrs-resolver@1.12.2 want: 1.12.2
2519 silly placeDep ROOT @unrs/resolver-binding-linux-arm-gnueabihf@1.12.2 OK for: unrs-resolver@1.12.2 want: 1.12.2
2520 silly placeDep ROOT @unrs/resolver-binding-linux-arm-musleabihf@1.12.2 OK for: unrs-resolver@1.12.2 want: 1.12.2
2521 silly placeDep ROOT @unrs/resolver-binding-linux-arm64-gnu@1.12.2 OK for: unrs-resolver@1.12.2 want: 1.12.2
2522 silly placeDep ROOT @unrs/resolver-binding-linux-arm64-musl@1.12.2 OK for: unrs-resolver@1.12.2 want: 1.12.2
2523 silly placeDep ROOT @unrs/resolver-binding-linux-loong64-gnu@1.12.2 OK for: unrs-resolver@1.12.2 want: 1.12.2
2524 silly placeDep ROOT @unrs/resolver-binding-linux-loong64-musl@1.12.2 OK for: unrs-resolver@1.12.2 want: 1.12.2
2525 silly placeDep ROOT @unrs/resolver-binding-linux-ppc64-gnu@1.12.2 OK for: unrs-resolver@1.12.2 want: 1.12.2
2526 silly placeDep ROOT @unrs/resolver-binding-linux-riscv64-gnu@1.12.2 OK for: unrs-resolver@1.12.2 want: 1.12.2
2527 silly placeDep ROOT @unrs/resolver-binding-linux-riscv64-musl@1.12.2 OK for: unrs-resolver@1.12.2 want: 1.12.2
2528 silly placeDep ROOT @unrs/resolver-binding-linux-s390x-gnu@1.12.2 OK for: unrs-resolver@1.12.2 want: 1.12.2
2529 silly placeDep ROOT @unrs/resolver-binding-linux-x64-gnu@1.12.2 OK for: unrs-resolver@1.12.2 want: 1.12.2
2530 silly placeDep ROOT @unrs/resolver-binding-linux-x64-musl@1.12.2 OK for: unrs-resolver@1.12.2 want: 1.12.2
2531 silly placeDep ROOT @unrs/resolver-binding-openharmony-arm64@1.12.2 OK for: unrs-resolver@1.12.2 want: 1.12.2
2532 silly placeDep ROOT @unrs/resolver-binding-wasm32-wasi@1.12.2 OK for: unrs-resolver@1.12.2 want: 1.12.2
2533 silly placeDep ROOT @unrs/resolver-binding-win32-arm64-msvc@1.12.2 OK for: unrs-resolver@1.12.2 want: 1.12.2
2534 silly placeDep ROOT @unrs/resolver-binding-win32-ia32-msvc@1.12.2 OK for: unrs-resolver@1.12.2 want: 1.12.2
2535 silly placeDep ROOT @unrs/resolver-binding-win32-x64-msvc@1.12.2 OK for: unrs-resolver@1.12.2 want: 1.12.2
2536 silly placeDep ROOT napi-postinstall@0.3.4 OK for: unrs-resolver@1.12.2 want: ^0.3.4
2537 silly fetch manifest @napi-rs/wasm-runtime@^1.1.4
2538 silly packumentCache full:https://registry.npmjs.org/@napi-rs%2fwasm-runtime cache-miss
2539 silly fetch manifest @emnapi/core@1.10.0
2540 silly packumentCache full:https://registry.npmjs.org/@emnapi%2fcore cache-miss
2541 silly fetch manifest @emnapi/runtime@1.10.0
2542 silly packumentCache full:https://registry.npmjs.org/@emnapi%2fruntime cache-miss
2543 http fetch GET 200 https://registry.npmjs.org/@napi-rs%2fwasm-runtime 39ms (cache miss)
2544 silly packumentCache full:https://registry.npmjs.org/@napi-rs%2fwasm-runtime set size:undefined disposed:false
2545 http fetch GET 200 https://registry.npmjs.org/@emnapi%2fcore 98ms (cache miss)
2546 silly packumentCache full:https://registry.npmjs.org/@emnapi%2fcore set size:undefined disposed:false
2547 http fetch GET 200 https://registry.npmjs.org/@emnapi%2fruntime 115ms (cache miss)
2548 silly packumentCache full:https://registry.npmjs.org/@emnapi%2fruntime set size:undefined disposed:false
2549 silly placeDep ROOT @emnapi/core@1.10.0 OK for: @unrs/resolver-binding-wasm32-wasi@1.12.2 want: 1.10.0
2550 silly placeDep ROOT @emnapi/runtime@1.10.0 OK for: @unrs/resolver-binding-wasm32-wasi@1.12.2 want: 1.10.0
2551 silly placeDep ROOT @napi-rs/wasm-runtime@1.2.3 OK for: @unrs/resolver-binding-wasm32-wasi@1.12.2 want: ^1.1.4
2552 silly fetch manifest @emnapi/wasi-threads@1.2.1
2553 silly packumentCache full:https://registry.npmjs.org/@emnapi%2fwasi-threads cache-miss
2554 silly fetch manifest @tybys/wasm-util@^0.10.3
2555 silly packumentCache full:https://registry.npmjs.org/@tybys%2fwasm-util cache-miss
2556 http fetch GET 200 https://registry.npmjs.org/@tybys%2fwasm-util 41ms (cache miss)
2557 silly packumentCache full:https://registry.npmjs.org/@tybys%2fwasm-util set size:undefined disposed:false
2558 http fetch GET 200 https://registry.npmjs.org/@emnapi%2fwasi-threads 70ms (cache miss)
2559 silly packumentCache full:https://registry.npmjs.org/@emnapi%2fwasi-threads set size:undefined disposed:false
2560 silly placeDep ROOT @emnapi/wasi-threads@1.2.1 OK for: @emnapi/core@1.10.0 want: 1.2.1
2561 silly placeDep ROOT @tybys/wasm-util@0.10.3 OK for: @napi-rs/wasm-runtime@1.2.3 want: ^0.10.3
2562 silly placeDep ROOT escalade@3.2.0 OK for: update-browserslist-db@1.3.1 want: ^3.2.0
2563 silly placeDep ROOT punycode@2.3.1 OK for: uri-js@4.4.1 want: ^2.1.0
2564 silly placeDep ROOT isexe@2.0.0 OK for: which@2.0.2 want: ^2.0.0
2565 silly placeDep ROOT is-bigint@1.1.0 OK for: which-boxed-primitive@1.1.1 want: ^1.1.0
2566 silly placeDep ROOT is-boolean-object@1.2.2 OK for: which-boxed-primitive@1.1.1 want: ^1.2.1
2567 silly placeDep ROOT is-number-object@1.1.1 OK for: which-boxed-primitive@1.1.1 want: ^1.1.1
2568 silly placeDep ROOT is-async-function@2.1.1 OK for: which-builtin-type@1.2.1 want: ^2.0.0
2569 silly placeDep ROOT is-finalizationregistry@1.1.1 OK for: which-builtin-type@1.2.1 want: ^1.1.0
2570 silly placeDep ROOT is-generator-function@1.1.2 OK for: which-builtin-type@1.2.1 want: ^1.0.10
2571 silly placeDep ROOT which-collection@1.0.2 OK for: which-builtin-type@1.2.1 want: ^1.0.2
2572 silly fetch manifest async-function@^1.0.0
2573 silly packumentCache full:https://registry.npmjs.org/async-function cache-miss
2574 silly fetch manifest generator-function@^2.0.0
2575 silly packumentCache full:https://registry.npmjs.org/generator-function cache-miss
2576 silly fetch manifest is-map@^2.0.3
2577 silly packumentCache full:https://registry.npmjs.org/is-map cache-miss
2578 silly fetch manifest is-weakmap@^2.0.2
2579 silly packumentCache full:https://registry.npmjs.org/is-weakmap cache-miss
2580 silly fetch manifest is-weakset@^2.0.3
2581 silly packumentCache full:https://registry.npmjs.org/is-weakset cache-miss
2582 http fetch GET 200 https://registry.npmjs.org/is-map 31ms (cache miss)
2583 silly packumentCache full:https://registry.npmjs.org/is-map set size:undefined disposed:false
2584 http fetch GET 200 https://registry.npmjs.org/generator-function 38ms (cache miss)
2585 silly packumentCache full:https://registry.npmjs.org/generator-function set size:undefined disposed:false
2586 http fetch GET 200 https://registry.npmjs.org/is-weakmap 43ms (cache miss)
2587 silly packumentCache full:https://registry.npmjs.org/is-weakmap set size:undefined disposed:false
2588 http fetch GET 200 https://registry.npmjs.org/is-weakset 46ms (cache miss)
2589 silly packumentCache full:https://registry.npmjs.org/is-weakset set size:undefined disposed:false
2590 http fetch GET 200 https://registry.npmjs.org/async-function 96ms (cache miss)
2591 silly packumentCache full:https://registry.npmjs.org/async-function set size:undefined disposed:false
2592 silly placeDep ROOT async-function@1.0.0 OK for: is-async-function@2.1.1 want: ^1.0.0
2593 silly placeDep ROOT generator-function@2.0.1 OK for: is-generator-function@1.1.2 want: ^2.0.0
2594 silly placeDep ROOT is-map@2.0.3 OK for: which-collection@1.0.2 want: ^2.0.3
2595 silly placeDep ROOT is-weakmap@2.0.2 OK for: which-collection@1.0.2 want: ^2.0.2
2596 silly placeDep ROOT is-weakset@2.0.4 OK for: which-collection@1.0.2 want: ^2.0.3
2597 silly placeDep node_modules/wrap-ansi ansi-styles@6.2.3 OK for: wrap-ansi@8.1.0 want: ^6.1.0
2598 silly placeDep node_modules/wrap-ansi strip-ansi@7.2.0 OK for: wrap-ansi@8.1.0 want: ^7.0.1
2599 silly placeDep node_modules/wrap-ansi-cjs string-width@4.2.3 OK for: wrap-ansi@7.0.0 want: ^4.1.0
2600 silly placeDep node_modules/@isaacs/cliui ansi-regex@6.2.2 OK for: strip-ansi@7.2.0 want: ^6.2.2
2601 silly placeDep node_modules/@typescript-eslint/typescript-estree brace-expansion@2.1.4 OK for: minimatch@9.0.3 want: ^2.0.1
2602 silly placeDep node_modules/glob brace-expansion@2.1.4 OK for: minimatch@9.0.9 want: ^2.0.2
2603 silly placeDep ROOT fs.realpath@1.0.0 OK for: glob@7.2.3 want: ^1.0.0
2604 silly placeDep ROOT inflight@1.0.6 OK for: glob@7.2.3 want: ^1.0.4
2605 silly placeDep ROOT inherits@2.0.4 OK for: glob@7.2.3 want: 2
2606 silly placeDep ROOT once@1.4.0 OK for: glob@7.2.3 want: ^1.3.0
2607 silly placeDep ROOT path-is-absolute@1.0.1 OK for: glob@7.2.3 want: ^1.0.0
2608 silly fetch manifest wrappy@1
2609 silly packumentCache full:https://registry.npmjs.org/wrappy cache-miss
2610 silly fetch manifest wrappy@1
2611 silly packumentCache full:https://registry.npmjs.org/wrappy cache-miss
2612 http fetch GET 200 https://registry.npmjs.org/wrappy 28ms (cache miss)
2613 silly packumentCache full:https://registry.npmjs.org/wrappy set size:undefined disposed:false
2614 http fetch GET 200 https://registry.npmjs.org/wrappy 40ms (cache miss)
2615 silly packumentCache full:https://registry.npmjs.org/wrappy set size:undefined disposed:false
2616 silly placeDep ROOT wrappy@1.0.2 OK for: inflight@1.0.6 want: 1
2617 silly placeDep node_modules/string-width ansi-regex@6.2.2 OK for: strip-ansi@7.2.0 want: ^6.2.2
2618 silly placeDep ROOT use-sync-external-store@1.6.0 OK for: zustand@4.5.7 want: ^1.2.2
2619 silly placeDep node_modules/wrap-ansi-cjs emoji-regex@8.0.0 OK for: string-width@4.2.3 want: ^8.0.0
2620 silly placeDep node_modules/wrap-ansi ansi-regex@6.2.2 OK for: strip-ansi@7.2.0 want: ^6.2.2
2621 silly reify moves {}
2622 silly audit bulk request {
2622 silly audit   '@react-three/drei': [ '9.122.0' ],
2622 silly audit   '@react-three/fiber': [ '8.18.0' ],
2622 silly audit   autoprefixer: [ '10.5.4' ],
2622 silly audit   eslint: [ '8.57.0' ],
2622 silly audit   'eslint-config-next': [ '14.2.5' ],
2622 silly audit   gsap: [ '3.15.0' ],
2622 silly audit   'lucide-react': [ '0.484.0' ],
2622 silly audit   next: [ '14.2.5' ],
2622 silly audit   postcss: [ '8.5.26', '8.4.31' ],
2622 silly audit   react: [ '18.3.1' ],
2622 silly audit   'react-dom': [ '18.3.1' ],
2622 silly audit   tailwindcss: [ '3.4.19' ],
2622 silly audit   three: [ '0.163.0', '0.170.0' ],
2622 silly audit   '@babel/runtime': [ '7.29.7' ],
2622 silly audit   '@mediapipe/tasks-vision': [ '0.10.17' ],
2622 silly audit   '@monogrid/gainmap-js': [ '3.4.0' ],
2622 silly audit   '@react-spring/three': [ '9.7.5' ],
2622 silly audit   '@use-gesture/react': [ '10.3.1' ],
2622 silly audit   'camera-controls': [ '2.10.1' ],
2622 silly audit   'cross-env': [ '7.0.3' ],
2622 silly audit   'detect-gpu': [ '5.0.70' ],
2622 silly audit   'glsl-noise': [ '0.0.0' ],
2622 silly audit   'hls.js': [ '1.6.18' ],
2622 silly audit   maath: [ '0.10.8' ],
2622 silly audit   meshline: [ '3.3.1' ],
2622 silly audit   'react-composer': [ '5.0.3' ],
2622 silly audit   'stats-gl': [ '2.4.2' ],
2622 silly audit   'stats.js': [ '0.17.0' ],
2622 silly audit   'suspend-react': [ '0.1.3' ],
2622 silly audit   'three-mesh-bvh': [ '0.7.8' ],
2622 silly audit   'three-stdlib': [ '2.36.1' ],
2622 silly audit   'troika-three-text': [ '0.52.5' ],
2622 silly audit   'tunnel-rat': [ '0.1.2' ],
2622 silly audit   'utility-types': [ '3.11.0' ],
2622 silly audit   zustand: [ '5.0.14', '3.7.2', '4.5.7' ],
2622 silly audit   'promise-worker-transferable': [ '1.0.4' ],
2622 silly audit   '@react-spring/animated': [ '9.7.5' ],
2622 silly audit   '@react-spring/core': [ '9.7.5' ],
2622 silly audit   '@react-spring/shared': [ '9.7.5' ],
2622 silly audit   '@react-spring/types': [ '9.7.5' ],
2622 silly audit   '@react-spring/rafz': [ '9.7.5' ],
2622 silly audit   '@types/react-reconciler': [ '0.26.7', '0.28.9' ],
2622 silly audit   '@types/webxr': [ '0.5.24' ],
2622 silly audit   'base64-js': [ '1.5.1' ],
2622 silly audit   buffer: [ '6.0.3' ],
2622 silly audit   'its-fine': [ '1.2.5' ],
2622 silly audit   'react-reconciler': [ '0.27.0' ],
2622 silly audit   'react-use-measure': [ '2.1.7' ],
2622 silly audit   scheduler: [ '0.21.0', '0.23.2' ],
2622 silly audit   '@types/react': [ '19.2.18' ],
2622 silly audit   csstype: [ '3.2.3' ],
2622 silly audit   '@use-gesture/core': [ '10.3.1' ],
2622 silly audit   browserslist: [ '4.28.8' ],
2622 silly audit   'caniuse-lite': [ '1.0.30001809' ],
2622 silly audit   'fraction.js': [ '5.3.4' ],
2622 silly audit   picocolors: [ '1.1.1' ],
2622 silly audit   'postcss-value-parser': [ '4.2.0' ],
2622 silly audit   'baseline-browser-mapping': [ '2.11.13' ],
2622 silly audit   'electron-to-chromium': [ '1.5.405' ],
2622 silly audit   'node-releases': [ '2.0.53' ],
2622 silly audit   'update-browserslist-db': [ '1.3.1' ],
2622 silly audit   ieee754: [ '1.2.1' ],
2622 silly audit   'cross-spawn': [ '7.0.6' ],
2622 silly audit   'path-key': [ '3.1.1' ],
2622 silly audit   'shebang-command': [ '2.0.0' ],
2622 silly audit   which: [ '2.0.2' ],
2622 silly audit   'webgl-constants': [ '1.1.1' ],
2622 silly audit   '@eslint-community/eslint-utils': [ '4.10.1' ],
2622 silly audit   '@eslint-community/regexpp': [ '4.12.2' ],
2622 silly audit   '@eslint/eslintrc': [ '2.1.4' ],
2622 silly audit   '@eslint/js': [ '8.57.0' ],
2622 silly audit   '@humanwhocodes/config-array': [ '0.11.14' ],
2622 silly audit   '@humanwhocodes/module-importer': [ '1.0.1' ],
2622 silly audit   '@nodelib/fs.walk': [ '1.2.8' ],
2622 silly audit   '@ungap/structured-clone': [ '1.3.3' ],
2622 silly audit   ajv: [ '6.15.0' ],
2622 silly audit   chalk: [ '4.1.2' ],
2622 silly audit   debug: [ '4.4.3', '3.2.7' ],
2622 silly audit   doctrine: [ '3.0.0', '2.1.0' ],
2622 silly audit   'escape-string-regexp': [ '4.0.0' ],
2622 silly audit   'eslint-scope': [ '7.2.2' ],
2622 silly audit   'eslint-visitor-keys': [ '3.4.3' ],
2622 silly audit   espree: [ '9.6.1' ],
2622 silly audit   esquery: [ '1.7.0' ],
2622 silly audit   esutils: [ '2.0.3' ],
2622 silly audit   'fast-deep-equal': [ '3.1.3' ],
2622 silly audit   'file-entry-cache': [ '6.0.1' ],
2622 silly audit   'find-up': [ '5.0.0' ],
2622 silly audit   'glob-parent': [ '6.0.2', '5.1.2' ],
2622 silly audit   globals: [ '13.24.0' ],
2622 silly audit   graphemer: [ '1.4.0' ],
2622 silly audit   ignore: [ '5.3.2' ],
2622 silly audit   imurmurhash: [ '0.1.4' ],
2622 silly audit   'is-glob': [ '4.0.3' ],
2622 silly audit   'is-path-inside': [ '3.0.3' ],
2622 silly audit   'js-yaml': [ '4.3.1' ],
2622 silly audit   'json-stable-stringify-without-jsonify': [ '1.0.1' ],
2622 silly audit   levn: [ '0.4.1' ],
2622 silly audit   'lodash.merge': [ '4.6.2' ],
2622 silly audit   minimatch: [ '3.1.5', '9.0.3', '9.0.9' ],
2622 silly audit   'natural-compare': [ '1.4.0' ],
2622 silly audit   optionator: [ '0.9.4' ],
2622 silly audit   'strip-ansi': [ '6.0.1', '7.2.0' ],
2622 silly audit   'text-table': [ '0.2.0' ],
2622 silly audit   'import-fresh': [ '3.3.1' ],
2622 silly audit   'strip-json-comments': [ '3.1.1' ],
2622 silly audit   '@humanwhocodes/object-schema': [ '2.0.3' ],
2622 silly audit   '@nodelib/fs.scandir': [ '2.1.5' ],
2622 silly audit   fastq: [ '1.20.1' ],
2622 silly audit   '@nodelib/fs.stat': [ '2.0.5' ],
2622 silly audit   'run-parallel': [ '1.2.0' ],
2622 silly audit   'fast-json-stable-stringify': [ '2.1.0' ],
2622 silly audit   'json-schema-traverse': [ '0.4.1' ],
2622 silly audit   'uri-js': [ '4.4.1' ],
2622 silly audit   'ansi-styles': [ '4.3.0', '6.2.3' ],
2622 silly audit   'supports-color': [ '7.2.0' ],
2622 silly audit   'color-convert': [ '2.0.1' ],
2622 silly audit   'color-name': [ '1.1.4' ],
2622 silly audit   ms: [ '2.1.3' ],
2622 silly audit   '@next/eslint-plugin-next': [ '14.2.5' ],
2622 silly audit   '@rushstack/eslint-patch': [ '1.16.1' ],
2622 silly audit   '@typescript-eslint/parser': [ '7.2.0' ],
2622 silly audit   'eslint-import-resolver-node': [ '0.3.10' ],
2622 silly audit   'eslint-import-resolver-typescript': [ '3.10.1' ],
2622 silly audit   'eslint-plugin-import': [ '2.32.0' ],
2622 silly audit   'eslint-plugin-jsx-a11y': [ '6.10.2' ],
2622 silly audit   'eslint-plugin-react': [ '7.37.5' ],
2622 silly audit   'eslint-plugin-react-hooks': [ '5.0.0-canary-7118f5dd7-20230705' ],
2622 silly audit   glob: [ '10.3.10', '7.2.3' ],
2622 silly audit   '@typescript-eslint/scope-manager': [ '7.2.0' ],
2622 silly audit   '@typescript-eslint/types': [ '7.2.0' ],
2622 silly audit   '@typescript-eslint/typescript-estree': [ '7.2.0' ],
2622 silly audit   '@typescript-eslint/visitor-keys': [ '7.2.0' ],
2622 silly audit   globby: [ '11.1.0' ],
2622 silly audit   semver: [ '7.8.5', '6.3.1' ],
2622 silly audit   'ts-api-utils': [ '1.4.3' ],
2622 silly audit   'is-core-module': [ '2.16.2' ],
2622 silly audit   resolve: [ '2.0.0-next.7', '1.22.12' ],
2622 silly audit   '@nolyfill/is-core-module': [ '1.0.39' ],
2622 silly audit   'get-tsconfig': [ '4.14.1' ],
2622 silly audit   'is-bun-module': [ '2.0.0' ],
2622 silly audit   'stable-hash': [ '0.0.5' ],
2622 silly audit   tinyglobby: [ '0.2.17' ],
2622 silly audit   'unrs-resolver': [ '1.12.2' ],
2622 silly audit   '@rtsao/scc': [ '1.1.0' ],
2622 silly audit   'array-includes': [ '3.1.9' ],
2622 silly audit   'array.prototype.findlastindex': [ '1.2.6' ],
2622 silly audit   'array.prototype.flat': [ '1.3.3' ],
2622 silly audit   'array.prototype.flatmap': [ '1.3.3' ],
2622 silly audit   'eslint-module-utils': [ '2.14.0' ],
2622 silly audit   hasown: [ '2.0.4' ],
2622 silly audit   'object.fromentries': [ '2.0.8' ],
2622 silly audit   'object.groupby': [ '1.0.3' ],
2622 silly audit   'object.values': [ '1.2.1' ],
2622 silly audit   'string.prototype.trimend': [ '1.0.10' ],
2622 silly audit   'tsconfig-paths': [ '3.15.0' ],
2622 silly audit   'call-bind': [ '1.0.9' ],
2622 silly audit   'call-bound': [ '1.0.4' ],
2622 silly audit   'define-properties': [ '1.2.1' ],
2622 silly audit   'es-abstract': [ '1.24.2' ],
2622 silly audit   'es-object-atoms': [ '1.1.2' ],
2622 silly audit   'get-intrinsic': [ '1.3.0' ],
2622 silly audit   'is-string': [ '1.1.1' ],
2622 silly audit   'math-intrinsics': [ '1.1.0' ],
2622 silly audit   'es-errors': [ '1.3.0' ],
2622 silly audit   'es-shim-unscopables': [ '1.1.0' ],
2622 silly audit   'call-bind-apply-helpers': [ '1.0.2' ],
2622 silly audit   'es-define-property': [ '1.0.1' ],
2622 silly audit   'set-function-length': [ '1.2.2' ],
2622 silly audit   'function-bind': [ '1.1.2' ],
2622 silly audit   'define-data-property': [ '1.1.4' ],
2622 silly audit   'has-property-descriptors': [ '1.0.2' ],
2622 silly audit   'object-keys': [ '1.1.1' ],
2622 silly audit   gopd: [ '1.2.0' ],
2622 silly audit   'array-buffer-byte-length': [ '1.0.2' ],
2622 silly audit   'arraybuffer.prototype.slice': [ '1.0.4' ],
2622 silly audit   'available-typed-arrays': [ '1.0.7' ],
2622 silly audit   'data-view-buffer': [ '1.0.2' ],
2622 silly audit   'data-view-byte-length': [ '1.0.2' ],
2622 silly audit   'data-view-byte-offset': [ '1.0.1' ],
2622 silly audit   'es-set-tostringtag': [ '2.1.0' ],
2622 silly audit   'es-to-primitive': [ '1.3.4' ],
2622 silly audit   'function.prototype.name': [ '1.2.0' ],
2622 silly audit   'get-proto': [ '1.0.1' ],
2622 silly audit   'get-symbol-description': [ '1.1.0' ],
2622 silly audit   globalthis: [ '1.0.4' ],
2622 silly audit   'has-proto': [ '1.2.0' ],
2622 silly audit   'has-symbols': [ '1.1.0' ],
2622 silly audit   'internal-slot': [ '1.1.0' ],
2622 silly audit   'is-array-buffer': [ '3.0.5' ],
2622 silly audit   'is-callable': [ '1.2.7' ],
2622 silly audit   'is-data-view': [ '1.0.2' ],
2622 silly audit   'is-negative-zero': [ '2.0.3' ],
2622 silly audit   'is-regex': [ '1.2.1' ],
2622 silly audit   'is-set': [ '2.0.3' ],
2622 silly audit   'is-shared-array-buffer': [ '1.0.4' ],
2622 silly audit   'is-typed-array': [ '1.1.15' ],
2622 silly audit   'is-weakref': [ '1.1.1' ],
2622 silly audit   'object-inspect': [ '1.13.4' ],
2622 silly audit   'object.assign': [ '4.1.7' ],
2622 silly audit   'own-keys': [ '1.0.2' ],
2622 silly audit   'regexp.prototype.flags': [ '1.5.4' ],
2622 silly audit   'safe-array-concat': [ '1.1.4' ],
2622 silly audit   'safe-push-apply': [ '1.0.0' ],
2622 silly audit   'safe-regex-test': [ '1.1.0' ],
2622 silly audit   'set-proto': [ '1.0.0' ],
2622 silly audit   'stop-iteration-iterator': [ '1.1.0' ],
2622 silly audit   'string.prototype.trim': [ '1.2.11' ],
2622 silly audit   'string.prototype.trimstart': [ '1.0.8' ],
2622 silly audit   'typed-array-buffer': [ '1.0.3' ],
2622 silly audit   'typed-array-byte-length': [ '1.0.3' ],
2622 silly audit   'typed-array-byte-offset': [ '1.0.4' ],
2622 silly audit   'typed-array-length': [ '1.0.8' ],
2622 silly audit   'unbox-primitive': [ '1.1.0' ],
2622 silly audit   'which-typed-array': [ '1.1.22' ],
2622 silly audit   'possible-typed-array-names': [ '1.1.0' ],
2622 silly audit   'has-tostringtag': [ '1.0.2' ],
2622 silly audit   'es-abstract-get': [ '1.0.0' ],
2622 silly audit   'is-date-object': [ '1.1.0' ],
2622 silly audit   'is-symbol': [ '1.1.1' ],
2622 silly audit   'aria-query': [ '5.3.2' ],
2622 silly audit   'ast-types-flow': [ '0.0.8' ],
2622 silly audit   'axe-core': [ '4.13.0' ],
2622 silly audit   'axobject-query': [ '4.1.0' ],
2622 silly audit   'damerau-levenshtein': [ '1.0.8' ],
2622 silly audit   'emoji-regex': [ '9.2.2', '8.0.0' ],
2622 silly audit   'jsx-ast-utils': [ '3.3.5' ],
2622 silly audit   'language-tags': [ '1.0.9' ],
2622 silly audit   'string.prototype.includes': [ '2.0.1' ],
2622 silly audit   'array.prototype.findlast': [ '1.2.5' ],
2622 silly audit   'array.prototype.tosorted': [ '1.1.4' ],
2622 silly audit   'es-iterator-helpers': [ '1.4.0' ],
2622 silly audit   estraverse: [ '5.3.0' ],
2622 silly audit   'object.entries': [ '1.1.9' ],
2622 silly audit   'prop-types': [ '15.8.1' ],
2622 silly audit   'string.prototype.matchall': [ '4.0.12' ],
2622 silly audit   'string.prototype.repeat': [ '1.0.0' ],
2622 silly audit   'iterator.prototype': [ '1.1.5' ],
2622 silly audit   esrecurse: [ '4.3.0' ],
2622 silly audit   acorn: [ '8.18.0' ],
2622 silly audit   'acorn-jsx': [ '5.3.2' ],
2622 silly audit   reusify: [ '1.1.0' ],
2622 silly audit   'flat-cache': [ '3.2.0' ],
2622 silly audit   'locate-path': [ '6.0.0' ],
2622 silly audit   'path-exists': [ '4.0.0' ],
2622 silly audit   flatted: [ '3.4.4' ],
2622 silly audit   keyv: [ '4.5.4' ],
2622 silly audit   rimraf: [ '3.0.2' ],
2622 silly audit   'functions-have-names': [ '1.2.3' ],
2622 silly audit   'is-document.all': [ '1.0.0' ],
2622 silly audit   'dunder-proto': [ '1.0.1' ],
2622 silly audit   'resolve-pkg-maps': [ '1.0.0' ],
2622 silly audit   'foreground-child': [ '3.3.1' ],
2622 silly audit   jackspeak: [ '2.3.6' ],
2622 silly audit   minipass: [ '7.1.3' ],
2622 silly audit   'path-scurry': [ '1.11.1' ],
2622 silly audit   'signal-exit': [ '4.1.0' ],
2622 silly audit   'type-fest': [ '0.20.2' ],
2622 silly audit   'array-union': [ '2.1.0' ],
2622 silly audit   'dir-glob': [ '3.0.1' ],
2622 silly audit   'fast-glob': [ '3.3.3' ],
2622 silly audit   merge2: [ '1.4.1' ],
2622 silly audit   slash: [ '3.0.0' ],
2622 silly audit   'path-type': [ '4.0.0' ],
2622 silly audit   micromatch: [ '4.0.8' ],
2622 silly audit   'parent-module': [ '1.0.1' ],
2622 silly audit   'resolve-from': [ '4.0.0' ],
2622 silly audit   'side-channel': [ '1.1.1' ],
2622 silly audit   'is-extglob': [ '2.1.1' ],
2622 silly audit   'set-function-name': [ '2.0.2' ],
2622 silly audit   '@isaacs/cliui': [ '8.0.2' ],
2622 silly audit   '@pkgjs/parseargs': [ '0.11.0' ],
2622 silly audit   'string-width': [ '5.1.2', '4.2.3' ],
2622 silly audit   'wrap-ansi': [ '8.1.0', '7.0.0' ],
2622 silly audit   argparse: [ '2.0.1' ],
2622 silly audit   'json-buffer': [ '3.0.1' ],
2622 silly audit   'language-subtag-registry': [ '0.3.23' ],
2622 silly audit   'prelude-ls': [ '1.2.1' ],
2622 silly audit   'type-check': [ '0.4.0' ],
2622 silly audit   'p-locate': [ '5.0.0' ],
2622 silly audit   braces: [ '3.0.3' ],
2622 silly audit   picomatch: [ '2.3.2', '4.0.5' ],
2622 silly audit   'fill-range': [ '7.1.1' ],
2622 silly audit   'to-regex-range': [ '5.0.1' ],
2622 silly audit   'brace-expansion': [ '1.1.18', '2.1.4' ],
2622 silly audit   'balanced-match': [ '1.0.2' ],
2622 silly audit   'concat-map': [ '0.0.1' ],
2622 silly audit   '@next/env': [ '14.2.5' ],
2622 silly audit   '@next/swc-darwin-arm64': [ '14.2.5' ],
2622 silly audit   '@next/swc-darwin-x64': [ '14.2.5' ],
2622 silly audit   '@next/swc-linux-arm64-gnu': [ '14.2.5' ],
2622 silly audit   '@next/swc-linux-arm64-musl': [ '14.2.5' ],
2622 silly audit   '@next/swc-linux-x64-gnu': [ '14.2.5' ],
2622 silly audit   '@next/swc-linux-x64-musl': [ '14.2.5' ],
2622 silly audit   '@next/swc-win32-arm64-msvc': [ '14.2.5' ],
2622 silly audit   '@next/swc-win32-ia32-msvc': [ '14.2.5' ],
2622 silly audit   '@next/swc-win32-x64-msvc': [ '14.2.5' ],
2622 silly audit   '@swc/helpers': [ '0.5.5' ],
2622 silly audit   busboy: [ '1.6.0' ],
2622 silly audit   'graceful-fs': [ '4.2.11' ],
2622 silly audit   'styled-jsx': [ '5.1.1' ],
2622 silly audit   '@swc/counter': [ '0.1.3' ],
2622 silly audit   tslib: [ '2.8.1' ],
2622 silly audit   streamsearch: [ '1.1.0' ],
2622 silly audit   'deep-is': [ '0.1.4' ],
2622 silly audit   'fast-levenshtein': [ '2.0.6' ],
2622 silly audit   'word-wrap': [ '1.2.5' ],
2622 silly audit   'p-limit': [ '3.1.0' ],
2622 silly audit   'yocto-queue': [ '0.1.0' ],
2622 silly audit   callsites: [ '3.1.0' ],
2622 silly audit   'lru-cache': [ '10.4.3' ],
2622 silly audit   nanoid: [ '3.3.18' ],
2622 silly audit   'source-map-js': [ '1.2.1' ],
2622 silly audit   'is-promise': [ '2.2.2' ],
2622 silly audit   lie: [ '3.3.0' ],
2622 silly audit   immediate: [ '3.0.6' ],
2622 silly audit   'loose-envify': [ '1.4.0' ],
2622 silly audit   'object-assign': [ '4.1.1' ],
2622 silly audit   'react-is': [ '16.13.1' ],
2622 silly audit   'js-tokens': [ '4.0.0' ],
2622 silly audit   'node-exports-info': [ '1.6.2' ],
2622 silly audit   'path-parse': [ '1.0.7' ],
2622 silly audit   'supports-preserve-symlinks-flag': [ '1.0.0' ],
2622 silly audit   'queue-microtask': [ '1.2.3' ],
2622 silly audit   isarray: [ '2.0.5' ],
2622 silly audit   'shebang-regex': [ '3.0.0' ],
2622 silly audit   'side-channel-list': [ '1.0.1' ],
2622 silly audit   'side-channel-map': [ '1.0.1' ],
2622 silly audit   'side-channel-weakmap': [ '1.0.2' ],
2622 silly audit   '@types/three': [ '0.185.4' ],
2622 silly audit   '@dimforge/rapier3d-compat': [ '0.12.0' ],
2622 silly audit   '@tweenjs/tween.js': [ '23.1.3' ],
2622 silly audit   '@types/stats.js': [ '0.17.4' ],
2622 silly audit   fflate: [ '0.8.3', '0.6.11' ],
2622 silly audit   meshoptimizer: [ '1.1.1' ],
2622 silly audit   eastasianwidth: [ '0.2.0' ],
2622 silly audit   'is-fullwidth-code-point': [ '3.0.0' ],
2622 silly audit   'ansi-regex': [ '5.0.1', '6.2.2' ],
2622 silly audit   'client-only': [ '0.0.1' ],
2622 silly audit   'has-flag': [ '4.0.0' ],
2622 silly audit   '@alloc/quick-lru': [ '5.2.0' ],
2622 silly audit   arg: [ '5.0.2' ],
2622 silly audit   chokidar: [ '3.6.0' ],
2622 silly audit   didyoumean: [ '1.2.2' ],
2622 silly audit   dlv: [ '1.1.3' ],
2622 silly audit   jiti: [ '1.21.7' ],
2622 silly audit   lilconfig: [ '3.1.3' ],
2622 silly audit   'normalize-path': [ '3.0.0' ],
2622 silly audit   'object-hash': [ '3.0.0' ],
2622 silly audit   'postcss-import': [ '15.1.0' ],
2622 silly audit   'postcss-js': [ '4.1.0' ],
2622 silly audit   'postcss-load-config': [ '6.0.1' ],
2622 silly audit   'postcss-nested': [ '6.2.0' ],
2622 silly audit   'postcss-selector-parser': [ '6.1.4' ],
2622 silly audit   sucrase: [ '3.35.1' ],
2622 silly audit   anymatch: [ '3.1.3' ],
2622 silly audit   fsevents: [ '2.3.3' ],
2622 silly audit   'is-binary-path': [ '2.1.0' ],
2622 silly audit   readdirp: [ '3.6.0' ],
2622 silly audit   'binary-extensions': [ '2.3.0' ],
2622 silly audit   'read-cache': [ '1.0.0' ],
2622 silly audit   'camelcase-css': [ '2.0.1' ],
2622 silly audit   cssesc: [ '3.0.0' ],
2622 silly audit   'util-deprecate': [ '1.0.2' ],
2622 silly audit   pify: [ '2.3.0' ],
2622 silly audit   '@jridgewell/gen-mapping': [ '0.3.13' ],
2622 silly audit   commander: [ '4.1.1' ],
2622 silly audit   'lines-and-columns': [ '1.2.4' ],
2622 silly audit   mz: [ '2.7.0' ],
2622 silly audit   pirates: [ '4.0.7' ],
2622 silly audit   'ts-interface-checker': [ '0.1.13' ],
2622 silly audit   '@jridgewell/sourcemap-codec': [ '1.5.5' ],
2622 silly audit   '@jridgewell/trace-mapping': [ '0.3.31' ],
2622 silly audit   '@jridgewell/resolve-uri': [ '3.1.2' ],
2622 silly audit   'any-promise': [ '1.3.0' ],
2622 silly audit   'thenify-all': [ '1.6.0' ],
2622 silly audit   thenify: [ '3.3.1' ],
2622 silly audit   '@types/draco3d': [ '1.4.10' ],
2622 silly audit   '@types/offscreencanvas': [ '2019.7.3' ],
2622 silly audit   draco3d: [ '1.5.7' ],
2622 silly audit   potpack: [ '1.0.2' ],
2622 silly audit   fdir: [ '6.5.0' ],
2622 silly audit   'is-number': [ '7.0.0' ],
2622 silly audit   'bidi-js': [ '1.0.3' ],
2622 silly audit   'troika-three-utils': [ '0.52.5' ],
2622 silly audit   'troika-worker-utils': [ '0.52.0' ],
2622 silly audit   'webgl-sdf-generator': [ '1.1.1' ],
2622 silly audit   'require-from-string': [ '2.0.2' ],
2622 silly audit   '@types/json5': [ '0.0.29' ],
2622 silly audit   json5: [ '1.0.2' ],
2622 silly audit   minimist: [ '1.2.8' ],
2622 silly audit   'strip-bom': [ '3.0.0' ],
2622 silly audit   'for-each': [ '0.3.5' ],
2622 silly audit   'reflect.getprototypeof': [ '1.0.10' ],
2622 silly audit   'which-builtin-type': [ '1.2.1' ],
2622 silly audit   'has-bigints': [ '1.1.0' ],
2622 silly audit   'which-boxed-primitive': [ '1.1.1' ],
2622 silly audit   '@unrs/resolver-binding-android-arm-eabi': [ '1.12.2' ],
2622 silly audit   '@unrs/resolver-binding-android-arm64': [ '1.12.2' ],
2622 silly audit   '@unrs/resolver-binding-darwin-arm64': [ '1.12.2' ],
2622 silly audit   '@unrs/resolver-binding-darwin-x64': [ '1.12.2' ],
2622 silly audit   '@unrs/resolver-binding-freebsd-x64': [ '1.12.2' ],
2622 silly audit   '@unrs/resolver-binding-linux-arm-gnueabihf': [ '1.12.2' ],
2622 silly audit   '@unrs/resolver-binding-linux-arm-musleabihf': [ '1.12.2' ],
2622 silly audit   '@unrs/resolver-binding-linux-arm64-gnu': [ '1.12.2' ],
2622 silly audit   '@unrs/resolver-binding-linux-arm64-musl': [ '1.12.2' ],
2622 silly audit   '@unrs/resolver-binding-linux-loong64-gnu': [ '1.12.2' ],
2622 silly audit   '@unrs/resolver-binding-linux-loong64-musl': [ '1.12.2' ],
2622 silly audit   '@unrs/resolver-binding-linux-ppc64-gnu': [ '1.12.2' ],
2622 silly audit   '@unrs/resolver-binding-linux-riscv64-gnu': [ '1.12.2' ],
2622 silly audit   '@unrs/resolver-binding-linux-riscv64-musl': [ '1.12.2' ],
2622 silly audit   '@unrs/resolver-binding-linux-s390x-gnu': [ '1.12.2' ],
2622 silly audit   '@unrs/resolver-binding-linux-x64-gnu': [ '1.12.2' ],
2622 silly audit   '@unrs/resolver-binding-linux-x64-musl': [ '1.12.2' ],
2622 silly audit   '@unrs/resolver-binding-openharmony-arm64': [ '1.12.2' ],
2622 silly audit   '@unrs/resolver-binding-wasm32-wasi': [ '1.12.2' ],
2622 silly audit   '@unrs/resolver-binding-win32-arm64-msvc': [ '1.12.2' ],
2622 silly audit   '@unrs/resolver-binding-win32-ia32-msvc': [ '1.12.2' ],
2622 silly audit   '@unrs/resolver-binding-win32-x64-msvc': [ '1.12.2' ],
2622 silly audit   'napi-postinstall': [ '0.3.4' ],
2622 silly audit   '@emnapi/core': [ '1.10.0' ],
2622 silly audit   '@emnapi/runtime': [ '1.10.0' ],
2622 silly audit   '@napi-rs/wasm-runtime': [ '1.2.3' ],
2622 silly audit   '@emnapi/wasi-threads': [ '1.2.1' ],
2622 silly audit   '@tybys/wasm-util': [ '0.10.3' ],
2622 silly audit   escalade: [ '3.2.0' ],
2622 silly audit   punycode: [ '2.3.1' ],
2622 silly audit   isexe: [ '2.0.0' ],
2622 silly audit   'is-bigint': [ '1.1.0' ],
2622 silly audit   'is-boolean-object': [ '1.2.2' ],
2622 silly audit   'is-number-object': [ '1.1.1' ],
2622 silly audit   'is-async-function': [ '2.1.1' ],
2622 silly audit   'is-finalizationregistry': [ '1.1.1' ],
2622 silly audit   'is-generator-function': [ '1.1.2' ],
2622 silly audit   'which-collection': [ '1.0.2' ],
2622 silly audit   'async-function': [ '1.0.0' ],
2622 silly audit   'generator-function': [ '2.0.1' ],
2622 silly audit   'is-map': [ '2.0.3' ],
2622 silly audit   'is-weakmap': [ '2.0.2' ],
2622 silly audit   'is-weakset': [ '2.0.4' ],
2622 silly audit   'fs.realpath': [ '1.0.0' ],
2622 silly audit   inflight: [ '1.0.6' ],
2622 silly audit   inherits: [ '2.0.4' ],
2622 silly audit   once: [ '1.4.0' ],
2622 silly audit   'path-is-absolute': [ '1.0.1' ],
2622 silly audit   wrappy: [ '1.0.2' ],
2622 silly audit   'use-sync-external-store': [ '1.6.0' ]
2622 silly audit }
2623 http cache once@https://registry.npmjs.org/once/-/once-1.4.0.tgz 0ms (cache hit)
2624 http cache use-sync-external-store@https://registry.npmjs.org/use-sync-external-store/-/use-sync-external-store-1.6.0.tgz 0ms (cache hit)
2625 http cache path-is-absolute@https://registry.npmjs.org/path-is-absolute/-/path-is-absolute-1.0.1.tgz 0ms (cache hit)
2626 http cache inherits@https://registry.npmjs.org/inherits/-/inherits-2.0.4.tgz 0ms (cache hit)
2627 http cache wrappy@https://registry.npmjs.org/wrappy/-/wrappy-1.0.2.tgz 0ms (cache hit)
2628 http cache is-weakset@https://registry.npmjs.org/is-weakset/-/is-weakset-2.0.4.tgz 0ms (cache hit)
2629 http cache is-weakmap@https://registry.npmjs.org/is-weakmap/-/is-weakmap-2.0.2.tgz 0ms (cache hit)
2630 http cache is-map@https://registry.npmjs.org/is-map/-/is-map-2.0.3.tgz 0ms (cache hit)
2631 http cache async-function@https://registry.npmjs.org/async-function/-/async-function-1.0.0.tgz 0ms (cache hit)
2632 http cache inflight@https://registry.npmjs.org/inflight/-/inflight-1.0.6.tgz 0ms (cache hit)
2633 http cache generator-function@https://registry.npmjs.org/generator-function/-/generator-function-2.0.1.tgz 0ms (cache hit)
2634 http cache which-collection@https://registry.npmjs.org/which-collection/-/which-collection-1.0.2.tgz 0ms (cache hit)
2635 http cache is-generator-function@https://registry.npmjs.org/is-generator-function/-/is-generator-function-1.1.2.tgz 0ms (cache hit)
2636 http cache fs.realpath@https://registry.npmjs.org/fs.realpath/-/fs.realpath-1.0.0.tgz 0ms (cache hit)
2637 http cache is-async-function@https://registry.npmjs.org/is-async-function/-/is-async-function-2.1.1.tgz 0ms (cache hit)
2638 http cache is-boolean-object@https://registry.npmjs.org/is-boolean-object/-/is-boolean-object-1.2.2.tgz 0ms (cache hit)
2639 http cache is-finalizationregistry@https://registry.npmjs.org/is-finalizationregistry/-/is-finalizationregistry-1.1.1.tgz 0ms (cache hit)
2640 http cache is-number-object@https://registry.npmjs.org/is-number-object/-/is-number-object-1.1.1.tgz 0ms (cache hit)
2641 http cache is-bigint@https://registry.npmjs.org/is-bigint/-/is-bigint-1.1.0.tgz 0ms (cache hit)
2642 http cache escalade@https://registry.npmjs.org/escalade/-/escalade-3.2.0.tgz 0ms (cache hit)
2643 http cache punycode@https://registry.npmjs.org/punycode/-/punycode-2.3.1.tgz 0ms (cache hit)
2644 http cache which-boxed-primitive@https://registry.npmjs.org/which-boxed-primitive/-/which-boxed-primitive-1.1.1.tgz 0ms (cache hit)
2645 http cache napi-postinstall@https://registry.npmjs.org/napi-postinstall/-/napi-postinstall-0.3.4.tgz 0ms (cache hit)
2646 http cache has-bigints@https://registry.npmjs.org/has-bigints/-/has-bigints-1.1.0.tgz 0ms (cache hit)
2647 http cache which-builtin-type@https://registry.npmjs.org/which-builtin-type/-/which-builtin-type-1.2.1.tgz 0ms (cache hit)
2648 http cache minimist@https://registry.npmjs.org/minimist/-/minimist-1.2.8.tgz 0ms (cache hit)
2649 http cache for-each@https://registry.npmjs.org/for-each/-/for-each-0.3.5.tgz 0ms (cache hit)
2650 http cache @types/json5@https://registry.npmjs.org/@types/json5/-/json5-0.0.29.tgz 0ms (cache hit)
2651 http cache strip-bom@https://registry.npmjs.org/strip-bom/-/strip-bom-3.0.0.tgz 0ms (cache hit)
2652 http cache json5@https://registry.npmjs.org/json5/-/json5-1.0.2.tgz 0ms (cache hit)
2653 http cache @unrs/resolver-binding-darwin-arm64@https://registry.npmjs.org/@unrs/resolver-binding-darwin-arm64/-/resolver-binding-darwin-arm64-1.12.2.tgz 0ms (cache hit)
2654 http cache troika-worker-utils@https://registry.npmjs.org/troika-worker-utils/-/troika-worker-utils-0.52.0.tgz 0ms (cache hit)
2655 http cache webgl-sdf-generator@https://registry.npmjs.org/webgl-sdf-generator/-/webgl-sdf-generator-1.1.1.tgz 0ms (cache hit)
2656 http cache bidi-js@https://registry.npmjs.org/bidi-js/-/bidi-js-1.0.3.tgz 0ms (cache hit)
2657 http cache troika-three-utils@https://registry.npmjs.org/troika-three-utils/-/troika-three-utils-0.52.5.tgz 0ms (cache hit)
2658 http cache potpack@https://registry.npmjs.org/potpack/-/potpack-1.0.2.tgz 0ms (cache hit)
2659 http cache fdir@https://registry.npmjs.org/fdir/-/fdir-6.5.0.tgz 0ms (cache hit)
2660 http cache draco3d@https://registry.npmjs.org/draco3d/-/draco3d-1.5.7.tgz 0ms (cache hit)
2661 http cache is-number@https://registry.npmjs.org/is-number/-/is-number-7.0.0.tgz 0ms (cache hit)
2662 http cache require-from-string@https://registry.npmjs.org/require-from-string/-/require-from-string-2.0.2.tgz 0ms (cache hit)
2663 http cache reflect.getprototypeof@https://registry.npmjs.org/reflect.getprototypeof/-/reflect.getprototypeof-1.0.10.tgz 0ms (cache hit)
2664 http cache thenify-all@https://registry.npmjs.org/thenify-all/-/thenify-all-1.6.0.tgz 0ms (cache hit)
2665 http cache thenify@https://registry.npmjs.org/thenify/-/thenify-3.3.1.tgz 0ms (cache hit)
2666 http cache any-promise@https://registry.npmjs.org/any-promise/-/any-promise-1.3.0.tgz 0ms (cache hit)
2667 http cache @types/draco3d@https://registry.npmjs.org/@types/draco3d/-/draco3d-1.4.10.tgz 0ms (cache hit)
2668 http cache @types/offscreencanvas@https://registry.npmjs.org/@types/offscreencanvas/-/offscreencanvas-2019.7.3.tgz 0ms (cache hit)
2669 http cache @jridgewell/trace-mapping@https://registry.npmjs.org/@jridgewell/trace-mapping/-/trace-mapping-0.3.31.tgz 0ms (cache hit)
2670 http cache @jridgewell/resolve-uri@https://registry.npmjs.org/@jridgewell/resolve-uri/-/resolve-uri-3.1.2.tgz 0ms (cache hit)
2671 http cache isexe@https://registry.npmjs.org/isexe/-/isexe-2.0.0.tgz 0ms (cache hit)
2672 http cache @jridgewell/sourcemap-codec@https://registry.npmjs.org/@jridgewell/sourcemap-codec/-/sourcemap-codec-1.5.5.tgz 0ms (cache hit)
2673 http cache pirates@https://registry.npmjs.org/pirates/-/pirates-4.0.7.tgz 0ms (cache hit)
2674 http cache ts-interface-checker@https://registry.npmjs.org/ts-interface-checker/-/ts-interface-checker-0.1.13.tgz 0ms (cache hit)
2675 http cache @jridgewell/gen-mapping@https://registry.npmjs.org/@jridgewell/gen-mapping/-/gen-mapping-0.3.13.tgz 0ms (cache hit)
2676 http cache mz@https://registry.npmjs.org/mz/-/mz-2.7.0.tgz 0ms (cache hit)
2677 http cache commander@https://registry.npmjs.org/commander/-/commander-4.1.1.tgz 0ms (cache hit)
2678 http cache lines-and-columns@https://registry.npmjs.org/lines-and-columns/-/lines-and-columns-1.2.4.tgz 0ms (cache hit)
2679 http cache cssesc@https://registry.npmjs.org/cssesc/-/cssesc-3.0.0.tgz 0ms (cache hit)
2680 http cache util-deprecate@https://registry.npmjs.org/util-deprecate/-/util-deprecate-1.0.2.tgz 0ms (cache hit)
2681 http cache read-cache@https://registry.npmjs.org/read-cache/-/read-cache-1.0.0.tgz 0ms (cache hit)
2682 http cache pify@https://registry.npmjs.org/pify/-/pify-2.3.0.tgz 0ms (cache hit)
2683 http cache readdirp@https://registry.npmjs.org/readdirp/-/readdirp-3.6.0.tgz 0ms (cache hit)
2684 http cache binary-extensions@https://registry.npmjs.org/binary-extensions/-/binary-extensions-2.3.0.tgz 0ms (cache hit)
2685 http cache anymatch@https://registry.npmjs.org/anymatch/-/anymatch-3.1.3.tgz 0ms (cache hit)
2686 http cache sucrase@https://registry.npmjs.org/sucrase/-/sucrase-3.35.1.tgz 0ms (cache hit)
2687 http cache postcss-selector-parser@https://registry.npmjs.org/postcss-selector-parser/-/postcss-selector-parser-6.1.4.tgz 0ms (cache hit)
2688 http cache fsevents@https://registry.npmjs.org/fsevents/-/fsevents-2.3.3.tgz 0ms (cache hit)
2689 http cache is-binary-path@https://registry.npmjs.org/is-binary-path/-/is-binary-path-2.1.0.tgz 0ms (cache hit)
2690 http cache camelcase-css@https://registry.npmjs.org/camelcase-css/-/camelcase-css-2.0.1.tgz 0ms (cache hit)
2691 http cache postcss-js@https://registry.npmjs.org/postcss-js/-/postcss-js-4.1.0.tgz 0ms (cache hit)
2692 http cache postcss-nested@https://registry.npmjs.org/postcss-nested/-/postcss-nested-6.2.0.tgz 0ms (cache hit)
2693 http cache object-hash@https://registry.npmjs.org/object-hash/-/object-hash-3.0.0.tgz 0ms (cache hit)
2694 http cache normalize-path@https://registry.npmjs.org/normalize-path/-/normalize-path-3.0.0.tgz 0ms (cache hit)
2695 http cache postcss-import@https://registry.npmjs.org/postcss-import/-/postcss-import-15.1.0.tgz 0ms (cache hit)
2696 http cache didyoumean@https://registry.npmjs.org/didyoumean/-/didyoumean-1.2.2.tgz 0ms (cache hit)
2697 http cache lilconfig@https://registry.npmjs.org/lilconfig/-/lilconfig-3.1.3.tgz 0ms (cache hit)
2698 http cache dlv@https://registry.npmjs.org/dlv/-/dlv-1.1.3.tgz 0ms (cache hit)
2699 http cache postcss-load-config@https://registry.npmjs.org/postcss-load-config/-/postcss-load-config-6.0.1.tgz 0ms (cache hit)
2700 http cache arg@https://registry.npmjs.org/arg/-/arg-5.0.2.tgz 0ms (cache hit)
2701 http cache jiti@https://registry.npmjs.org/jiti/-/jiti-1.21.7.tgz 0ms (cache hit)
2702 http cache is-fullwidth-code-point@https://registry.npmjs.org/is-fullwidth-code-point/-/is-fullwidth-code-point-3.0.0.tgz 0ms (cache hit)
2703 http cache chokidar@https://registry.npmjs.org/chokidar/-/chokidar-3.6.0.tgz 0ms (cache hit)
2704 http cache has-flag@https://registry.npmjs.org/has-flag/-/has-flag-4.0.0.tgz 0ms (cache hit)
2705 http cache ansi-regex@https://registry.npmjs.org/ansi-regex/-/ansi-regex-5.0.1.tgz 0ms (cache hit)
2706 http cache client-only@https://registry.npmjs.org/client-only/-/client-only-0.0.1.tgz 0ms (cache hit)
2707 http cache @alloc/quick-lru@https://registry.npmjs.org/@alloc/quick-lru/-/quick-lru-5.2.0.tgz 0ms (cache hit)
2708 http cache fflate@https://registry.npmjs.org/fflate/-/fflate-0.8.3.tgz 0ms (cache hit)
2709 http cache meshoptimizer@https://registry.npmjs.org/meshoptimizer/-/meshoptimizer-1.1.1.tgz 0ms (cache hit)
2710 http cache @dimforge/rapier3d-compat@https://registry.npmjs.org/@dimforge/rapier3d-compat/-/rapier3d-compat-0.12.0.tgz 0ms (cache hit)
2711 http cache @types/three@https://registry.npmjs.org/@types/three/-/three-0.185.4.tgz 0ms (cache hit)
2712 http cache @tweenjs/tween.js@https://registry.npmjs.org/@tweenjs/tween.js/-/tween.js-23.1.3.tgz 0ms (cache hit)
2713 http cache side-channel-weakmap@https://registry.npmjs.org/side-channel-weakmap/-/side-channel-weakmap-1.0.2.tgz 0ms (cache hit)
2714 http cache @types/stats.js@https://registry.npmjs.org/@types/stats.js/-/stats.js-0.17.4.tgz 0ms (cache hit)
2715 http cache shebang-regex@https://registry.npmjs.org/shebang-regex/-/shebang-regex-3.0.0.tgz 0ms (cache hit)
2716 http cache side-channel-list@https://registry.npmjs.org/side-channel-list/-/side-channel-list-1.0.1.tgz 0ms (cache hit)
2717 http cache side-channel-map@https://registry.npmjs.org/side-channel-map/-/side-channel-map-1.0.1.tgz 0ms (cache hit)
2718 http cache queue-microtask@https://registry.npmjs.org/queue-microtask/-/queue-microtask-1.2.3.tgz 0ms (cache hit)
2719 http cache path-parse@https://registry.npmjs.org/path-parse/-/path-parse-1.0.7.tgz 0ms (cache hit)
2720 http cache isarray@https://registry.npmjs.org/isarray/-/isarray-2.0.5.tgz 0ms (cache hit)
2721 http cache node-exports-info@https://registry.npmjs.org/node-exports-info/-/node-exports-info-1.6.2.tgz 0ms (cache hit)
2722 http cache js-tokens@https://registry.npmjs.org/js-tokens/-/js-tokens-4.0.0.tgz 0ms (cache hit)
2723 http cache supports-preserve-symlinks-flag@https://registry.npmjs.org/supports-preserve-symlinks-flag/-/supports-preserve-symlinks-flag-1.0.0.tgz 0ms (cache hit)
2724 http cache react-is@https://registry.npmjs.org/react-is/-/react-is-16.13.1.tgz 0ms (cache hit)
2725 http cache lie@https://registry.npmjs.org/lie/-/lie-3.3.0.tgz 0ms (cache hit)
2726 http cache eastasianwidth@https://registry.npmjs.org/eastasianwidth/-/eastasianwidth-0.2.0.tgz 1ms (cache hit)
2727 http cache object-assign@https://registry.npmjs.org/object-assign/-/object-assign-4.1.1.tgz 0ms (cache hit)
2728 http cache nanoid@https://registry.npmjs.org/nanoid/-/nanoid-3.3.18.tgz 0ms (cache hit)
2729 http cache is-promise@https://registry.npmjs.org/is-promise/-/is-promise-2.2.2.tgz 0ms (cache hit)
2730 http cache source-map-js@https://registry.npmjs.org/source-map-js/-/source-map-js-1.2.1.tgz 0ms (cache hit)
2731 http cache immediate@https://registry.npmjs.org/immediate/-/immediate-3.0.6.tgz 0ms (cache hit)
2732 http cache callsites@https://registry.npmjs.org/callsites/-/callsites-3.1.0.tgz 0ms (cache hit)
2733 http cache yocto-queue@https://registry.npmjs.org/yocto-queue/-/yocto-queue-0.1.0.tgz 0ms (cache hit)
2734 http cache lru-cache@https://registry.npmjs.org/lru-cache/-/lru-cache-10.4.3.tgz 0ms (cache hit)
2735 http cache p-limit@https://registry.npmjs.org/p-limit/-/p-limit-3.1.0.tgz 0ms (cache hit)
2736 http cache fast-levenshtein@https://registry.npmjs.org/fast-levenshtein/-/fast-levenshtein-2.0.6.tgz 0ms (cache hit)
2737 http cache word-wrap@https://registry.npmjs.org/word-wrap/-/word-wrap-1.2.5.tgz 0ms (cache hit)
2738 http cache styled-jsx@https://registry.npmjs.org/styled-jsx/-/styled-jsx-5.1.1.tgz 0ms (cache hit)
2739 http cache tslib@https://registry.npmjs.org/tslib/-/tslib-2.8.1.tgz 0ms (cache hit)
2740 http cache deep-is@https://registry.npmjs.org/deep-is/-/deep-is-0.1.4.tgz 0ms (cache hit)
2741 http cache @swc/counter@https://registry.npmjs.org/@swc/counter/-/counter-0.1.3.tgz 0ms (cache hit)
2742 http cache streamsearch@https://registry.npmjs.org/streamsearch/-/streamsearch-1.1.0.tgz 0ms (cache hit)
2743 http cache busboy@https://registry.npmjs.org/busboy/-/busboy-1.6.0.tgz 0ms (cache hit)
2744 http cache graceful-fs@https://registry.npmjs.org/graceful-fs/-/graceful-fs-4.2.11.tgz 0ms (cache hit)
2745 http cache loose-envify@https://registry.npmjs.org/loose-envify/-/loose-envify-1.4.0.tgz 0ms (cache hit)
2746 http cache @swc/helpers@https://registry.npmjs.org/@swc/helpers/-/helpers-0.5.5.tgz 0ms (cache hit)
2747 http cache balanced-match@https://registry.npmjs.org/balanced-match/-/balanced-match-1.0.2.tgz 0ms (cache hit)
2748 http cache @next/swc-darwin-arm64@https://registry.npmjs.org/@next/swc-darwin-arm64/-/swc-darwin-arm64-14.2.5.tgz 0ms (cache hit)
2749 http cache to-regex-range@https://registry.npmjs.org/to-regex-range/-/to-regex-range-5.0.1.tgz 0ms (cache hit)
2750 http cache brace-expansion@https://registry.npmjs.org/brace-expansion/-/brace-expansion-1.1.18.tgz 0ms (cache hit)
2751 http cache fill-range@https://registry.npmjs.org/fill-range/-/fill-range-7.1.1.tgz 0ms (cache hit)
2752 http cache @next/env@https://registry.npmjs.org/@next/env/-/env-14.2.5.tgz 0ms (cache hit)
2753 http cache p-locate@https://registry.npmjs.org/p-locate/-/p-locate-5.0.0.tgz 0ms (cache hit)
2754 http cache braces@https://registry.npmjs.org/braces/-/braces-3.0.3.tgz 0ms (cache hit)
2755 http cache concat-map@https://registry.npmjs.org/concat-map/-/concat-map-0.0.1.tgz 0ms (cache hit)
2756 http cache prelude-ls@https://registry.npmjs.org/prelude-ls/-/prelude-ls-1.2.1.tgz 0ms (cache hit)
2757 http cache picomatch@https://registry.npmjs.org/picomatch/-/picomatch-2.3.2.tgz 0ms (cache hit)
2758 http cache json-buffer@https://registry.npmjs.org/json-buffer/-/json-buffer-3.0.1.tgz 0ms (cache hit)
2759 http cache wrap-ansi-cjs@https://registry.npmjs.org/wrap-ansi/-/wrap-ansi-7.0.0.tgz 0ms (cache hit)
2760 http cache type-check@https://registry.npmjs.org/type-check/-/type-check-0.4.0.tgz 0ms (cache hit)
2761 http cache string-width-cjs@https://registry.npmjs.org/string-width/-/string-width-4.2.3.tgz 0ms (cache hit)
2762 http cache language-subtag-registry@https://registry.npmjs.org/language-subtag-registry/-/language-subtag-registry-0.3.23.tgz 0ms (cache hit)
2763 http cache wrap-ansi@https://registry.npmjs.org/wrap-ansi/-/wrap-ansi-8.1.0.tgz 0ms (cache hit)
2764 http cache strip-ansi-cjs@https://registry.npmjs.org/strip-ansi/-/strip-ansi-6.0.1.tgz 0ms (cache hit)
2765 http cache @isaacs/cliui@https://registry.npmjs.org/@isaacs/cliui/-/cliui-8.0.2.tgz 0ms (cache hit)
2766 http cache @pkgjs/parseargs@https://registry.npmjs.org/@pkgjs/parseargs/-/parseargs-0.11.0.tgz 0ms (cache hit)
2767 http cache set-function-name@https://registry.npmjs.org/set-function-name/-/set-function-name-2.0.2.tgz 0ms (cache hit)
2768 http cache argparse@https://registry.npmjs.org/argparse/-/argparse-2.0.1.tgz 0ms (cache hit)
2769 http cache side-channel@https://registry.npmjs.org/side-channel/-/side-channel-1.1.1.tgz 0ms (cache hit)
2770 http cache resolve-from@https://registry.npmjs.org/resolve-from/-/resolve-from-4.0.0.tgz 0ms (cache hit)
2771 http cache micromatch@https://registry.npmjs.org/micromatch/-/micromatch-4.0.8.tgz 0ms (cache hit)
2772 http cache is-extglob@https://registry.npmjs.org/is-extglob/-/is-extglob-2.1.1.tgz 0ms (cache hit)
2773 http cache slash@https://registry.npmjs.org/slash/-/slash-3.0.0.tgz 0ms (cache hit)
2774 http cache path-type@https://registry.npmjs.org/path-type/-/path-type-4.0.0.tgz 0ms (cache hit)
2775 http cache merge2@https://registry.npmjs.org/merge2/-/merge2-1.4.1.tgz 0ms (cache hit)
2776 http cache dir-glob@https://registry.npmjs.org/dir-glob/-/dir-glob-3.0.1.tgz 0ms (cache hit)
2777 http cache parent-module@https://registry.npmjs.org/parent-module/-/parent-module-1.0.1.tgz 0ms (cache hit)
2778 http cache array-union@https://registry.npmjs.org/array-union/-/array-union-2.1.0.tgz 0ms (cache hit)
2779 http cache string-width@https://registry.npmjs.org/string-width/-/string-width-5.1.2.tgz 0ms (cache hit)
2780 http cache fast-glob@https://registry.npmjs.org/fast-glob/-/fast-glob-3.3.3.tgz 0ms (cache hit)
2781 http cache minipass@https://registry.npmjs.org/minipass/-/minipass-7.1.3.tgz 0ms (cache hit)
2782 http cache path-scurry@https://registry.npmjs.org/path-scurry/-/path-scurry-1.11.1.tgz 0ms (cache hit)
2783 http cache signal-exit@https://registry.npmjs.org/signal-exit/-/signal-exit-4.1.0.tgz 0ms (cache hit)
2784 http cache dunder-proto@https://registry.npmjs.org/dunder-proto/-/dunder-proto-1.0.1.tgz 0ms (cache hit)
2785 http cache resolve-pkg-maps@https://registry.npmjs.org/resolve-pkg-maps/-/resolve-pkg-maps-1.0.0.tgz 0ms (cache hit)
2786 http cache type-fest@https://registry.npmjs.org/type-fest/-/type-fest-0.20.2.tgz 0ms (cache hit)
2787 http cache foreground-child@https://registry.npmjs.org/foreground-child/-/foreground-child-3.3.1.tgz 0ms (cache hit)
2788 http cache jackspeak@https://registry.npmjs.org/jackspeak/-/jackspeak-2.3.6.tgz 0ms (cache hit)
2789 http cache is-document.all@https://registry.npmjs.org/is-document.all/-/is-document.all-1.0.0.tgz 0ms (cache hit)
2790 http cache rimraf@https://registry.npmjs.org/rimraf/-/rimraf-3.0.2.tgz 0ms (cache hit)
2791 http cache flatted@https://registry.npmjs.org/flatted/-/flatted-3.4.4.tgz 0ms (cache hit)
2792 http cache locate-path@https://registry.npmjs.org/locate-path/-/locate-path-6.0.0.tgz 0ms (cache hit)
2793 http cache path-exists@https://registry.npmjs.org/path-exists/-/path-exists-4.0.0.tgz 0ms (cache hit)
2794 http cache keyv@https://registry.npmjs.org/keyv/-/keyv-4.5.4.tgz 0ms (cache hit)
2795 http cache reusify@https://registry.npmjs.org/reusify/-/reusify-1.1.0.tgz 0ms (cache hit)
2796 http cache functions-have-names@https://registry.npmjs.org/functions-have-names/-/functions-have-names-1.2.3.tgz 0ms (cache hit)
2797 http cache flat-cache@https://registry.npmjs.org/flat-cache/-/flat-cache-3.2.0.tgz 0ms (cache hit)
2798 http cache acorn@https://registry.npmjs.org/acorn/-/acorn-8.18.0.tgz 0ms (cache hit)
2799 http cache string.prototype.repeat@https://registry.npmjs.org/string.prototype.repeat/-/string.prototype.repeat-1.0.0.tgz 0ms (cache hit)
2800 http cache esrecurse@https://registry.npmjs.org/esrecurse/-/esrecurse-4.3.0.tgz 0ms (cache hit)
2801 http cache prop-types@https://registry.npmjs.org/prop-types/-/prop-types-15.8.1.tgz 0ms (cache hit)
2802 http cache acorn-jsx@https://registry.npmjs.org/acorn-jsx/-/acorn-jsx-5.3.2.tgz 0ms (cache hit)
2803 http cache iterator.prototype@https://registry.npmjs.org/iterator.prototype/-/iterator.prototype-1.1.5.tgz 0ms (cache hit)
2804 http cache estraverse@https://registry.npmjs.org/estraverse/-/estraverse-5.3.0.tgz 0ms (cache hit)
2805 http cache string.prototype.matchall@https://registry.npmjs.org/string.prototype.matchall/-/string.prototype.matchall-4.0.12.tgz 0ms (cache hit)
2806 http cache array.prototype.tosorted@https://registry.npmjs.org/array.prototype.tosorted/-/array.prototype.tosorted-1.1.4.tgz 0ms (cache hit)
2807 http cache array.prototype.findlast@https://registry.npmjs.org/array.prototype.findlast/-/array.prototype.findlast-1.2.5.tgz 0ms (cache hit)
2808 http cache es-iterator-helpers@https://registry.npmjs.org/es-iterator-helpers/-/es-iterator-helpers-1.4.0.tgz 0ms (cache hit)
2809 http cache jsx-ast-utils@https://registry.npmjs.org/jsx-ast-utils/-/jsx-ast-utils-3.3.5.tgz 0ms (cache hit)
2810 http cache emoji-regex@https://registry.npmjs.org/emoji-regex/-/emoji-regex-9.2.2.tgz 0ms (cache hit)
2811 http cache string.prototype.includes@https://registry.npmjs.org/string.prototype.includes/-/string.prototype.includes-2.0.1.tgz 0ms (cache hit)
2812 http cache axe-core@https://registry.npmjs.org/axe-core/-/axe-core-4.13.0.tgz 0ms (cache hit)
2813 http cache language-tags@https://registry.npmjs.org/language-tags/-/language-tags-1.0.9.tgz 0ms (cache hit)
2814 http cache axobject-query@https://registry.npmjs.org/axobject-query/-/axobject-query-4.1.0.tgz 0ms (cache hit)
2815 http cache is-symbol@https://registry.npmjs.org/is-symbol/-/is-symbol-1.1.1.tgz 0ms (cache hit)
2816 http cache aria-query@https://registry.npmjs.org/aria-query/-/aria-query-5.3.2.tgz 0ms (cache hit)
2817 http cache object.entries@https://registry.npmjs.org/object.entries/-/object.entries-1.1.9.tgz 0ms (cache hit)
2818 http cache is-date-object@https://registry.npmjs.org/is-date-object/-/is-date-object-1.1.0.tgz 0ms (cache hit)
2819 http cache has-tostringtag@https://registry.npmjs.org/has-tostringtag/-/has-tostringtag-1.0.2.tgz 0ms (cache hit)
2820 http cache es-abstract-get@https://registry.npmjs.org/es-abstract-get/-/es-abstract-get-1.0.0.tgz 0ms (cache hit)
2821 http cache ast-types-flow@https://registry.npmjs.org/ast-types-flow/-/ast-types-flow-0.0.8.tgz 0ms (cache hit)
2822 http cache possible-typed-array-names@https://registry.npmjs.org/possible-typed-array-names/-/possible-typed-array-names-1.1.0.tgz 0ms (cache hit)
2823 http cache damerau-levenshtein@https://registry.npmjs.org/damerau-levenshtein/-/damerau-levenshtein-1.0.8.tgz 0ms (cache hit)
2824 http cache which-typed-array@https://registry.npmjs.org/which-typed-array/-/which-typed-array-1.1.22.tgz 0ms (cache hit)
2825 http cache typed-array-buffer@https://registry.npmjs.org/typed-array-buffer/-/typed-array-buffer-1.0.3.tgz 0ms (cache hit)
2826 http cache typed-array-byte-length@https://registry.npmjs.org/typed-array-byte-length/-/typed-array-byte-length-1.0.3.tgz 0ms (cache hit)
2827 http cache string.prototype.trimstart@https://registry.npmjs.org/string.prototype.trimstart/-/string.prototype.trimstart-1.0.8.tgz 0ms (cache hit)
2828 http cache unbox-primitive@https://registry.npmjs.org/unbox-primitive/-/unbox-primitive-1.1.0.tgz 0ms (cache hit)
2829 http cache typed-array-length@https://registry.npmjs.org/typed-array-length/-/typed-array-length-1.0.8.tgz 0ms (cache hit)
2830 http cache typed-array-byte-offset@https://registry.npmjs.org/typed-array-byte-offset/-/typed-array-byte-offset-1.0.4.tgz 0ms (cache hit)
2831 http cache set-proto@https://registry.npmjs.org/set-proto/-/set-proto-1.0.0.tgz 0ms (cache hit)
2832 http cache string.prototype.trim@https://registry.npmjs.org/string.prototype.trim/-/string.prototype.trim-1.2.11.tgz 0ms (cache hit)
2833 http cache safe-regex-test@https://registry.npmjs.org/safe-regex-test/-/safe-regex-test-1.1.0.tgz 0ms (cache hit)
2834 http cache safe-push-apply@https://registry.npmjs.org/safe-push-apply/-/safe-push-apply-1.0.0.tgz 0ms (cache hit)
2835 http cache regexp.prototype.flags@https://registry.npmjs.org/regexp.prototype.flags/-/regexp.prototype.flags-1.5.4.tgz 0ms (cache hit)
2836 http cache own-keys@https://registry.npmjs.org/own-keys/-/own-keys-1.0.2.tgz 0ms (cache hit)
2837 http cache safe-array-concat@https://registry.npmjs.org/safe-array-concat/-/safe-array-concat-1.1.4.tgz 0ms (cache hit)
2838 http cache object-inspect@https://registry.npmjs.org/object-inspect/-/object-inspect-1.13.4.tgz 0ms (cache hit)
2839 http cache object.assign@https://registry.npmjs.org/object.assign/-/object.assign-4.1.7.tgz 0ms (cache hit)
2840 http cache stop-iteration-iterator@https://registry.npmjs.org/stop-iteration-iterator/-/stop-iteration-iterator-1.1.0.tgz 0ms (cache hit)
2841 http cache is-weakref@https://registry.npmjs.org/is-weakref/-/is-weakref-1.1.1.tgz 0ms (cache hit)
2842 http cache is-shared-array-buffer@https://registry.npmjs.org/is-shared-array-buffer/-/is-shared-array-buffer-1.0.4.tgz 0ms (cache hit)
2843 http cache is-typed-array@https://registry.npmjs.org/is-typed-array/-/is-typed-array-1.1.15.tgz 0ms (cache hit)
2844 http cache is-negative-zero@https://registry.npmjs.org/is-negative-zero/-/is-negative-zero-2.0.3.tgz 0ms (cache hit)
2845 http cache is-regex@https://registry.npmjs.org/is-regex/-/is-regex-1.2.1.tgz 0ms (cache hit)
2846 http cache is-data-view@https://registry.npmjs.org/is-data-view/-/is-data-view-1.0.2.tgz 0ms (cache hit)
2847 http cache is-set@https://registry.npmjs.org/is-set/-/is-set-2.0.3.tgz 0ms (cache hit)
2848 http cache internal-slot@https://registry.npmjs.org/internal-slot/-/internal-slot-1.1.0.tgz 0ms (cache hit)
2849 http cache get-symbol-description@https://registry.npmjs.org/get-symbol-description/-/get-symbol-description-1.1.0.tgz 0ms (cache hit)
2850 http cache globalthis@https://registry.npmjs.org/globalthis/-/globalthis-1.0.4.tgz 0ms (cache hit)
2851 http cache has-proto@https://registry.npmjs.org/has-proto/-/has-proto-1.2.0.tgz 0ms (cache hit)
2852 http cache is-callable@https://registry.npmjs.org/is-callable/-/is-callable-1.2.7.tgz 0ms (cache hit)
2853 http cache has-symbols@https://registry.npmjs.org/has-symbols/-/has-symbols-1.1.0.tgz 0ms (cache hit)
2854 http cache get-proto@https://registry.npmjs.org/get-proto/-/get-proto-1.0.1.tgz 0ms (cache hit)
2855 http cache data-view-byte-offset@https://registry.npmjs.org/data-view-byte-offset/-/data-view-byte-offset-1.0.1.tgz 0ms (cache hit)
2856 http cache data-view-byte-length@https://registry.npmjs.org/data-view-byte-length/-/data-view-byte-length-1.0.2.tgz 0ms (cache hit)
2857 http cache function.prototype.name@https://registry.npmjs.org/function.prototype.name/-/function.prototype.name-1.2.0.tgz 0ms (cache hit)
2858 http cache es-set-tostringtag@https://registry.npmjs.org/es-set-tostringtag/-/es-set-tostringtag-2.1.0.tgz 0ms (cache hit)
2859 http cache es-to-primitive@https://registry.npmjs.org/es-to-primitive/-/es-to-primitive-1.3.4.tgz 0ms (cache hit)
2860 http cache is-array-buffer@https://registry.npmjs.org/is-array-buffer/-/is-array-buffer-3.0.5.tgz 0ms (cache hit)
2861 http cache object-keys@https://registry.npmjs.org/object-keys/-/object-keys-1.1.1.tgz 0ms (cache hit)
2862 http cache data-view-buffer@https://registry.npmjs.org/data-view-buffer/-/data-view-buffer-1.0.2.tgz 0ms (cache hit)
2863 http cache gopd@https://registry.npmjs.org/gopd/-/gopd-1.2.0.tgz 0ms (cache hit)
2864 http cache available-typed-arrays@https://registry.npmjs.org/available-typed-arrays/-/available-typed-arrays-1.0.7.tgz 0ms (cache hit)
2865 http cache arraybuffer.prototype.slice@https://registry.npmjs.org/arraybuffer.prototype.slice/-/arraybuffer.prototype.slice-1.0.4.tgz 0ms (cache hit)
2866 http cache define-data-property@https://registry.npmjs.org/define-data-property/-/define-data-property-1.1.4.tgz 0ms (cache hit)
2867 http cache array-buffer-byte-length@https://registry.npmjs.org/array-buffer-byte-length/-/array-buffer-byte-length-1.0.2.tgz 0ms (cache hit)
2868 http cache es-define-property@https://registry.npmjs.org/es-define-property/-/es-define-property-1.0.1.tgz 0ms (cache hit)
2869 http cache has-property-descriptors@https://registry.npmjs.org/has-property-descriptors/-/has-property-descriptors-1.0.2.tgz 0ms (cache hit)
2870 http cache es-shim-unscopables@https://registry.npmjs.org/es-shim-unscopables/-/es-shim-unscopables-1.1.0.tgz 0ms (cache hit)
2871 http cache call-bind-apply-helpers@https://registry.npmjs.org/call-bind-apply-helpers/-/call-bind-apply-helpers-1.0.2.tgz 0ms (cache hit)
2872 http cache es-errors@https://registry.npmjs.org/es-errors/-/es-errors-1.3.0.tgz 0ms (cache hit)
2873 http cache math-intrinsics@https://registry.npmjs.org/math-intrinsics/-/math-intrinsics-1.1.0.tgz 0ms (cache hit)
2874 http cache set-function-length@https://registry.npmjs.org/set-function-length/-/set-function-length-1.2.2.tgz 0ms (cache hit)
2875 http cache is-string@https://registry.npmjs.org/is-string/-/is-string-1.1.1.tgz 0ms (cache hit)
2876 http cache function-bind@https://registry.npmjs.org/function-bind/-/function-bind-1.1.2.tgz 0ms (cache hit)
2877 http cache get-intrinsic@https://registry.npmjs.org/get-intrinsic/-/get-intrinsic-1.3.0.tgz 0ms (cache hit)
2878 http cache es-abstract@https://registry.npmjs.org/es-abstract/-/es-abstract-1.24.2.tgz 0ms (cache hit)
2879 http cache call-bind@https://registry.npmjs.org/call-bind/-/call-bind-1.0.9.tgz 0ms (cache hit)
2880 http cache tsconfig-paths@https://registry.npmjs.org/tsconfig-paths/-/tsconfig-paths-3.15.0.tgz 0ms (cache hit)
2881 http cache define-properties@https://registry.npmjs.org/define-properties/-/define-properties-1.2.1.tgz 0ms (cache hit)
2882 http cache object.values@https://registry.npmjs.org/object.values/-/object.values-1.2.1.tgz 0ms (cache hit)
2883 http cache call-bound@https://registry.npmjs.org/call-bound/-/call-bound-1.0.4.tgz 0ms (cache hit)
2884 http cache es-object-atoms@https://registry.npmjs.org/es-object-atoms/-/es-object-atoms-1.1.2.tgz 0ms (cache hit)
2885 http cache string.prototype.trimend@https://registry.npmjs.org/string.prototype.trimend/-/string.prototype.trimend-1.0.10.tgz 0ms (cache hit)
2886 http cache object.groupby@https://registry.npmjs.org/object.groupby/-/object.groupby-1.0.3.tgz 0ms (cache hit)
2887 http cache object.fromentries@https://registry.npmjs.org/object.fromentries/-/object.fromentries-2.0.8.tgz 0ms (cache hit)
2888 http cache eslint-module-utils@https://registry.npmjs.org/eslint-module-utils/-/eslint-module-utils-2.14.0.tgz 0ms (cache hit)
2889 http cache array.prototype.flat@https://registry.npmjs.org/array.prototype.flat/-/array.prototype.flat-1.3.3.tgz 0ms (cache hit)
2890 http cache hasown@https://registry.npmjs.org/hasown/-/hasown-2.0.4.tgz 0ms (cache hit)
2891 http cache unrs-resolver@https://registry.npmjs.org/unrs-resolver/-/unrs-resolver-1.12.2.tgz 0ms (cache hit)
2892 http cache @rtsao/scc@https://registry.npmjs.org/@rtsao/scc/-/scc-1.1.0.tgz 0ms (cache hit)
2893 http cache array.prototype.flatmap@https://registry.npmjs.org/array.prototype.flatmap/-/array.prototype.flatmap-1.3.3.tgz 0ms (cache hit)
2894 http cache array-includes@https://registry.npmjs.org/array-includes/-/array-includes-3.1.9.tgz 0ms (cache hit)
2895 http cache tinyglobby@https://registry.npmjs.org/tinyglobby/-/tinyglobby-0.2.17.tgz 0ms (cache hit)
2896 http cache get-tsconfig@https://registry.npmjs.org/get-tsconfig/-/get-tsconfig-4.14.1.tgz 0ms (cache hit)
2897 http cache stable-hash@https://registry.npmjs.org/stable-hash/-/stable-hash-0.0.5.tgz 0ms (cache hit)
2898 http cache is-bun-module@https://registry.npmjs.org/is-bun-module/-/is-bun-module-2.0.0.tgz 0ms (cache hit)
2899 http cache @nolyfill/is-core-module@https://registry.npmjs.org/@nolyfill/is-core-module/-/is-core-module-1.0.39.tgz 0ms (cache hit)
2900 http cache globby@https://registry.npmjs.org/globby/-/globby-11.1.0.tgz 0ms (cache hit)
2901 http cache is-core-module@https://registry.npmjs.org/is-core-module/-/is-core-module-2.16.2.tgz 0ms (cache hit)
2902 http cache ts-api-utils@https://registry.npmjs.org/ts-api-utils/-/ts-api-utils-1.4.3.tgz 0ms (cache hit)
2903 http cache semver@https://registry.npmjs.org/semver/-/semver-7.8.5.tgz 0ms (cache hit)
2904 http cache @typescript-eslint/typescript-estree@https://registry.npmjs.org/@typescript-eslint/typescript-estree/-/typescript-estree-7.2.0.tgz 0ms (cache hit)
2905 http cache @typescript-eslint/visitor-keys@https://registry.npmjs.org/@typescript-eslint/visitor-keys/-/visitor-keys-7.2.0.tgz 0ms (cache hit)
2906 http cache @typescript-eslint/types@https://registry.npmjs.org/@typescript-eslint/types/-/types-7.2.0.tgz 0ms (cache hit)
2907 http cache resolve@https://registry.npmjs.org/resolve/-/resolve-2.0.0-next.7.tgz 0ms (cache hit)
2908 http cache eslint-plugin-react-hooks@https://registry.npmjs.org/eslint-plugin-react-hooks/-/eslint-plugin-react-hooks-5.0.0-canary-7118f5dd7-20230705.tgz 0ms (cache hit)
2909 http cache glob@https://registry.npmjs.org/glob/-/glob-10.3.10.tgz 0ms (cache hit)
2910 http cache eslint-plugin-jsx-a11y@https://registry.npmjs.org/eslint-plugin-jsx-a11y/-/eslint-plugin-jsx-a11y-6.10.2.tgz 0ms (cache hit)
2911 http cache eslint-plugin-import@https://registry.npmjs.org/eslint-plugin-import/-/eslint-plugin-import-2.32.0.tgz 0ms (cache hit)
2912 http cache eslint-plugin-react@https://registry.npmjs.org/eslint-plugin-react/-/eslint-plugin-react-7.37.5.tgz 0ms (cache hit)
2913 http cache @typescript-eslint/scope-manager@https://registry.npmjs.org/@typescript-eslint/scope-manager/-/scope-manager-7.2.0.tgz 0ms (cache hit)
2914 http cache @typescript-eslint/parser@https://registry.npmjs.org/@typescript-eslint/parser/-/parser-7.2.0.tgz 0ms (cache hit)
2915 http cache eslint-import-resolver-node@https://registry.npmjs.org/eslint-import-resolver-node/-/eslint-import-resolver-node-0.3.10.tgz 0ms (cache hit)
2916 http cache @rushstack/eslint-patch@https://registry.npmjs.org/@rushstack/eslint-patch/-/eslint-patch-1.16.1.tgz 0ms (cache hit)
2917 http cache ms@https://registry.npmjs.org/ms/-/ms-2.1.3.tgz 0ms (cache hit)
2918 http cache array.prototype.findlastindex@https://registry.npmjs.org/array.prototype.findlastindex/-/array.prototype.findlastindex-1.2.6.tgz 0ms (cache hit)
2919 http cache @next/eslint-plugin-next@https://registry.npmjs.org/@next/eslint-plugin-next/-/eslint-plugin-next-14.2.5.tgz 0ms (cache hit)
2920 http cache color-name@https://registry.npmjs.org/color-name/-/color-name-1.1.4.tgz 0ms (cache hit)
2921 http cache ansi-styles@https://registry.npmjs.org/ansi-styles/-/ansi-styles-4.3.0.tgz 0ms (cache hit)
2922 http cache eslint-import-resolver-typescript@https://registry.npmjs.org/eslint-import-resolver-typescript/-/eslint-import-resolver-typescript-3.10.1.tgz 0ms (cache hit)
2923 http cache color-convert@https://registry.npmjs.org/color-convert/-/color-convert-2.0.1.tgz 0ms (cache hit)
2924 http cache supports-color@https://registry.npmjs.org/supports-color/-/supports-color-7.2.0.tgz 0ms (cache hit)
2925 http cache uri-js@https://registry.npmjs.org/uri-js/-/uri-js-4.4.1.tgz 0ms (cache hit)
2926 http cache fast-json-stable-stringify@https://registry.npmjs.org/fast-json-stable-stringify/-/fast-json-stable-stringify-2.1.0.tgz 0ms (cache hit)
2927 http cache @nodelib/fs.stat@https://registry.npmjs.org/@nodelib/fs.stat/-/fs.stat-2.0.5.tgz 0ms (cache hit)
2928 http cache fastq@https://registry.npmjs.org/fastq/-/fastq-1.20.1.tgz 0ms (cache hit)
2929 http cache import-fresh@https://registry.npmjs.org/import-fresh/-/import-fresh-3.3.1.tgz 0ms (cache hit)
2930 http cache run-parallel@https://registry.npmjs.org/run-parallel/-/run-parallel-1.2.0.tgz 0ms (cache hit)
2931 http cache json-schema-traverse@https://registry.npmjs.org/json-schema-traverse/-/json-schema-traverse-0.4.1.tgz 0ms (cache hit)
2932 http cache strip-json-comments@https://registry.npmjs.org/strip-json-comments/-/strip-json-comments-3.1.1.tgz 0ms (cache hit)
2933 http cache text-table@https://registry.npmjs.org/text-table/-/text-table-0.2.0.tgz 0ms (cache hit)
2934 http cache strip-ansi@https://registry.npmjs.org/strip-ansi/-/strip-ansi-6.0.1.tgz 0ms (cache hit)
2935 http cache optionator@https://registry.npmjs.org/optionator/-/optionator-0.9.4.tgz 0ms (cache hit)
2936 http cache @humanwhocodes/object-schema@https://registry.npmjs.org/@humanwhocodes/object-schema/-/object-schema-2.0.3.tgz 0ms (cache hit)
2937 http cache lodash.merge@https://registry.npmjs.org/lodash.merge/-/lodash.merge-4.6.2.tgz 0ms (cache hit)
2938 http cache natural-compare@https://registry.npmjs.org/natural-compare/-/natural-compare-1.4.0.tgz 0ms (cache hit)
2939 http cache levn@https://registry.npmjs.org/levn/-/levn-0.4.1.tgz 0ms (cache hit)
2940 http cache minimatch@https://registry.npmjs.org/minimatch/-/minimatch-3.1.5.tgz 0ms (cache hit)
2941 http cache json-stable-stringify-without-jsonify@https://registry.npmjs.org/json-stable-stringify-without-jsonify/-/json-stable-stringify-without-jsonify-1.0.1.tgz 0ms (cache hit)
2942 http cache js-yaml@https://registry.npmjs.org/js-yaml/-/js-yaml-4.3.1.tgz 0ms (cache hit)
2943 http cache @nodelib/fs.scandir@https://registry.npmjs.org/@nodelib/fs.scandir/-/fs.scandir-2.1.5.tgz 0ms (cache hit)
2944 http cache ignore@https://registry.npmjs.org/ignore/-/ignore-5.3.2.tgz 0ms (cache hit)
2945 http cache is-glob@https://registry.npmjs.org/is-glob/-/is-glob-4.0.3.tgz 0ms (cache hit)
2946 http cache graphemer@https://registry.npmjs.org/graphemer/-/graphemer-1.4.0.tgz 0ms (cache hit)
2947 http cache is-path-inside@https://registry.npmjs.org/is-path-inside/-/is-path-inside-3.0.3.tgz 0ms (cache hit)
2948 http cache glob-parent@https://registry.npmjs.org/glob-parent/-/glob-parent-6.0.2.tgz 0ms (cache hit)
2949 http cache imurmurhash@https://registry.npmjs.org/imurmurhash/-/imurmurhash-0.1.4.tgz 0ms (cache hit)
2950 http cache find-up@https://registry.npmjs.org/find-up/-/find-up-5.0.0.tgz 0ms (cache hit)
2951 http cache file-entry-cache@https://registry.npmjs.org/file-entry-cache/-/file-entry-cache-6.0.1.tgz 0ms (cache hit)
2952 http cache esutils@https://registry.npmjs.org/esutils/-/esutils-2.0.3.tgz 0ms (cache hit)
2953 http cache globals@https://registry.npmjs.org/globals/-/globals-13.24.0.tgz 0ms (cache hit)
2954 http cache eslint-scope@https://registry.npmjs.org/eslint-scope/-/eslint-scope-7.2.2.tgz 0ms (cache hit)
2955 http cache eslint-visitor-keys@https://registry.npmjs.org/eslint-visitor-keys/-/eslint-visitor-keys-3.4.3.tgz 0ms (cache hit)
2956 http cache fast-deep-equal@https://registry.npmjs.org/fast-deep-equal/-/fast-deep-equal-3.1.3.tgz 0ms (cache hit)
2957 http cache espree@https://registry.npmjs.org/espree/-/espree-9.6.1.tgz 0ms (cache hit)
2958 http cache esquery@https://registry.npmjs.org/esquery/-/esquery-1.7.0.tgz 0ms (cache hit)
2959 http cache doctrine@https://registry.npmjs.org/doctrine/-/doctrine-3.0.0.tgz 0ms (cache hit)
2960 http cache ajv@https://registry.npmjs.org/ajv/-/ajv-6.15.0.tgz 0ms (cache hit)
2961 http cache debug@https://registry.npmjs.org/debug/-/debug-4.4.3.tgz 0ms (cache hit)
2962 http cache @nodelib/fs.walk@https://registry.npmjs.org/@nodelib/fs.walk/-/fs.walk-1.2.8.tgz 0ms (cache hit)
2963 http cache @humanwhocodes/module-importer@https://registry.npmjs.org/@humanwhocodes/module-importer/-/module-importer-1.0.1.tgz 0ms (cache hit)
2964 http cache @ungap/structured-clone@https://registry.npmjs.org/@ungap/structured-clone/-/structured-clone-1.3.3.tgz 0ms (cache hit)
2965 http cache chalk@https://registry.npmjs.org/chalk/-/chalk-4.1.2.tgz 0ms (cache hit)
2966 http cache @eslint/eslintrc@https://registry.npmjs.org/@eslint/eslintrc/-/eslintrc-2.1.4.tgz 0ms (cache hit)
2967 http cache @eslint-community/regexpp@https://registry.npmjs.org/@eslint-community/regexpp/-/regexpp-4.12.2.tgz 0ms (cache hit)
2968 http cache @eslint/js@https://registry.npmjs.org/@eslint/js/-/js-8.57.0.tgz 0ms (cache hit)
2969 http cache @humanwhocodes/config-array@https://registry.npmjs.org/@humanwhocodes/config-array/-/config-array-0.11.14.tgz 0ms (cache hit)
2970 http cache escape-string-regexp@https://registry.npmjs.org/escape-string-regexp/-/escape-string-regexp-4.0.0.tgz 0ms (cache hit)
2971 http cache shebang-command@https://registry.npmjs.org/shebang-command/-/shebang-command-2.0.0.tgz 0ms (cache hit)
2972 http cache path-key@https://registry.npmjs.org/path-key/-/path-key-3.1.1.tgz 0ms (cache hit)
2973 http cache @eslint-community/eslint-utils@https://registry.npmjs.org/@eslint-community/eslint-utils/-/eslint-utils-4.10.1.tgz 0ms (cache hit)
2974 http cache webgl-constants@https://registry.npmjs.org/webgl-constants/-/webgl-constants-1.1.1.tgz 0ms (cache hit)
2975 http cache node-releases@https://registry.npmjs.org/node-releases/-/node-releases-2.0.53.tgz 0ms (cache hit)
2976 http cache ieee754@https://registry.npmjs.org/ieee754/-/ieee754-1.2.1.tgz 0ms (cache hit)
2977 http cache cross-spawn@https://registry.npmjs.org/cross-spawn/-/cross-spawn-7.0.6.tgz 0ms (cache hit)
2978 http cache postcss-value-parser@https://registry.npmjs.org/postcss-value-parser/-/postcss-value-parser-4.2.0.tgz 0ms (cache hit)
2979 http cache update-browserslist-db@https://registry.npmjs.org/update-browserslist-db/-/update-browserslist-db-1.3.1.tgz 0ms (cache hit)
2980 http cache caniuse-lite@https://registry.npmjs.org/caniuse-lite/-/caniuse-lite-1.0.30001809.tgz 0ms (cache hit)
2981 http cache fraction.js@https://registry.npmjs.org/fraction.js/-/fraction.js-5.3.4.tgz 0ms (cache hit)
2982 http cache electron-to-chromium@https://registry.npmjs.org/electron-to-chromium/-/electron-to-chromium-1.5.405.tgz 0ms (cache hit)
2983 http cache @use-gesture/core@https://registry.npmjs.org/@use-gesture/core/-/core-10.3.1.tgz 0ms (cache hit)
2984 http cache picocolors@https://registry.npmjs.org/picocolors/-/picocolors-1.1.1.tgz 0ms (cache hit)
2985 http cache baseline-browser-mapping@https://registry.npmjs.org/baseline-browser-mapping/-/baseline-browser-mapping-2.11.13.tgz 0ms (cache hit)
2986 http cache scheduler@https://registry.npmjs.org/scheduler/-/scheduler-0.21.0.tgz 0ms (cache hit)
2987 http cache @types/react@https://registry.npmjs.org/@types/react/-/react-19.2.18.tgz 0ms (cache hit)
2988 http cache react-reconciler@https://registry.npmjs.org/react-reconciler/-/react-reconciler-0.27.0.tgz 0ms (cache hit)
2989 http cache csstype@https://registry.npmjs.org/csstype/-/csstype-3.2.3.tgz 0ms (cache hit)
2990 http cache which@https://registry.npmjs.org/which/-/which-2.0.2.tgz 0ms (cache hit)
2991 http cache its-fine@https://registry.npmjs.org/its-fine/-/its-fine-1.2.5.tgz 0ms (cache hit)
2992 http cache react-use-measure@https://registry.npmjs.org/react-use-measure/-/react-use-measure-2.1.7.tgz 0ms (cache hit)
2993 http cache buffer@https://registry.npmjs.org/buffer/-/buffer-6.0.3.tgz 0ms (cache hit)
2994 http cache base64-js@https://registry.npmjs.org/base64-js/-/base64-js-1.5.1.tgz 0ms (cache hit)
2995 http cache @react-spring/rafz@https://registry.npmjs.org/@react-spring/rafz/-/rafz-9.7.5.tgz 0ms (cache hit)
2996 http cache @types/webxr@https://registry.npmjs.org/@types/webxr/-/webxr-0.5.24.tgz 0ms (cache hit)
2997 http cache @react-spring/shared@https://registry.npmjs.org/@react-spring/shared/-/shared-9.7.5.tgz 0ms (cache hit)
2998 http cache @types/react-reconciler@https://registry.npmjs.org/@types/react-reconciler/-/react-reconciler-0.26.7.tgz 0ms (cache hit)
2999 http cache @react-spring/core@https://registry.npmjs.org/@react-spring/core/-/core-9.7.5.tgz 0ms (cache hit)
3000 http cache @react-spring/animated@https://registry.npmjs.org/@react-spring/animated/-/animated-9.7.5.tgz 0ms (cache hit)
3001 http cache utility-types@https://registry.npmjs.org/utility-types/-/utility-types-3.11.0.tgz 0ms (cache hit)
3002 http cache tunnel-rat@https://registry.npmjs.org/tunnel-rat/-/tunnel-rat-0.1.2.tgz 0ms (cache hit)
3003 http cache @react-spring/types@https://registry.npmjs.org/@react-spring/types/-/types-9.7.5.tgz 0ms (cache hit)
3004 http cache zustand@https://registry.npmjs.org/zustand/-/zustand-5.0.14.tgz 0ms (cache hit)
3005 http cache three-stdlib@https://registry.npmjs.org/three-stdlib/-/three-stdlib-2.36.1.tgz 0ms (cache hit)
3006 http cache stats.js@https://registry.npmjs.org/stats.js/-/stats.js-0.17.0.tgz 0ms (cache hit)
3007 http cache promise-worker-transferable@https://registry.npmjs.org/promise-worker-transferable/-/promise-worker-transferable-1.0.4.tgz 0ms (cache hit)
3008 http cache suspend-react@https://registry.npmjs.org/suspend-react/-/suspend-react-0.1.3.tgz 0ms (cache hit)
3009 http cache troika-three-text@https://registry.npmjs.org/troika-three-text/-/troika-three-text-0.52.5.tgz 0ms (cache hit)
3010 http cache react-composer@https://registry.npmjs.org/react-composer/-/react-composer-5.0.3.tgz 0ms (cache hit)
3011 http cache stats-gl@https://registry.npmjs.org/stats-gl/-/stats-gl-2.4.2.tgz 0ms (cache hit)
3012 http cache maath@https://registry.npmjs.org/maath/-/maath-0.10.8.tgz 0ms (cache hit)
3013 http cache detect-gpu@https://registry.npmjs.org/detect-gpu/-/detect-gpu-5.0.70.tgz 0ms (cache hit)
3014 http cache three-mesh-bvh@https://registry.npmjs.org/three-mesh-bvh/-/three-mesh-bvh-0.7.8.tgz 0ms (cache hit)
3015 http cache meshline@https://registry.npmjs.org/meshline/-/meshline-3.3.1.tgz 0ms (cache hit)
3016 http cache cross-env@https://registry.npmjs.org/cross-env/-/cross-env-7.0.3.tgz 0ms (cache hit)
3017 http cache camera-controls@https://registry.npmjs.org/camera-controls/-/camera-controls-2.10.1.tgz 0ms (cache hit)
3018 http cache glsl-noise@https://registry.npmjs.org/glsl-noise/-/glsl-noise-0.0.0.tgz 0ms (cache hit)
3019 http cache @react-spring/three@https://registry.npmjs.org/@react-spring/three/-/three-9.7.5.tgz 0ms (cache hit)
3020 http cache @use-gesture/react@https://registry.npmjs.org/@use-gesture/react/-/react-10.3.1.tgz 0ms (cache hit)
3021 http cache hls.js@https://registry.npmjs.org/hls.js/-/hls.js-1.6.18.tgz 0ms (cache hit)
3022 http cache @monogrid/gainmap-js@https://registry.npmjs.org/@monogrid/gainmap-js/-/gainmap-js-3.4.0.tgz 0ms (cache hit)
3023 http cache three@https://registry.npmjs.org/three/-/three-0.163.0.tgz 0ms (cache hit)
3024 http cache @mediapipe/tasks-vision@https://registry.npmjs.org/@mediapipe/tasks-vision/-/tasks-vision-0.10.17.tgz 0ms (cache hit)
3025 http cache react@https://registry.npmjs.org/react/-/react-18.3.1.tgz 0ms (cache hit)
3026 http cache browserslist@https://registry.npmjs.org/browserslist/-/browserslist-4.28.8.tgz 0ms (cache hit)
3027 http cache @babel/runtime@https://registry.npmjs.org/@babel/runtime/-/runtime-7.29.7.tgz 0ms (cache hit)
3028 http cache tailwindcss@https://registry.npmjs.org/tailwindcss/-/tailwindcss-3.4.19.tgz 0ms (cache hit)
3029 http cache react-dom@https://registry.npmjs.org/react-dom/-/react-dom-18.3.1.tgz 0ms (cache hit)
3030 http cache gsap@https://registry.npmjs.org/gsap/-/gsap-3.15.0.tgz 0ms (cache hit)
3031 http cache next@https://registry.npmjs.org/next/-/next-14.2.5.tgz 0ms (cache hit)
3032 http cache postcss@https://registry.npmjs.org/postcss/-/postcss-8.5.26.tgz 0ms (cache hit)
3033 http cache eslint@https://registry.npmjs.org/eslint/-/eslint-8.57.0.tgz 0ms (cache hit)
3034 http cache eslint-config-next@https://registry.npmjs.org/eslint-config-next/-/eslint-config-next-14.2.5.tgz 0ms (cache hit)
3035 http cache autoprefixer@https://registry.npmjs.org/autoprefixer/-/autoprefixer-10.5.4.tgz 0ms (cache hit)
3036 http cache @react-three/drei@https://registry.npmjs.org/@react-three/drei/-/drei-9.122.0.tgz 0ms (cache hit)
3037 http cache resolve@https://registry.npmjs.org/resolve/-/resolve-1.22.12.tgz 0ms (cache hit)
3038 http cache @react-three/fiber@https://registry.npmjs.org/@react-three/fiber/-/fiber-8.18.0.tgz 0ms (cache hit)
3039 http cache glob-parent@https://registry.npmjs.org/glob-parent/-/glob-parent-5.1.2.tgz 0ms (cache hit)
3040 http cache lucide-react@https://registry.npmjs.org/lucide-react/-/lucide-react-0.484.0.tgz 0ms (cache hit)
3041 http cache emoji-regex@https://registry.npmjs.org/emoji-regex/-/emoji-regex-8.0.0.tgz 0ms (cache hit)
3042 http cache string-width@https://registry.npmjs.org/string-width/-/string-width-4.2.3.tgz 0ms (cache hit)
3043 http cache semver@https://registry.npmjs.org/semver/-/semver-6.3.1.tgz 0ms (cache hit)
3044 http cache strip-ansi@https://registry.npmjs.org/strip-ansi/-/strip-ansi-7.2.0.tgz 0ms (cache hit)
3045 http cache emoji-regex@https://registry.npmjs.org/emoji-regex/-/emoji-regex-8.0.0.tgz 0ms (cache hit)
3046 http cache ansi-styles@https://registry.npmjs.org/ansi-styles/-/ansi-styles-6.2.3.tgz 0ms (cache hit)
3047 http cache ansi-regex@https://registry.npmjs.org/ansi-regex/-/ansi-regex-6.2.2.tgz 0ms (cache hit)
3048 http cache ansi-regex@https://registry.npmjs.org/ansi-regex/-/ansi-regex-6.2.2.tgz 0ms (cache hit)
3049 http cache strip-ansi@https://registry.npmjs.org/strip-ansi/-/strip-ansi-7.2.0.tgz 0ms (cache hit)
3050 http cache strip-ansi@https://registry.npmjs.org/strip-ansi/-/strip-ansi-7.2.0.tgz 0ms (cache hit)
3051 http cache glob-parent@https://registry.npmjs.org/glob-parent/-/glob-parent-5.1.2.tgz 0ms (cache hit)
3052 http cache picomatch@https://registry.npmjs.org/picomatch/-/picomatch-4.0.5.tgz 0ms (cache hit)
3053 http cache glob@https://registry.npmjs.org/glob/-/glob-7.2.3.tgz 0ms (cache hit)
3054 http cache debug@https://registry.npmjs.org/debug/-/debug-3.2.7.tgz 0ms (cache hit)
3055 http cache brace-expansion@https://registry.npmjs.org/brace-expansion/-/brace-expansion-2.1.4.tgz 0ms (cache hit)
3056 http cache minimatch@https://registry.npmjs.org/minimatch/-/minimatch-9.0.3.tgz 0ms (cache hit)
3057 http cache semver@https://registry.npmjs.org/semver/-/semver-6.3.1.tgz 0ms (cache hit)
3058 http cache doctrine@https://registry.npmjs.org/doctrine/-/doctrine-2.1.0.tgz 0ms (cache hit)
3059 http cache semver@https://registry.npmjs.org/semver/-/semver-6.3.1.tgz 0ms (cache hit)
3060 http cache ansi-regex@https://registry.npmjs.org/ansi-regex/-/ansi-regex-6.2.2.tgz 0ms (cache hit)
3061 http cache debug@https://registry.npmjs.org/debug/-/debug-3.2.7.tgz 0ms (cache hit)
3062 http cache minimatch@https://registry.npmjs.org/minimatch/-/minimatch-9.0.9.tgz 0ms (cache hit)
3063 http cache fflate@https://registry.npmjs.org/fflate/-/fflate-0.6.11.tgz 0ms (cache hit)
3064 http cache doctrine@https://registry.npmjs.org/doctrine/-/doctrine-2.1.0.tgz 0ms (cache hit)
3065 http cache debug@https://registry.npmjs.org/debug/-/debug-3.2.7.tgz 0ms (cache hit)
3066 http cache resolve@https://registry.npmjs.org/resolve/-/resolve-1.22.12.tgz 0ms (cache hit)
3067 http cache scheduler@https://registry.npmjs.org/scheduler/-/scheduler-0.23.2.tgz 0ms (cache hit)
3068 http cache zustand@https://registry.npmjs.org/zustand/-/zustand-4.5.7.tgz 0ms (cache hit)
3069 http cache brace-expansion@https://registry.npmjs.org/brace-expansion/-/brace-expansion-2.1.4.tgz 0ms (cache hit)
3070 http cache postcss@https://registry.npmjs.org/postcss/-/postcss-8.4.31.tgz 0ms (cache hit)
3071 silly tarball no local data for once@https://registry.npmjs.org/once/-/once-1.4.0.tgz. Extracting by manifest.
3072 silly tarball no local data for use-sync-external-store@https://registry.npmjs.org/use-sync-external-store/-/use-sync-external-store-1.6.0.tgz. Extracting by manifest.
3073 http cache zustand@https://registry.npmjs.org/zustand/-/zustand-3.7.2.tgz 0ms (cache hit)
3074 silly tarball no local data for path-is-absolute@https://registry.npmjs.org/path-is-absolute/-/path-is-absolute-1.0.1.tgz. Extracting by manifest.
3075 silly tarball no local data for inherits@https://registry.npmjs.org/inherits/-/inherits-2.0.4.tgz. Extracting by manifest.
3076 silly tarball no local data for wrappy@https://registry.npmjs.org/wrappy/-/wrappy-1.0.2.tgz. Extracting by manifest.
3077 silly tarball no local data for is-weakset@https://registry.npmjs.org/is-weakset/-/is-weakset-2.0.4.tgz. Extracting by manifest.
3078 silly tarball no local data for is-weakmap@https://registry.npmjs.org/is-weakmap/-/is-weakmap-2.0.2.tgz. Extracting by manifest.
3079 silly tarball no local data for is-map@https://registry.npmjs.org/is-map/-/is-map-2.0.3.tgz. Extracting by manifest.
3080 silly tarball no local data for async-function@https://registry.npmjs.org/async-function/-/async-function-1.0.0.tgz. Extracting by manifest.
3081 silly tarball no local data for inflight@https://registry.npmjs.org/inflight/-/inflight-1.0.6.tgz. Extracting by manifest.
3082 silly tarball no local data for generator-function@https://registry.npmjs.org/generator-function/-/generator-function-2.0.1.tgz. Extracting by manifest.
3083 silly tarball no local data for which-collection@https://registry.npmjs.org/which-collection/-/which-collection-1.0.2.tgz. Extracting by manifest.
3084 silly tarball no local data for is-generator-function@https://registry.npmjs.org/is-generator-function/-/is-generator-function-1.1.2.tgz. Extracting by manifest.
3085 silly tarball no local data for fs.realpath@https://registry.npmjs.org/fs.realpath/-/fs.realpath-1.0.0.tgz. Extracting by manifest.
3086 silly tarball no local data for is-async-function@https://registry.npmjs.org/is-async-function/-/is-async-function-2.1.1.tgz. Extracting by manifest.
3087 silly tarball no local data for is-boolean-object@https://registry.npmjs.org/is-boolean-object/-/is-boolean-object-1.2.2.tgz. Extracting by manifest.
3088 silly tarball no local data for is-finalizationregistry@https://registry.npmjs.org/is-finalizationregistry/-/is-finalizationregistry-1.1.1.tgz. Extracting by manifest.
3089 silly tarball no local data for is-number-object@https://registry.npmjs.org/is-number-object/-/is-number-object-1.1.1.tgz. Extracting by manifest.
3090 silly tarball no local data for is-bigint@https://registry.npmjs.org/is-bigint/-/is-bigint-1.1.0.tgz. Extracting by manifest.
3091 silly tarball no local data for escalade@https://registry.npmjs.org/escalade/-/escalade-3.2.0.tgz. Extracting by manifest.
3092 silly tarball no local data for punycode@https://registry.npmjs.org/punycode/-/punycode-2.3.1.tgz. Extracting by manifest.
3093 silly tarball no local data for which-boxed-primitive@https://registry.npmjs.org/which-boxed-primitive/-/which-boxed-primitive-1.1.1.tgz. Extracting by manifest.
3094 silly tarball no local data for napi-postinstall@https://registry.npmjs.org/napi-postinstall/-/napi-postinstall-0.3.4.tgz. Extracting by manifest.
3095 silly tarball no local data for has-bigints@https://registry.npmjs.org/has-bigints/-/has-bigints-1.1.0.tgz. Extracting by manifest.
3096 silly tarball no local data for which-builtin-type@https://registry.npmjs.org/which-builtin-type/-/which-builtin-type-1.2.1.tgz. Extracting by manifest.
3097 silly tarball no local data for minimist@https://registry.npmjs.org/minimist/-/minimist-1.2.8.tgz. Extracting by manifest.
3098 silly tarball no local data for for-each@https://registry.npmjs.org/for-each/-/for-each-0.3.5.tgz. Extracting by manifest.
3099 silly tarball no local data for @types/json5@https://registry.npmjs.org/@types/json5/-/json5-0.0.29.tgz. Extracting by manifest.
3100 silly tarball no local data for strip-bom@https://registry.npmjs.org/strip-bom/-/strip-bom-3.0.0.tgz. Extracting by manifest.
3101 silly tarball no local data for json5@https://registry.npmjs.org/json5/-/json5-1.0.2.tgz. Extracting by manifest.
3102 silly tarball no local data for @unrs/resolver-binding-darwin-arm64@https://registry.npmjs.org/@unrs/resolver-binding-darwin-arm64/-/resolver-binding-darwin-arm64-1.12.2.tgz. Extracting by manifest.
3103 silly tarball no local data for troika-worker-utils@https://registry.npmjs.org/troika-worker-utils/-/troika-worker-utils-0.52.0.tgz. Extracting by manifest.
3104 silly tarball no local data for webgl-sdf-generator@https://registry.npmjs.org/webgl-sdf-generator/-/webgl-sdf-generator-1.1.1.tgz. Extracting by manifest.
3105 silly tarball no local data for bidi-js@https://registry.npmjs.org/bidi-js/-/bidi-js-1.0.3.tgz. Extracting by manifest.
3106 silly tarball no local data for troika-three-utils@https://registry.npmjs.org/troika-three-utils/-/troika-three-utils-0.52.5.tgz. Extracting by manifest.
3107 silly tarball no local data for potpack@https://registry.npmjs.org/potpack/-/potpack-1.0.2.tgz. Extracting by manifest.
3108 silly tarball no local data for fdir@https://registry.npmjs.org/fdir/-/fdir-6.5.0.tgz. Extracting by manifest.
3109 silly tarball no local data for draco3d@https://registry.npmjs.org/draco3d/-/draco3d-1.5.7.tgz. Extracting by manifest.
3110 silly tarball no local data for is-number@https://registry.npmjs.org/is-number/-/is-number-7.0.0.tgz. Extracting by manifest.
3111 silly tarball no local data for require-from-string@https://registry.npmjs.org/require-from-string/-/require-from-string-2.0.2.tgz. Extracting by manifest.
3112 silly tarball no local data for reflect.getprototypeof@https://registry.npmjs.org/reflect.getprototypeof/-/reflect.getprototypeof-1.0.10.tgz. Extracting by manifest.
3113 silly tarball no local data for thenify-all@https://registry.npmjs.org/thenify-all/-/thenify-all-1.6.0.tgz. Extracting by manifest.
3114 silly tarball no local data for thenify@https://registry.npmjs.org/thenify/-/thenify-3.3.1.tgz. Extracting by manifest.
3115 silly tarball no local data for any-promise@https://registry.npmjs.org/any-promise/-/any-promise-1.3.0.tgz. Extracting by manifest.
3116 silly tarball no local data for @types/draco3d@https://registry.npmjs.org/@types/draco3d/-/draco3d-1.4.10.tgz. Extracting by manifest.
3117 silly tarball no local data for @types/offscreencanvas@https://registry.npmjs.org/@types/offscreencanvas/-/offscreencanvas-2019.7.3.tgz. Extracting by manifest.
3118 silly tarball no local data for @jridgewell/trace-mapping@https://registry.npmjs.org/@jridgewell/trace-mapping/-/trace-mapping-0.3.31.tgz. Extracting by manifest.
3119 silly tarball no local data for @jridgewell/resolve-uri@https://registry.npmjs.org/@jridgewell/resolve-uri/-/resolve-uri-3.1.2.tgz. Extracting by manifest.
3120 silly tarball no local data for isexe@https://registry.npmjs.org/isexe/-/isexe-2.0.0.tgz. Extracting by manifest.
3121 silly tarball no local data for @jridgewell/sourcemap-codec@https://registry.npmjs.org/@jridgewell/sourcemap-codec/-/sourcemap-codec-1.5.5.tgz. Extracting by manifest.
3122 silly tarball no local data for pirates@https://registry.npmjs.org/pirates/-/pirates-4.0.7.tgz. Extracting by manifest.
3123 http cache @types/react-reconciler@https://registry.npmjs.org/@types/react-reconciler/-/react-reconciler-0.28.9.tgz 0ms (cache hit)
3124 http cache three@https://registry.npmjs.org/three/-/three-0.170.0.tgz 0ms (cache hit)
3125 silly tarball no local data for ts-interface-checker@https://registry.npmjs.org/ts-interface-checker/-/ts-interface-checker-0.1.13.tgz. Extracting by manifest.
3126 silly tarball no local data for @jridgewell/gen-mapping@https://registry.npmjs.org/@jridgewell/gen-mapping/-/gen-mapping-0.3.13.tgz. Extracting by manifest.
3127 silly tarball no local data for mz@https://registry.npmjs.org/mz/-/mz-2.7.0.tgz. Extracting by manifest.
3128 silly tarball no local data for commander@https://registry.npmjs.org/commander/-/commander-4.1.1.tgz. Extracting by manifest.
3129 silly tarball no local data for lines-and-columns@https://registry.npmjs.org/lines-and-columns/-/lines-and-columns-1.2.4.tgz. Extracting by manifest.
3130 silly tarball no local data for cssesc@https://registry.npmjs.org/cssesc/-/cssesc-3.0.0.tgz. Extracting by manifest.
3131 silly tarball no local data for util-deprecate@https://registry.npmjs.org/util-deprecate/-/util-deprecate-1.0.2.tgz. Extracting by manifest.
3132 silly tarball no local data for read-cache@https://registry.npmjs.org/read-cache/-/read-cache-1.0.0.tgz. Extracting by manifest.
3133 silly tarball no local data for pify@https://registry.npmjs.org/pify/-/pify-2.3.0.tgz. Extracting by manifest.
3134 silly tarball no local data for readdirp@https://registry.npmjs.org/readdirp/-/readdirp-3.6.0.tgz. Extracting by manifest.
3135 silly tarball no local data for binary-extensions@https://registry.npmjs.org/binary-extensions/-/binary-extensions-2.3.0.tgz. Extracting by manifest.
3136 silly tarball no local data for anymatch@https://registry.npmjs.org/anymatch/-/anymatch-3.1.3.tgz. Extracting by manifest.
3137 silly tarball no local data for sucrase@https://registry.npmjs.org/sucrase/-/sucrase-3.35.1.tgz. Extracting by manifest.
3138 silly tarball no local data for postcss-selector-parser@https://registry.npmjs.org/postcss-selector-parser/-/postcss-selector-parser-6.1.4.tgz. Extracting by manifest.
3139 silly tarball no local data for fsevents@https://registry.npmjs.org/fsevents/-/fsevents-2.3.3.tgz. Extracting by manifest.
3140 silly tarball no local data for is-binary-path@https://registry.npmjs.org/is-binary-path/-/is-binary-path-2.1.0.tgz. Extracting by manifest.
3141 silly tarball no local data for camelcase-css@https://registry.npmjs.org/camelcase-css/-/camelcase-css-2.0.1.tgz. Extracting by manifest.
3142 silly tarball no local data for postcss-js@https://registry.npmjs.org/postcss-js/-/postcss-js-4.1.0.tgz. Extracting by manifest.
3143 silly tarball no local data for postcss-nested@https://registry.npmjs.org/postcss-nested/-/postcss-nested-6.2.0.tgz. Extracting by manifest.
3144 silly tarball no local data for object-hash@https://registry.npmjs.org/object-hash/-/object-hash-3.0.0.tgz. Extracting by manifest.
3145 silly tarball no local data for normalize-path@https://registry.npmjs.org/normalize-path/-/normalize-path-3.0.0.tgz. Extracting by manifest.
3146 silly tarball no local data for postcss-import@https://registry.npmjs.org/postcss-import/-/postcss-import-15.1.0.tgz. Extracting by manifest.
3147 silly tarball no local data for didyoumean@https://registry.npmjs.org/didyoumean/-/didyoumean-1.2.2.tgz. Extracting by manifest.
3148 silly tarball no local data for lilconfig@https://registry.npmjs.org/lilconfig/-/lilconfig-3.1.3.tgz. Extracting by manifest.
3149 silly tarball no local data for dlv@https://registry.npmjs.org/dlv/-/dlv-1.1.3.tgz. Extracting by manifest.
3150 silly tarball no local data for postcss-load-config@https://registry.npmjs.org/postcss-load-config/-/postcss-load-config-6.0.1.tgz. Extracting by manifest.
3151 silly tarball no local data for arg@https://registry.npmjs.org/arg/-/arg-5.0.2.tgz. Extracting by manifest.
3152 silly tarball no local data for jiti@https://registry.npmjs.org/jiti/-/jiti-1.21.7.tgz. Extracting by manifest.
3153 silly tarball no local data for is-fullwidth-code-point@https://registry.npmjs.org/is-fullwidth-code-point/-/is-fullwidth-code-point-3.0.0.tgz. Extracting by manifest.
3154 silly tarball no local data for chokidar@https://registry.npmjs.org/chokidar/-/chokidar-3.6.0.tgz. Extracting by manifest.
3155 silly tarball no local data for has-flag@https://registry.npmjs.org/has-flag/-/has-flag-4.0.0.tgz. Extracting by manifest.
3156 silly tarball no local data for ansi-regex@https://registry.npmjs.org/ansi-regex/-/ansi-regex-5.0.1.tgz. Extracting by manifest.
3157 silly tarball no local data for client-only@https://registry.npmjs.org/client-only/-/client-only-0.0.1.tgz. Extracting by manifest.
3158 silly tarball no local data for @alloc/quick-lru@https://registry.npmjs.org/@alloc/quick-lru/-/quick-lru-5.2.0.tgz. Extracting by manifest.
3159 silly tarball no local data for fflate@https://registry.npmjs.org/fflate/-/fflate-0.8.3.tgz. Extracting by manifest.
3160 silly tarball no local data for meshoptimizer@https://registry.npmjs.org/meshoptimizer/-/meshoptimizer-1.1.1.tgz. Extracting by manifest.
3161 silly tarball no local data for @dimforge/rapier3d-compat@https://registry.npmjs.org/@dimforge/rapier3d-compat/-/rapier3d-compat-0.12.0.tgz. Extracting by manifest.
3162 silly tarball no local data for @types/three@https://registry.npmjs.org/@types/three/-/three-0.185.4.tgz. Extracting by manifest.
3163 silly tarball no local data for @tweenjs/tween.js@https://registry.npmjs.org/@tweenjs/tween.js/-/tween.js-23.1.3.tgz. Extracting by manifest.
3164 silly tarball no local data for side-channel-weakmap@https://registry.npmjs.org/side-channel-weakmap/-/side-channel-weakmap-1.0.2.tgz. Extracting by manifest.
3165 silly tarball no local data for @types/stats.js@https://registry.npmjs.org/@types/stats.js/-/stats.js-0.17.4.tgz. Extracting by manifest.
3166 silly tarball no local data for shebang-regex@https://registry.npmjs.org/shebang-regex/-/shebang-regex-3.0.0.tgz. Extracting by manifest.
3167 silly tarball no local data for side-channel-list@https://registry.npmjs.org/side-channel-list/-/side-channel-list-1.0.1.tgz. Extracting by manifest.
3168 silly tarball no local data for side-channel-map@https://registry.npmjs.org/side-channel-map/-/side-channel-map-1.0.1.tgz. Extracting by manifest.
3169 silly tarball no local data for queue-microtask@https://registry.npmjs.org/queue-microtask/-/queue-microtask-1.2.3.tgz. Extracting by manifest.
3170 silly tarball no local data for path-parse@https://registry.npmjs.org/path-parse/-/path-parse-1.0.7.tgz. Extracting by manifest.
3171 silly tarball no local data for isarray@https://registry.npmjs.org/isarray/-/isarray-2.0.5.tgz. Extracting by manifest.
3172 silly tarball no local data for node-exports-info@https://registry.npmjs.org/node-exports-info/-/node-exports-info-1.6.2.tgz. Extracting by manifest.
3173 silly tarball no local data for js-tokens@https://registry.npmjs.org/js-tokens/-/js-tokens-4.0.0.tgz. Extracting by manifest.
3174 silly tarball no local data for supports-preserve-symlinks-flag@https://registry.npmjs.org/supports-preserve-symlinks-flag/-/supports-preserve-symlinks-flag-1.0.0.tgz. Extracting by manifest.
3175 silly tarball no local data for react-is@https://registry.npmjs.org/react-is/-/react-is-16.13.1.tgz. Extracting by manifest.
3176 silly tarball no local data for lie@https://registry.npmjs.org/lie/-/lie-3.3.0.tgz. Extracting by manifest.
3177 silly tarball no local data for eastasianwidth@https://registry.npmjs.org/eastasianwidth/-/eastasianwidth-0.2.0.tgz. Extracting by manifest.
3178 silly tarball no local data for object-assign@https://registry.npmjs.org/object-assign/-/object-assign-4.1.1.tgz. Extracting by manifest.
3179 silly tarball no local data for nanoid@https://registry.npmjs.org/nanoid/-/nanoid-3.3.18.tgz. Extracting by manifest.
3180 silly tarball no local data for is-promise@https://registry.npmjs.org/is-promise/-/is-promise-2.2.2.tgz. Extracting by manifest.
3181 silly tarball no local data for source-map-js@https://registry.npmjs.org/source-map-js/-/source-map-js-1.2.1.tgz. Extracting by manifest.
3182 silly tarball no local data for immediate@https://registry.npmjs.org/immediate/-/immediate-3.0.6.tgz. Extracting by manifest.
3183 silly tarball no local data for callsites@https://registry.npmjs.org/callsites/-/callsites-3.1.0.tgz. Extracting by manifest.
3184 silly tarball no local data for yocto-queue@https://registry.npmjs.org/yocto-queue/-/yocto-queue-0.1.0.tgz. Extracting by manifest.
3185 silly tarball no local data for lru-cache@https://registry.npmjs.org/lru-cache/-/lru-cache-10.4.3.tgz. Extracting by manifest.
3186 silly tarball no local data for p-limit@https://registry.npmjs.org/p-limit/-/p-limit-3.1.0.tgz. Extracting by manifest.
3187 silly tarball no local data for fast-levenshtein@https://registry.npmjs.org/fast-levenshtein/-/fast-levenshtein-2.0.6.tgz. Extracting by manifest.
3188 silly tarball no local data for word-wrap@https://registry.npmjs.org/word-wrap/-/word-wrap-1.2.5.tgz. Extracting by manifest.
3189 silly tarball no local data for styled-jsx@https://registry.npmjs.org/styled-jsx/-/styled-jsx-5.1.1.tgz. Extracting by manifest.
3190 silly tarball no local data for tslib@https://registry.npmjs.org/tslib/-/tslib-2.8.1.tgz. Extracting by manifest.
3191 silly tarball no local data for deep-is@https://registry.npmjs.org/deep-is/-/deep-is-0.1.4.tgz. Extracting by manifest.
3192 silly tarball no local data for @swc/counter@https://registry.npmjs.org/@swc/counter/-/counter-0.1.3.tgz. Extracting by manifest.
3193 silly tarball no local data for streamsearch@https://registry.npmjs.org/streamsearch/-/streamsearch-1.1.0.tgz. Extracting by manifest.
3194 silly tarball no local data for busboy@https://registry.npmjs.org/busboy/-/busboy-1.6.0.tgz. Extracting by manifest.
3195 silly tarball no local data for graceful-fs@https://registry.npmjs.org/graceful-fs/-/graceful-fs-4.2.11.tgz. Extracting by manifest.
3196 silly tarball no local data for loose-envify@https://registry.npmjs.org/loose-envify/-/loose-envify-1.4.0.tgz. Extracting by manifest.
3197 silly tarball no local data for @swc/helpers@https://registry.npmjs.org/@swc/helpers/-/helpers-0.5.5.tgz. Extracting by manifest.
3198 silly tarball no local data for balanced-match@https://registry.npmjs.org/balanced-match/-/balanced-match-1.0.2.tgz. Extracting by manifest.
3199 silly tarball no local data for @next/swc-darwin-arm64@https://registry.npmjs.org/@next/swc-darwin-arm64/-/swc-darwin-arm64-14.2.5.tgz. Extracting by manifest.
3200 silly tarball no local data for to-regex-range@https://registry.npmjs.org/to-regex-range/-/to-regex-range-5.0.1.tgz. Extracting by manifest.
3201 silly tarball no local data for brace-expansion@https://registry.npmjs.org/brace-expansion/-/brace-expansion-1.1.18.tgz. Extracting by manifest.
3202 silly tarball no local data for fill-range@https://registry.npmjs.org/fill-range/-/fill-range-7.1.1.tgz. Extracting by manifest.
3203 silly tarball no local data for @next/env@https://registry.npmjs.org/@next/env/-/env-14.2.5.tgz. Extracting by manifest.
3204 silly tarball no local data for p-locate@https://registry.npmjs.org/p-locate/-/p-locate-5.0.0.tgz. Extracting by manifest.
3205 silly tarball no local data for braces@https://registry.npmjs.org/braces/-/braces-3.0.3.tgz. Extracting by manifest.
3206 silly tarball no local data for concat-map@https://registry.npmjs.org/concat-map/-/concat-map-0.0.1.tgz. Extracting by manifest.
3207 silly tarball no local data for prelude-ls@https://registry.npmjs.org/prelude-ls/-/prelude-ls-1.2.1.tgz. Extracting by manifest.
3208 silly tarball no local data for picomatch@https://registry.npmjs.org/picomatch/-/picomatch-2.3.2.tgz. Extracting by manifest.
3209 silly tarball no local data for json-buffer@https://registry.npmjs.org/json-buffer/-/json-buffer-3.0.1.tgz. Extracting by manifest.
3210 silly tarball no local data for wrap-ansi-cjs@https://registry.npmjs.org/wrap-ansi/-/wrap-ansi-7.0.0.tgz. Extracting by manifest.
3211 silly tarball no local data for type-check@https://registry.npmjs.org/type-check/-/type-check-0.4.0.tgz. Extracting by manifest.
3212 silly tarball no local data for string-width-cjs@https://registry.npmjs.org/string-width/-/string-width-4.2.3.tgz. Extracting by manifest.
3213 silly tarball no local data for language-subtag-registry@https://registry.npmjs.org/language-subtag-registry/-/language-subtag-registry-0.3.23.tgz. Extracting by manifest.
3214 silly tarball no local data for wrap-ansi@https://registry.npmjs.org/wrap-ansi/-/wrap-ansi-8.1.0.tgz. Extracting by manifest.
3215 silly tarball no local data for strip-ansi-cjs@https://registry.npmjs.org/strip-ansi/-/strip-ansi-6.0.1.tgz. Extracting by manifest.
3216 silly tarball no local data for @isaacs/cliui@https://registry.npmjs.org/@isaacs/cliui/-/cliui-8.0.2.tgz. Extracting by manifest.
3217 silly tarball no local data for @pkgjs/parseargs@https://registry.npmjs.org/@pkgjs/parseargs/-/parseargs-0.11.0.tgz. Extracting by manifest.
3218 silly tarball no local data for set-function-name@https://registry.npmjs.org/set-function-name/-/set-function-name-2.0.2.tgz. Extracting by manifest.
3219 silly tarball no local data for argparse@https://registry.npmjs.org/argparse/-/argparse-2.0.1.tgz. Extracting by manifest.
3220 silly tarball no local data for side-channel@https://registry.npmjs.org/side-channel/-/side-channel-1.1.1.tgz. Extracting by manifest.
3221 silly tarball no local data for resolve-from@https://registry.npmjs.org/resolve-from/-/resolve-from-4.0.0.tgz. Extracting by manifest.
3222 silly tarball no local data for micromatch@https://registry.npmjs.org/micromatch/-/micromatch-4.0.8.tgz. Extracting by manifest.
3223 silly tarball no local data for is-extglob@https://registry.npmjs.org/is-extglob/-/is-extglob-2.1.1.tgz. Extracting by manifest.
3224 silly tarball no local data for slash@https://registry.npmjs.org/slash/-/slash-3.0.0.tgz. Extracting by manifest.
3225 silly tarball no local data for path-type@https://registry.npmjs.org/path-type/-/path-type-4.0.0.tgz. Extracting by manifest.
3226 silly tarball no local data for merge2@https://registry.npmjs.org/merge2/-/merge2-1.4.1.tgz. Extracting by manifest.
3227 silly tarball no local data for dir-glob@https://registry.npmjs.org/dir-glob/-/dir-glob-3.0.1.tgz. Extracting by manifest.
3228 silly tarball no local data for parent-module@https://registry.npmjs.org/parent-module/-/parent-module-1.0.1.tgz. Extracting by manifest.
3229 silly tarball no local data for array-union@https://registry.npmjs.org/array-union/-/array-union-2.1.0.tgz. Extracting by manifest.
3230 silly tarball no local data for string-width@https://registry.npmjs.org/string-width/-/string-width-5.1.2.tgz. Extracting by manifest.
3231 silly tarball no local data for fast-glob@https://registry.npmjs.org/fast-glob/-/fast-glob-3.3.3.tgz. Extracting by manifest.
3232 silly tarball no local data for minipass@https://registry.npmjs.org/minipass/-/minipass-7.1.3.tgz. Extracting by manifest.
3233 silly tarball no local data for path-scurry@https://registry.npmjs.org/path-scurry/-/path-scurry-1.11.1.tgz. Extracting by manifest.
3234 silly tarball no local data for signal-exit@https://registry.npmjs.org/signal-exit/-/signal-exit-4.1.0.tgz. Extracting by manifest.
3235 silly tarball no local data for dunder-proto@https://registry.npmjs.org/dunder-proto/-/dunder-proto-1.0.1.tgz. Extracting by manifest.
3236 silly tarball no local data for resolve-pkg-maps@https://registry.npmjs.org/resolve-pkg-maps/-/resolve-pkg-maps-1.0.0.tgz. Extracting by manifest.
3237 silly tarball no local data for type-fest@https://registry.npmjs.org/type-fest/-/type-fest-0.20.2.tgz. Extracting by manifest.
3238 silly tarball no local data for foreground-child@https://registry.npmjs.org/foreground-child/-/foreground-child-3.3.1.tgz. Extracting by manifest.
3239 silly tarball no local data for jackspeak@https://registry.npmjs.org/jackspeak/-/jackspeak-2.3.6.tgz. Extracting by manifest.
3240 silly tarball no local data for is-document.all@https://registry.npmjs.org/is-document.all/-/is-document.all-1.0.0.tgz. Extracting by manifest.
3241 silly tarball no local data for rimraf@https://registry.npmjs.org/rimraf/-/rimraf-3.0.2.tgz. Extracting by manifest.
3242 silly tarball no local data for flatted@https://registry.npmjs.org/flatted/-/flatted-3.4.4.tgz. Extracting by manifest.
3243 silly tarball no local data for locate-path@https://registry.npmjs.org/locate-path/-/locate-path-6.0.0.tgz. Extracting by manifest.
3244 silly tarball no local data for path-exists@https://registry.npmjs.org/path-exists/-/path-exists-4.0.0.tgz. Extracting by manifest.
3245 silly tarball no local data for keyv@https://registry.npmjs.org/keyv/-/keyv-4.5.4.tgz. Extracting by manifest.
3246 silly tarball no local data for reusify@https://registry.npmjs.org/reusify/-/reusify-1.1.0.tgz. Extracting by manifest.
3247 silly tarball no local data for functions-have-names@https://registry.npmjs.org/functions-have-names/-/functions-have-names-1.2.3.tgz. Extracting by manifest.
3248 silly tarball no local data for flat-cache@https://registry.npmjs.org/flat-cache/-/flat-cache-3.2.0.tgz. Extracting by manifest.
3249 silly tarball no local data for acorn@https://registry.npmjs.org/acorn/-/acorn-8.18.0.tgz. Extracting by manifest.
3250 silly tarball no local data for string.prototype.repeat@https://registry.npmjs.org/string.prototype.repeat/-/string.prototype.repeat-1.0.0.tgz. Extracting by manifest.
3251 silly tarball no local data for esrecurse@https://registry.npmjs.org/esrecurse/-/esrecurse-4.3.0.tgz. Extracting by manifest.
3252 silly tarball no local data for prop-types@https://registry.npmjs.org/prop-types/-/prop-types-15.8.1.tgz. Extracting by manifest.
3253 silly tarball no local data for acorn-jsx@https://registry.npmjs.org/acorn-jsx/-/acorn-jsx-5.3.2.tgz. Extracting by manifest.
3254 silly tarball no local data for iterator.prototype@https://registry.npmjs.org/iterator.prototype/-/iterator.prototype-1.1.5.tgz. Extracting by manifest.
3255 silly tarball no local data for estraverse@https://registry.npmjs.org/estraverse/-/estraverse-5.3.0.tgz. Extracting by manifest.
3256 silly tarball no local data for string.prototype.matchall@https://registry.npmjs.org/string.prototype.matchall/-/string.prototype.matchall-4.0.12.tgz. Extracting by manifest.
3257 silly tarball no local data for array.prototype.tosorted@https://registry.npmjs.org/array.prototype.tosorted/-/array.prototype.tosorted-1.1.4.tgz. Extracting by manifest.
3258 silly tarball no local data for array.prototype.findlast@https://registry.npmjs.org/array.prototype.findlast/-/array.prototype.findlast-1.2.5.tgz. Extracting by manifest.
3259 silly tarball no local data for es-iterator-helpers@https://registry.npmjs.org/es-iterator-helpers/-/es-iterator-helpers-1.4.0.tgz. Extracting by manifest.
3260 silly tarball no local data for jsx-ast-utils@https://registry.npmjs.org/jsx-ast-utils/-/jsx-ast-utils-3.3.5.tgz. Extracting by manifest.
3261 silly tarball no local data for emoji-regex@https://registry.npmjs.org/emoji-regex/-/emoji-regex-9.2.2.tgz. Extracting by manifest.
3262 silly tarball no local data for string.prototype.includes@https://registry.npmjs.org/string.prototype.includes/-/string.prototype.includes-2.0.1.tgz. Extracting by manifest.
3263 silly tarball no local data for axe-core@https://registry.npmjs.org/axe-core/-/axe-core-4.13.0.tgz. Extracting by manifest.
3264 silly tarball no local data for language-tags@https://registry.npmjs.org/language-tags/-/language-tags-1.0.9.tgz. Extracting by manifest.
3265 silly tarball no local data for axobject-query@https://registry.npmjs.org/axobject-query/-/axobject-query-4.1.0.tgz. Extracting by manifest.
3266 silly tarball no local data for is-symbol@https://registry.npmjs.org/is-symbol/-/is-symbol-1.1.1.tgz. Extracting by manifest.
3267 silly tarball no local data for aria-query@https://registry.npmjs.org/aria-query/-/aria-query-5.3.2.tgz. Extracting by manifest.
3268 silly tarball no local data for object.entries@https://registry.npmjs.org/object.entries/-/object.entries-1.1.9.tgz. Extracting by manifest.
3269 silly tarball no local data for is-date-object@https://registry.npmjs.org/is-date-object/-/is-date-object-1.1.0.tgz. Extracting by manifest.
3270 silly tarball no local data for has-tostringtag@https://registry.npmjs.org/has-tostringtag/-/has-tostringtag-1.0.2.tgz. Extracting by manifest.
3271 silly tarball no local data for es-abstract-get@https://registry.npmjs.org/es-abstract-get/-/es-abstract-get-1.0.0.tgz. Extracting by manifest.
3272 silly tarball no local data for ast-types-flow@https://registry.npmjs.org/ast-types-flow/-/ast-types-flow-0.0.8.tgz. Extracting by manifest.
3273 silly tarball no local data for possible-typed-array-names@https://registry.npmjs.org/possible-typed-array-names/-/possible-typed-array-names-1.1.0.tgz. Extracting by manifest.
3274 silly tarball no local data for damerau-levenshtein@https://registry.npmjs.org/damerau-levenshtein/-/damerau-levenshtein-1.0.8.tgz. Extracting by manifest.
3275 silly tarball no local data for which-typed-array@https://registry.npmjs.org/which-typed-array/-/which-typed-array-1.1.22.tgz. Extracting by manifest.
3276 silly tarball no local data for typed-array-buffer@https://registry.npmjs.org/typed-array-buffer/-/typed-array-buffer-1.0.3.tgz. Extracting by manifest.
3277 silly tarball no local data for typed-array-byte-length@https://registry.npmjs.org/typed-array-byte-length/-/typed-array-byte-length-1.0.3.tgz. Extracting by manifest.
3278 silly tarball no local data for string.prototype.trimstart@https://registry.npmjs.org/string.prototype.trimstart/-/string.prototype.trimstart-1.0.8.tgz. Extracting by manifest.
3279 silly tarball no local data for unbox-primitive@https://registry.npmjs.org/unbox-primitive/-/unbox-primitive-1.1.0.tgz. Extracting by manifest.
3280 silly tarball no local data for typed-array-length@https://registry.npmjs.org/typed-array-length/-/typed-array-length-1.0.8.tgz. Extracting by manifest.
3281 silly tarball no local data for typed-array-byte-offset@https://registry.npmjs.org/typed-array-byte-offset/-/typed-array-byte-offset-1.0.4.tgz. Extracting by manifest.
3282 silly tarball no local data for set-proto@https://registry.npmjs.org/set-proto/-/set-proto-1.0.0.tgz. Extracting by manifest.
3283 silly tarball no local data for string.prototype.trim@https://registry.npmjs.org/string.prototype.trim/-/string.prototype.trim-1.2.11.tgz. Extracting by manifest.
3284 silly tarball no local data for safe-regex-test@https://registry.npmjs.org/safe-regex-test/-/safe-regex-test-1.1.0.tgz. Extracting by manifest.
3285 silly tarball no local data for safe-push-apply@https://registry.npmjs.org/safe-push-apply/-/safe-push-apply-1.0.0.tgz. Extracting by manifest.
3286 silly tarball no local data for regexp.prototype.flags@https://registry.npmjs.org/regexp.prototype.flags/-/regexp.prototype.flags-1.5.4.tgz. Extracting by manifest.
3287 silly tarball no local data for own-keys@https://registry.npmjs.org/own-keys/-/own-keys-1.0.2.tgz. Extracting by manifest.
3288 silly tarball no local data for safe-array-concat@https://registry.npmjs.org/safe-array-concat/-/safe-array-concat-1.1.4.tgz. Extracting by manifest.
3289 silly tarball no local data for object-inspect@https://registry.npmjs.org/object-inspect/-/object-inspect-1.13.4.tgz. Extracting by manifest.
3290 silly tarball no local data for object.assign@https://registry.npmjs.org/object.assign/-/object.assign-4.1.7.tgz. Extracting by manifest.
3291 silly tarball no local data for stop-iteration-iterator@https://registry.npmjs.org/stop-iteration-iterator/-/stop-iteration-iterator-1.1.0.tgz. Extracting by manifest.
3292 silly tarball no local data for is-weakref@https://registry.npmjs.org/is-weakref/-/is-weakref-1.1.1.tgz. Extracting by manifest.
3293 silly tarball no local data for is-shared-array-buffer@https://registry.npmjs.org/is-shared-array-buffer/-/is-shared-array-buffer-1.0.4.tgz. Extracting by manifest.
3294 silly tarball no local data for is-typed-array@https://registry.npmjs.org/is-typed-array/-/is-typed-array-1.1.15.tgz. Extracting by manifest.
3295 silly tarball no local data for is-negative-zero@https://registry.npmjs.org/is-negative-zero/-/is-negative-zero-2.0.3.tgz. Extracting by manifest.
3296 silly tarball no local data for is-regex@https://registry.npmjs.org/is-regex/-/is-regex-1.2.1.tgz. Extracting by manifest.
3297 silly tarball no local data for is-data-view@https://registry.npmjs.org/is-data-view/-/is-data-view-1.0.2.tgz. Extracting by manifest.
3298 silly tarball no local data for is-set@https://registry.npmjs.org/is-set/-/is-set-2.0.3.tgz. Extracting by manifest.
3299 silly tarball no local data for internal-slot@https://registry.npmjs.org/internal-slot/-/internal-slot-1.1.0.tgz. Extracting by manifest.
3300 silly tarball no local data for get-symbol-description@https://registry.npmjs.org/get-symbol-description/-/get-symbol-description-1.1.0.tgz. Extracting by manifest.
3301 silly tarball no local data for globalthis@https://registry.npmjs.org/globalthis/-/globalthis-1.0.4.tgz. Extracting by manifest.
3302 silly tarball no local data for has-proto@https://registry.npmjs.org/has-proto/-/has-proto-1.2.0.tgz. Extracting by manifest.
3303 silly tarball no local data for is-callable@https://registry.npmjs.org/is-callable/-/is-callable-1.2.7.tgz. Extracting by manifest.
3304 silly tarball no local data for has-symbols@https://registry.npmjs.org/has-symbols/-/has-symbols-1.1.0.tgz. Extracting by manifest.
3305 silly tarball no local data for get-proto@https://registry.npmjs.org/get-proto/-/get-proto-1.0.1.tgz. Extracting by manifest.
3306 silly tarball no local data for data-view-byte-offset@https://registry.npmjs.org/data-view-byte-offset/-/data-view-byte-offset-1.0.1.tgz. Extracting by manifest.
3307 silly tarball no local data for data-view-byte-length@https://registry.npmjs.org/data-view-byte-length/-/data-view-byte-length-1.0.2.tgz. Extracting by manifest.
3308 silly tarball no local data for function.prototype.name@https://registry.npmjs.org/function.prototype.name/-/function.prototype.name-1.2.0.tgz. Extracting by manifest.
3309 silly tarball no local data for es-set-tostringtag@https://registry.npmjs.org/es-set-tostringtag/-/es-set-tostringtag-2.1.0.tgz. Extracting by manifest.
3310 silly tarball no local data for es-to-primitive@https://registry.npmjs.org/es-to-primitive/-/es-to-primitive-1.3.4.tgz. Extracting by manifest.
3311 silly tarball no local data for is-array-buffer@https://registry.npmjs.org/is-array-buffer/-/is-array-buffer-3.0.5.tgz. Extracting by manifest.
3312 silly tarball no local data for object-keys@https://registry.npmjs.org/object-keys/-/object-keys-1.1.1.tgz. Extracting by manifest.
3313 silly tarball no local data for data-view-buffer@https://registry.npmjs.org/data-view-buffer/-/data-view-buffer-1.0.2.tgz. Extracting by manifest.
3314 silly tarball no local data for gopd@https://registry.npmjs.org/gopd/-/gopd-1.2.0.tgz. Extracting by manifest.
3315 silly tarball no local data for available-typed-arrays@https://registry.npmjs.org/available-typed-arrays/-/available-typed-arrays-1.0.7.tgz. Extracting by manifest.
3316 silly tarball no local data for arraybuffer.prototype.slice@https://registry.npmjs.org/arraybuffer.prototype.slice/-/arraybuffer.prototype.slice-1.0.4.tgz. Extracting by manifest.
3317 silly tarball no local data for define-data-property@https://registry.npmjs.org/define-data-property/-/define-data-property-1.1.4.tgz. Extracting by manifest.
3318 silly tarball no local data for array-buffer-byte-length@https://registry.npmjs.org/array-buffer-byte-length/-/array-buffer-byte-length-1.0.2.tgz. Extracting by manifest.
3319 silly tarball no local data for es-define-property@https://registry.npmjs.org/es-define-property/-/es-define-property-1.0.1.tgz. Extracting by manifest.
3320 silly tarball no local data for has-property-descriptors@https://registry.npmjs.org/has-property-descriptors/-/has-property-descriptors-1.0.2.tgz. Extracting by manifest.
3321 silly tarball no local data for es-shim-unscopables@https://registry.npmjs.org/es-shim-unscopables/-/es-shim-unscopables-1.1.0.tgz. Extracting by manifest.
3322 silly tarball no local data for call-bind-apply-helpers@https://registry.npmjs.org/call-bind-apply-helpers/-/call-bind-apply-helpers-1.0.2.tgz. Extracting by manifest.
3323 silly tarball no local data for es-errors@https://registry.npmjs.org/es-errors/-/es-errors-1.3.0.tgz. Extracting by manifest.
3324 silly tarball no local data for math-intrinsics@https://registry.npmjs.org/math-intrinsics/-/math-intrinsics-1.1.0.tgz. Extracting by manifest.
3325 silly tarball no local data for set-function-length@https://registry.npmjs.org/set-function-length/-/set-function-length-1.2.2.tgz. Extracting by manifest.
3326 silly tarball no local data for is-string@https://registry.npmjs.org/is-string/-/is-string-1.1.1.tgz. Extracting by manifest.
3327 silly tarball no local data for function-bind@https://registry.npmjs.org/function-bind/-/function-bind-1.1.2.tgz. Extracting by manifest.
3328 silly tarball no local data for get-intrinsic@https://registry.npmjs.org/get-intrinsic/-/get-intrinsic-1.3.0.tgz. Extracting by manifest.
3329 silly tarball no local data for es-abstract@https://registry.npmjs.org/es-abstract/-/es-abstract-1.24.2.tgz. Extracting by manifest.
3330 silly tarball no local data for call-bind@https://registry.npmjs.org/call-bind/-/call-bind-1.0.9.tgz. Extracting by manifest.
3331 silly tarball no local data for tsconfig-paths@https://registry.npmjs.org/tsconfig-paths/-/tsconfig-paths-3.15.0.tgz. Extracting by manifest.
3332 silly tarball no local data for define-properties@https://registry.npmjs.org/define-properties/-/define-properties-1.2.1.tgz. Extracting by manifest.
3333 silly tarball no local data for object.values@https://registry.npmjs.org/object.values/-/object.values-1.2.1.tgz. Extracting by manifest.
3334 silly tarball no local data for call-bound@https://registry.npmjs.org/call-bound/-/call-bound-1.0.4.tgz. Extracting by manifest.
3335 silly tarball no local data for es-object-atoms@https://registry.npmjs.org/es-object-atoms/-/es-object-atoms-1.1.2.tgz. Extracting by manifest.
3336 silly tarball no local data for string.prototype.trimend@https://registry.npmjs.org/string.prototype.trimend/-/string.prototype.trimend-1.0.10.tgz. Extracting by manifest.
3337 silly tarball no local data for object.groupby@https://registry.npmjs.org/object.groupby/-/object.groupby-1.0.3.tgz. Extracting by manifest.
3338 silly tarball no local data for object.fromentries@https://registry.npmjs.org/object.fromentries/-/object.fromentries-2.0.8.tgz. Extracting by manifest.
3339 silly tarball no local data for eslint-module-utils@https://registry.npmjs.org/eslint-module-utils/-/eslint-module-utils-2.14.0.tgz. Extracting by manifest.
3340 silly tarball no local data for array.prototype.flat@https://registry.npmjs.org/array.prototype.flat/-/array.prototype.flat-1.3.3.tgz. Extracting by manifest.
3341 silly tarball no local data for hasown@https://registry.npmjs.org/hasown/-/hasown-2.0.4.tgz. Extracting by manifest.
3342 silly tarball no local data for unrs-resolver@https://registry.npmjs.org/unrs-resolver/-/unrs-resolver-1.12.2.tgz. Extracting by manifest.
3343 silly tarball no local data for @rtsao/scc@https://registry.npmjs.org/@rtsao/scc/-/scc-1.1.0.tgz. Extracting by manifest.
3344 silly tarball no local data for array.prototype.flatmap@https://registry.npmjs.org/array.prototype.flatmap/-/array.prototype.flatmap-1.3.3.tgz. Extracting by manifest.
3345 silly tarball no local data for array-includes@https://registry.npmjs.org/array-includes/-/array-includes-3.1.9.tgz. Extracting by manifest.
3346 silly tarball no local data for tinyglobby@https://registry.npmjs.org/tinyglobby/-/tinyglobby-0.2.17.tgz. Extracting by manifest.
3347 silly tarball no local data for get-tsconfig@https://registry.npmjs.org/get-tsconfig/-/get-tsconfig-4.14.1.tgz. Extracting by manifest.
3348 silly tarball no local data for stable-hash@https://registry.npmjs.org/stable-hash/-/stable-hash-0.0.5.tgz. Extracting by manifest.
3349 silly tarball no local data for is-bun-module@https://registry.npmjs.org/is-bun-module/-/is-bun-module-2.0.0.tgz. Extracting by manifest.
3350 silly tarball no local data for @nolyfill/is-core-module@https://registry.npmjs.org/@nolyfill/is-core-module/-/is-core-module-1.0.39.tgz. Extracting by manifest.
3351 silly tarball no local data for globby@https://registry.npmjs.org/globby/-/globby-11.1.0.tgz. Extracting by manifest.
3352 silly tarball no local data for is-core-module@https://registry.npmjs.org/is-core-module/-/is-core-module-2.16.2.tgz. Extracting by manifest.
3353 silly tarball no local data for ts-api-utils@https://registry.npmjs.org/ts-api-utils/-/ts-api-utils-1.4.3.tgz. Extracting by manifest.
3354 silly tarball no local data for semver@https://registry.npmjs.org/semver/-/semver-7.8.5.tgz. Extracting by manifest.
3355 silly tarball no local data for @typescript-eslint/typescript-estree@https://registry.npmjs.org/@typescript-eslint/typescript-estree/-/typescript-estree-7.2.0.tgz. Extracting by manifest.
3356 silly tarball no local data for @typescript-eslint/visitor-keys@https://registry.npmjs.org/@typescript-eslint/visitor-keys/-/visitor-keys-7.2.0.tgz. Extracting by manifest.
3357 silly tarball no local data for @typescript-eslint/types@https://registry.npmjs.org/@typescript-eslint/types/-/types-7.2.0.tgz. Extracting by manifest.
3358 silly tarball no local data for resolve@https://registry.npmjs.org/resolve/-/resolve-2.0.0-next.7.tgz. Extracting by manifest.
3359 silly tarball no local data for eslint-plugin-react-hooks@https://registry.npmjs.org/eslint-plugin-react-hooks/-/eslint-plugin-react-hooks-5.0.0-canary-7118f5dd7-20230705.tgz. Extracting by manifest.
3360 silly tarball no local data for glob@https://registry.npmjs.org/glob/-/glob-10.3.10.tgz. Extracting by manifest.
3361 silly tarball no local data for eslint-plugin-jsx-a11y@https://registry.npmjs.org/eslint-plugin-jsx-a11y/-/eslint-plugin-jsx-a11y-6.10.2.tgz. Extracting by manifest.
3362 silly tarball no local data for eslint-plugin-import@https://registry.npmjs.org/eslint-plugin-import/-/eslint-plugin-import-2.32.0.tgz. Extracting by manifest.
3363 silly tarball no local data for eslint-plugin-react@https://registry.npmjs.org/eslint-plugin-react/-/eslint-plugin-react-7.37.5.tgz. Extracting by manifest.
3364 silly tarball no local data for @typescript-eslint/scope-manager@https://registry.npmjs.org/@typescript-eslint/scope-manager/-/scope-manager-7.2.0.tgz. Extracting by manifest.
3365 silly tarball no local data for @typescript-eslint/parser@https://registry.npmjs.org/@typescript-eslint/parser/-/parser-7.2.0.tgz. Extracting by manifest.
3366 silly tarball no local data for eslint-import-resolver-node@https://registry.npmjs.org/eslint-import-resolver-node/-/eslint-import-resolver-node-0.3.10.tgz. Extracting by manifest.
3367 silly tarball no local data for @rushstack/eslint-patch@https://registry.npmjs.org/@rushstack/eslint-patch/-/eslint-patch-1.16.1.tgz. Extracting by manifest.
3368 silly tarball no local data for ms@https://registry.npmjs.org/ms/-/ms-2.1.3.tgz. Extracting by manifest.
3369 silly tarball no local data for array.prototype.findlastindex@https://registry.npmjs.org/array.prototype.findlastindex/-/array.prototype.findlastindex-1.2.6.tgz. Extracting by manifest.
3370 silly tarball no local data for @next/eslint-plugin-next@https://registry.npmjs.org/@next/eslint-plugin-next/-/eslint-plugin-next-14.2.5.tgz. Extracting by manifest.
3371 silly tarball no local data for color-name@https://registry.npmjs.org/color-name/-/color-name-1.1.4.tgz. Extracting by manifest.
3372 silly tarball no local data for ansi-styles@https://registry.npmjs.org/ansi-styles/-/ansi-styles-4.3.0.tgz. Extracting by manifest.
3373 silly tarball no local data for eslint-import-resolver-typescript@https://registry.npmjs.org/eslint-import-resolver-typescript/-/eslint-import-resolver-typescript-3.10.1.tgz. Extracting by manifest.
3374 silly tarball no local data for color-convert@https://registry.npmjs.org/color-convert/-/color-convert-2.0.1.tgz. Extracting by manifest.
3375 silly tarball no local data for supports-color@https://registry.npmjs.org/supports-color/-/supports-color-7.2.0.tgz. Extracting by manifest.
3376 silly tarball no local data for uri-js@https://registry.npmjs.org/uri-js/-/uri-js-4.4.1.tgz. Extracting by manifest.
3377 silly tarball no local data for fast-json-stable-stringify@https://registry.npmjs.org/fast-json-stable-stringify/-/fast-json-stable-stringify-2.1.0.tgz. Extracting by manifest.
3378 silly tarball no local data for @nodelib/fs.stat@https://registry.npmjs.org/@nodelib/fs.stat/-/fs.stat-2.0.5.tgz. Extracting by manifest.
3379 silly tarball no local data for fastq@https://registry.npmjs.org/fastq/-/fastq-1.20.1.tgz. Extracting by manifest.
3380 silly tarball no local data for import-fresh@https://registry.npmjs.org/import-fresh/-/import-fresh-3.3.1.tgz. Extracting by manifest.
3381 silly tarball no local data for run-parallel@https://registry.npmjs.org/run-parallel/-/run-parallel-1.2.0.tgz. Extracting by manifest.
3382 silly tarball no local data for json-schema-traverse@https://registry.npmjs.org/json-schema-traverse/-/json-schema-traverse-0.4.1.tgz. Extracting by manifest.
3383 silly tarball no local data for strip-json-comments@https://registry.npmjs.org/strip-json-comments/-/strip-json-comments-3.1.1.tgz. Extracting by manifest.
3384 silly tarball no local data for text-table@https://registry.npmjs.org/text-table/-/text-table-0.2.0.tgz. Extracting by manifest.
3385 silly tarball no local data for strip-ansi@https://registry.npmjs.org/strip-ansi/-/strip-ansi-6.0.1.tgz. Extracting by manifest.
3386 silly tarball no local data for optionator@https://registry.npmjs.org/optionator/-/optionator-0.9.4.tgz. Extracting by manifest.
3387 silly tarball no local data for @humanwhocodes/object-schema@https://registry.npmjs.org/@humanwhocodes/object-schema/-/object-schema-2.0.3.tgz. Extracting by manifest.
3388 silly tarball no local data for lodash.merge@https://registry.npmjs.org/lodash.merge/-/lodash.merge-4.6.2.tgz. Extracting by manifest.
3389 silly tarball no local data for natural-compare@https://registry.npmjs.org/natural-compare/-/natural-compare-1.4.0.tgz. Extracting by manifest.
3390 silly tarball no local data for levn@https://registry.npmjs.org/levn/-/levn-0.4.1.tgz. Extracting by manifest.
3391 silly tarball no local data for minimatch@https://registry.npmjs.org/minimatch/-/minimatch-3.1.5.tgz. Extracting by manifest.
3392 silly tarball no local data for json-stable-stringify-without-jsonify@https://registry.npmjs.org/json-stable-stringify-without-jsonify/-/json-stable-stringify-without-jsonify-1.0.1.tgz. Extracting by manifest.
3393 silly tarball no local data for js-yaml@https://registry.npmjs.org/js-yaml/-/js-yaml-4.3.1.tgz. Extracting by manifest.
3394 silly tarball no local data for @nodelib/fs.scandir@https://registry.npmjs.org/@nodelib/fs.scandir/-/fs.scandir-2.1.5.tgz. Extracting by manifest.
3395 silly tarball no local data for ignore@https://registry.npmjs.org/ignore/-/ignore-5.3.2.tgz. Extracting by manifest.
3396 silly tarball no local data for is-glob@https://registry.npmjs.org/is-glob/-/is-glob-4.0.3.tgz. Extracting by manifest.
3397 silly tarball no local data for graphemer@https://registry.npmjs.org/graphemer/-/graphemer-1.4.0.tgz. Extracting by manifest.
3398 silly tarball no local data for is-path-inside@https://registry.npmjs.org/is-path-inside/-/is-path-inside-3.0.3.tgz. Extracting by manifest.
3399 silly tarball no local data for glob-parent@https://registry.npmjs.org/glob-parent/-/glob-parent-6.0.2.tgz. Extracting by manifest.
3400 silly tarball no local data for imurmurhash@https://registry.npmjs.org/imurmurhash/-/imurmurhash-0.1.4.tgz. Extracting by manifest.
3401 silly tarball no local data for find-up@https://registry.npmjs.org/find-up/-/find-up-5.0.0.tgz. Extracting by manifest.
3402 silly tarball no local data for file-entry-cache@https://registry.npmjs.org/file-entry-cache/-/file-entry-cache-6.0.1.tgz. Extracting by manifest.
3403 silly tarball no local data for esutils@https://registry.npmjs.org/esutils/-/esutils-2.0.3.tgz. Extracting by manifest.
3404 silly tarball no local data for globals@https://registry.npmjs.org/globals/-/globals-13.24.0.tgz. Extracting by manifest.
3405 silly tarball no local data for eslint-scope@https://registry.npmjs.org/eslint-scope/-/eslint-scope-7.2.2.tgz. Extracting by manifest.
3406 silly tarball no local data for eslint-visitor-keys@https://registry.npmjs.org/eslint-visitor-keys/-/eslint-visitor-keys-3.4.3.tgz. Extracting by manifest.
3407 silly tarball no local data for fast-deep-equal@https://registry.npmjs.org/fast-deep-equal/-/fast-deep-equal-3.1.3.tgz. Extracting by manifest.
3408 silly tarball no local data for espree@https://registry.npmjs.org/espree/-/espree-9.6.1.tgz. Extracting by manifest.
3409 silly tarball no local data for esquery@https://registry.npmjs.org/esquery/-/esquery-1.7.0.tgz. Extracting by manifest.
3410 silly tarball no local data for doctrine@https://registry.npmjs.org/doctrine/-/doctrine-3.0.0.tgz. Extracting by manifest.
3411 silly tarball no local data for ajv@https://registry.npmjs.org/ajv/-/ajv-6.15.0.tgz. Extracting by manifest.
3412 silly tarball no local data for debug@https://registry.npmjs.org/debug/-/debug-4.4.3.tgz. Extracting by manifest.
3413 silly tarball no local data for @nodelib/fs.walk@https://registry.npmjs.org/@nodelib/fs.walk/-/fs.walk-1.2.8.tgz. Extracting by manifest.
3414 silly tarball no local data for @humanwhocodes/module-importer@https://registry.npmjs.org/@humanwhocodes/module-importer/-/module-importer-1.0.1.tgz. Extracting by manifest.
3415 silly tarball no local data for @ungap/structured-clone@https://registry.npmjs.org/@ungap/structured-clone/-/structured-clone-1.3.3.tgz. Extracting by manifest.
3416 silly tarball no local data for chalk@https://registry.npmjs.org/chalk/-/chalk-4.1.2.tgz. Extracting by manifest.
3417 silly tarball no local data for @eslint/eslintrc@https://registry.npmjs.org/@eslint/eslintrc/-/eslintrc-2.1.4.tgz. Extracting by manifest.
3418 silly tarball no local data for @eslint-community/regexpp@https://registry.npmjs.org/@eslint-community/regexpp/-/regexpp-4.12.2.tgz. Extracting by manifest.
3419 silly tarball no local data for @eslint/js@https://registry.npmjs.org/@eslint/js/-/js-8.57.0.tgz. Extracting by manifest.
3420 silly tarball no local data for @humanwhocodes/config-array@https://registry.npmjs.org/@humanwhocodes/config-array/-/config-array-0.11.14.tgz. Extracting by manifest.
3421 silly tarball no local data for escape-string-regexp@https://registry.npmjs.org/escape-string-regexp/-/escape-string-regexp-4.0.0.tgz. Extracting by manifest.
3422 silly tarball no local data for shebang-command@https://registry.npmjs.org/shebang-command/-/shebang-command-2.0.0.tgz. Extracting by manifest.
3423 silly tarball no local data for path-key@https://registry.npmjs.org/path-key/-/path-key-3.1.1.tgz. Extracting by manifest.
3424 silly tarball no local data for @eslint-community/eslint-utils@https://registry.npmjs.org/@eslint-community/eslint-utils/-/eslint-utils-4.10.1.tgz. Extracting by manifest.
3425 silly tarball no local data for webgl-constants@https://registry.npmjs.org/webgl-constants/-/webgl-constants-1.1.1.tgz. Extracting by manifest.
3426 silly tarball no local data for node-releases@https://registry.npmjs.org/node-releases/-/node-releases-2.0.53.tgz. Extracting by manifest.
3427 silly tarball no local data for ieee754@https://registry.npmjs.org/ieee754/-/ieee754-1.2.1.tgz. Extracting by manifest.
3428 silly tarball no local data for cross-spawn@https://registry.npmjs.org/cross-spawn/-/cross-spawn-7.0.6.tgz. Extracting by manifest.
3429 silly tarball no local data for postcss-value-parser@https://registry.npmjs.org/postcss-value-parser/-/postcss-value-parser-4.2.0.tgz. Extracting by manifest.
3430 silly tarball no local data for update-browserslist-db@https://registry.npmjs.org/update-browserslist-db/-/update-browserslist-db-1.3.1.tgz. Extracting by manifest.
3431 silly tarball no local data for caniuse-lite@https://registry.npmjs.org/caniuse-lite/-/caniuse-lite-1.0.30001809.tgz. Extracting by manifest.
3432 silly tarball no local data for fraction.js@https://registry.npmjs.org/fraction.js/-/fraction.js-5.3.4.tgz. Extracting by manifest.
3433 silly tarball no local data for electron-to-chromium@https://registry.npmjs.org/electron-to-chromium/-/electron-to-chromium-1.5.405.tgz. Extracting by manifest.
3434 silly tarball no local data for @use-gesture/core@https://registry.npmjs.org/@use-gesture/core/-/core-10.3.1.tgz. Extracting by manifest.
3435 silly tarball no local data for picocolors@https://registry.npmjs.org/picocolors/-/picocolors-1.1.1.tgz. Extracting by manifest.
3436 silly tarball no local data for baseline-browser-mapping@https://registry.npmjs.org/baseline-browser-mapping/-/baseline-browser-mapping-2.11.13.tgz. Extracting by manifest.
3437 silly tarball no local data for scheduler@https://registry.npmjs.org/scheduler/-/scheduler-0.21.0.tgz. Extracting by manifest.
3438 silly tarball no local data for @types/react@https://registry.npmjs.org/@types/react/-/react-19.2.18.tgz. Extracting by manifest.
3439 silly tarball no local data for react-reconciler@https://registry.npmjs.org/react-reconciler/-/react-reconciler-0.27.0.tgz. Extracting by manifest.
3440 silly tarball no local data for csstype@https://registry.npmjs.org/csstype/-/csstype-3.2.3.tgz. Extracting by manifest.
3441 silly tarball no local data for which@https://registry.npmjs.org/which/-/which-2.0.2.tgz. Extracting by manifest.
3442 silly tarball no local data for its-fine@https://registry.npmjs.org/its-fine/-/its-fine-1.2.5.tgz. Extracting by manifest.
3443 silly tarball no local data for react-use-measure@https://registry.npmjs.org/react-use-measure/-/react-use-measure-2.1.7.tgz. Extracting by manifest.
3444 silly tarball no local data for buffer@https://registry.npmjs.org/buffer/-/buffer-6.0.3.tgz. Extracting by manifest.
3445 silly tarball no local data for base64-js@https://registry.npmjs.org/base64-js/-/base64-js-1.5.1.tgz. Extracting by manifest.
3446 silly tarball no local data for @react-spring/rafz@https://registry.npmjs.org/@react-spring/rafz/-/rafz-9.7.5.tgz. Extracting by manifest.
3447 silly tarball no local data for @types/webxr@https://registry.npmjs.org/@types/webxr/-/webxr-0.5.24.tgz. Extracting by manifest.
3448 silly tarball no local data for @react-spring/shared@https://registry.npmjs.org/@react-spring/shared/-/shared-9.7.5.tgz. Extracting by manifest.
3449 silly tarball no local data for @types/react-reconciler@https://registry.npmjs.org/@types/react-reconciler/-/react-reconciler-0.26.7.tgz. Extracting by manifest.
3450 silly tarball no local data for @react-spring/core@https://registry.npmjs.org/@react-spring/core/-/core-9.7.5.tgz. Extracting by manifest.
3451 silly tarball no local data for @react-spring/animated@https://registry.npmjs.org/@react-spring/animated/-/animated-9.7.5.tgz. Extracting by manifest.
3452 silly tarball no local data for utility-types@https://registry.npmjs.org/utility-types/-/utility-types-3.11.0.tgz. Extracting by manifest.
3453 silly tarball no local data for tunnel-rat@https://registry.npmjs.org/tunnel-rat/-/tunnel-rat-0.1.2.tgz. Extracting by manifest.
3454 silly tarball no local data for @react-spring/types@https://registry.npmjs.org/@react-spring/types/-/types-9.7.5.tgz. Extracting by manifest.
3455 silly tarball no local data for zustand@https://registry.npmjs.org/zustand/-/zustand-5.0.14.tgz. Extracting by manifest.
3456 silly tarball no local data for three-stdlib@https://registry.npmjs.org/three-stdlib/-/three-stdlib-2.36.1.tgz. Extracting by manifest.
3457 silly tarball no local data for stats.js@https://registry.npmjs.org/stats.js/-/stats.js-0.17.0.tgz. Extracting by manifest.
3458 silly tarball no local data for promise-worker-transferable@https://registry.npmjs.org/promise-worker-transferable/-/promise-worker-transferable-1.0.4.tgz. Extracting by manifest.
3459 silly tarball no local data for suspend-react@https://registry.npmjs.org/suspend-react/-/suspend-react-0.1.3.tgz. Extracting by manifest.
3460 silly tarball no local data for troika-three-text@https://registry.npmjs.org/troika-three-text/-/troika-three-text-0.52.5.tgz. Extracting by manifest.
3461 silly tarball no local data for react-composer@https://registry.npmjs.org/react-composer/-/react-composer-5.0.3.tgz. Extracting by manifest.
3462 silly tarball no local data for stats-gl@https://registry.npmjs.org/stats-gl/-/stats-gl-2.4.2.tgz. Extracting by manifest.
3463 silly tarball no local data for maath@https://registry.npmjs.org/maath/-/maath-0.10.8.tgz. Extracting by manifest.
3464 silly tarball no local data for detect-gpu@https://registry.npmjs.org/detect-gpu/-/detect-gpu-5.0.70.tgz. Extracting by manifest.
3465 silly tarball no local data for three-mesh-bvh@https://registry.npmjs.org/three-mesh-bvh/-/three-mesh-bvh-0.7.8.tgz. Extracting by manifest.
3466 silly tarball no local data for meshline@https://registry.npmjs.org/meshline/-/meshline-3.3.1.tgz. Extracting by manifest.
3467 silly tarball no local data for cross-env@https://registry.npmjs.org/cross-env/-/cross-env-7.0.3.tgz. Extracting by manifest.
3468 silly tarball no local data for camera-controls@https://registry.npmjs.org/camera-controls/-/camera-controls-2.10.1.tgz. Extracting by manifest.
3469 silly tarball no local data for glsl-noise@https://registry.npmjs.org/glsl-noise/-/glsl-noise-0.0.0.tgz. Extracting by manifest.
3470 silly tarball no local data for @react-spring/three@https://registry.npmjs.org/@react-spring/three/-/three-9.7.5.tgz. Extracting by manifest.
3471 silly tarball no local data for @use-gesture/react@https://registry.npmjs.org/@use-gesture/react/-/react-10.3.1.tgz. Extracting by manifest.
3472 silly tarball no local data for hls.js@https://registry.npmjs.org/hls.js/-/hls.js-1.6.18.tgz. Extracting by manifest.
3473 silly tarball no local data for @monogrid/gainmap-js@https://registry.npmjs.org/@monogrid/gainmap-js/-/gainmap-js-3.4.0.tgz. Extracting by manifest.
3474 silly tarball no local data for three@https://registry.npmjs.org/three/-/three-0.163.0.tgz. Extracting by manifest.
3475 silly tarball no local data for @mediapipe/tasks-vision@https://registry.npmjs.org/@mediapipe/tasks-vision/-/tasks-vision-0.10.17.tgz. Extracting by manifest.
3476 silly tarball no local data for react@https://registry.npmjs.org/react/-/react-18.3.1.tgz. Extracting by manifest.
3477 silly tarball no local data for browserslist@https://registry.npmjs.org/browserslist/-/browserslist-4.28.8.tgz. Extracting by manifest.
3478 silly tarball no local data for @babel/runtime@https://registry.npmjs.org/@babel/runtime/-/runtime-7.29.7.tgz. Extracting by manifest.
3479 silly tarball no local data for tailwindcss@https://registry.npmjs.org/tailwindcss/-/tailwindcss-3.4.19.tgz. Extracting by manifest.
3480 silly tarball no local data for react-dom@https://registry.npmjs.org/react-dom/-/react-dom-18.3.1.tgz. Extracting by manifest.
3481 silly tarball no local data for gsap@https://registry.npmjs.org/gsap/-/gsap-3.15.0.tgz. Extracting by manifest.
3482 silly tarball no local data for next@https://registry.npmjs.org/next/-/next-14.2.5.tgz. Extracting by manifest.
3483 silly tarball no local data for postcss@https://registry.npmjs.org/postcss/-/postcss-8.5.26.tgz. Extracting by manifest.
3484 silly tarball no local data for eslint@https://registry.npmjs.org/eslint/-/eslint-8.57.0.tgz. Extracting by manifest.
3485 silly tarball no local data for eslint-config-next@https://registry.npmjs.org/eslint-config-next/-/eslint-config-next-14.2.5.tgz. Extracting by manifest.
3486 silly tarball no local data for autoprefixer@https://registry.npmjs.org/autoprefixer/-/autoprefixer-10.5.4.tgz. Extracting by manifest.
3487 silly tarball no local data for @react-three/drei@https://registry.npmjs.org/@react-three/drei/-/drei-9.122.0.tgz. Extracting by manifest.
3488 silly tarball no local data for resolve@https://registry.npmjs.org/resolve/-/resolve-1.22.12.tgz. Extracting by manifest.
3489 silly tarball no local data for @react-three/fiber@https://registry.npmjs.org/@react-three/fiber/-/fiber-8.18.0.tgz. Extracting by manifest.
3490 silly tarball no local data for glob-parent@https://registry.npmjs.org/glob-parent/-/glob-parent-5.1.2.tgz. Extracting by manifest.
3491 silly tarball no local data for lucide-react@https://registry.npmjs.org/lucide-react/-/lucide-react-0.484.0.tgz. Extracting by manifest.
3492 silly tarball no local data for emoji-regex@https://registry.npmjs.org/emoji-regex/-/emoji-regex-8.0.0.tgz. Extracting by manifest.
3493 silly tarball no local data for string-width@https://registry.npmjs.org/string-width/-/string-width-4.2.3.tgz. Extracting by manifest.
3494 silly tarball no local data for semver@https://registry.npmjs.org/semver/-/semver-6.3.1.tgz. Extracting by manifest.
3495 silly tarball no local data for strip-ansi@https://registry.npmjs.org/strip-ansi/-/strip-ansi-7.2.0.tgz. Extracting by manifest.
3496 silly tarball no local data for emoji-regex@https://registry.npmjs.org/emoji-regex/-/emoji-regex-8.0.0.tgz. Extracting by manifest.
3497 silly tarball no local data for ansi-styles@https://registry.npmjs.org/ansi-styles/-/ansi-styles-6.2.3.tgz. Extracting by manifest.
3498 silly tarball no local data for ansi-regex@https://registry.npmjs.org/ansi-regex/-/ansi-regex-6.2.2.tgz. Extracting by manifest.
3499 silly tarball no local data for ansi-regex@https://registry.npmjs.org/ansi-regex/-/ansi-regex-6.2.2.tgz. Extracting by manifest.
3500 silly tarball no local data for strip-ansi@https://registry.npmjs.org/strip-ansi/-/strip-ansi-7.2.0.tgz. Extracting by manifest.
3501 silly tarball no local data for strip-ansi@https://registry.npmjs.org/strip-ansi/-/strip-ansi-7.2.0.tgz. Extracting by manifest.
3502 silly tarball no local data for glob-parent@https://registry.npmjs.org/glob-parent/-/glob-parent-5.1.2.tgz. Extracting by manifest.
3503 silly tarball no local data for picomatch@https://registry.npmjs.org/picomatch/-/picomatch-4.0.5.tgz. Extracting by manifest.
3504 silly tarball no local data for glob@https://registry.npmjs.org/glob/-/glob-7.2.3.tgz. Extracting by manifest.
3505 silly tarball no local data for debug@https://registry.npmjs.org/debug/-/debug-3.2.7.tgz. Extracting by manifest.
3506 silly tarball no local data for brace-expansion@https://registry.npmjs.org/brace-expansion/-/brace-expansion-2.1.4.tgz. Extracting by manifest.
3507 silly tarball no local data for minimatch@https://registry.npmjs.org/minimatch/-/minimatch-9.0.3.tgz. Extracting by manifest.
3508 silly tarball no local data for semver@https://registry.npmjs.org/semver/-/semver-6.3.1.tgz. Extracting by manifest.
3509 silly tarball no local data for doctrine@https://registry.npmjs.org/doctrine/-/doctrine-2.1.0.tgz. Extracting by manifest.
3510 silly tarball no local data for semver@https://registry.npmjs.org/semver/-/semver-6.3.1.tgz. Extracting by manifest.
3511 silly tarball no local data for ansi-regex@https://registry.npmjs.org/ansi-regex/-/ansi-regex-6.2.2.tgz. Extracting by manifest.
3512 silly tarball no local data for debug@https://registry.npmjs.org/debug/-/debug-3.2.7.tgz. Extracting by manifest.
3513 silly tarball no local data for minimatch@https://registry.npmjs.org/minimatch/-/minimatch-9.0.9.tgz. Extracting by manifest.
3514 silly tarball no local data for fflate@https://registry.npmjs.org/fflate/-/fflate-0.6.11.tgz. Extracting by manifest.
3515 silly tarball no local data for doctrine@https://registry.npmjs.org/doctrine/-/doctrine-2.1.0.tgz. Extracting by manifest.
3516 silly tarball no local data for debug@https://registry.npmjs.org/debug/-/debug-3.2.7.tgz. Extracting by manifest.
3517 silly tarball no local data for resolve@https://registry.npmjs.org/resolve/-/resolve-1.22.12.tgz. Extracting by manifest.
3518 silly tarball no local data for scheduler@https://registry.npmjs.org/scheduler/-/scheduler-0.23.2.tgz. Extracting by manifest.
3519 silly tarball no local data for zustand@https://registry.npmjs.org/zustand/-/zustand-4.5.7.tgz. Extracting by manifest.
3520 silly tarball no local data for brace-expansion@https://registry.npmjs.org/brace-expansion/-/brace-expansion-2.1.4.tgz. Extracting by manifest.
3521 silly tarball no local data for postcss@https://registry.npmjs.org/postcss/-/postcss-8.4.31.tgz. Extracting by manifest.
3522 silly tarball no local data for zustand@https://registry.npmjs.org/zustand/-/zustand-3.7.2.tgz. Extracting by manifest.
3523 silly tarball no local data for @types/react-reconciler@https://registry.npmjs.org/@types/react-reconciler/-/react-reconciler-0.28.9.tgz. Extracting by manifest.
3524 silly tarball no local data for three@https://registry.npmjs.org/three/-/three-0.170.0.tgz. Extracting by manifest.
3525 http fetch GET 200 https://registry.npmjs.org/wrappy/-/wrappy-1.0.2.tgz 158ms (cache miss)
3526 http fetch GET 200 https://registry.npmjs.org/inherits/-/inherits-2.0.4.tgz 158ms (cache miss)
3527 http fetch GET 200 https://registry.npmjs.org/is-weakset/-/is-weakset-2.0.4.tgz 157ms (cache miss)
3528 http fetch GET 200 https://registry.npmjs.org/once/-/once-1.4.0.tgz 159ms (cache miss)
3529 http fetch GET 200 https://registry.npmjs.org/path-is-absolute/-/path-is-absolute-1.0.1.tgz 159ms (cache miss)
3530 http fetch GET 200 https://registry.npmjs.org/use-sync-external-store/-/use-sync-external-store-1.6.0.tgz 159ms (cache miss)
3531 http fetch GET 200 https://registry.npmjs.org/escalade/-/escalade-3.2.0.tgz 199ms (cache miss)
3532 http fetch GET 200 https://registry.npmjs.org/is-number-object/-/is-number-object-1.1.1.tgz 200ms (cache miss)
3533 http fetch GET 200 https://registry.npmjs.org/is-boolean-object/-/is-boolean-object-1.2.2.tgz 200ms (cache miss)
3534 http fetch GET 200 https://registry.npmjs.org/is-bigint/-/is-bigint-1.1.0.tgz 205ms (cache miss)
3535 http fetch GET 200 https://registry.npmjs.org/is-async-function/-/is-async-function-2.1.1.tgz 210ms (cache miss)
3536 http fetch GET 200 https://registry.npmjs.org/is-finalizationregistry/-/is-finalizationregistry-1.1.1.tgz 211ms (cache miss)
3537 http fetch POST 200 https://registry.npmjs.org/-/npm/v1/security/advisories/bulk 320ms
3538 silly audit report {
3538 silly audit report   next: [
3538 silly audit report     {
3538 silly audit report       id: 1099638,
3538 silly audit report       url: 'https://github.com/advisories/GHSA-gp8f-8m3g-qvj9',
3538 silly audit report       title: 'Next.js Cache Poisoning',
3538 silly audit report       severity: 'high',
3538 silly audit report       vulnerable_versions: '>=14.0.0 <14.2.10',
3538 silly audit report       cwe: [Array],
3538 silly audit report       cvss: [Object]
3538 silly audit report     },
3538 silly audit report     {
3538 silly audit report       id: 1100421,
3538 silly audit report       url: 'https://github.com/advisories/GHSA-g77x-44xx-532m',
3538 silly audit report       title: 'Denial of Service condition in Next.js image optimization',
3538 silly audit report       severity: 'moderate',
3538 silly audit report       vulnerable_versions: '>=10.0.0 <14.2.7',
3538 silly audit report       cwe: [Array],
3538 silly audit report       cvss: [Object]
3538 silly audit report     },
3538 silly audit report     {
3538 silly audit report       id: 1117931,
3538 silly audit report       url: 'https://github.com/advisories/GHSA-8h8q-6873-q5fj',
3538 silly audit report       title: 'Next.js Vulnerable to Denial of Service with Server Components',
3538 silly audit report       severity: 'high',
3538 silly audit report       vulnerable_versions: '>=13.0.0 <15.5.16',
3538 silly audit report       cwe: [Array],
3538 silly audit report       cvss: [Object]
3538 silly audit report     },
3538 silly audit report     {
3538 silly audit report       id: 1101438,
3538 silly audit report       url: 'https://github.com/advisories/GHSA-7m27-7ghc-44w9',
3538 silly audit report       title: 'Next.js Allows a Denial of Service (DoS) with Server Actions',
3538 silly audit report       severity: 'moderate',
3538 silly audit report       vulnerable_versions: '>=14.0.0 <14.2.21',
3538 silly audit report       cwe: [Array],
3538 silly audit report       cvss: [Object]
3538 silly audit report     },
3538 silly audit report     {
3538 silly audit report       id: 1105461,
3538 silly audit report       url: 'https://github.com/advisories/GHSA-3h52-269p-cp9r',
3538 silly audit report       title: 'Information exposure in Next.js dev server due to lack of origin verification',
3538 silly audit report       severity: 'low',
3538 silly audit report       vulnerable_versions: '>=13.0 <14.2.30',
3538 silly audit report       cwe: [Array],
3538 silly audit report       cvss: [Object]
3538 silly audit report     },
3538 silly audit report     {
3538 silly audit report       id: 1111391,
3538 silly audit report       url: 'https://github.com/advisories/GHSA-mwv6-3258-q52c',
3538 silly audit report       title: 'Next Vulnerable to Denial of Service with Server Components',
3538 silly audit report       severity: 'high',
3538 silly audit report       vulnerable_versions: '>=13.3.0 <14.2.34',
3538 silly audit report       cwe: [Array],
3538 silly audit report       cvss: [Object]
3538 silly audit report     },
3538 silly audit report     {
3538 silly audit report       id: 1107226,
3538 silly audit report       url: 'https://github.com/advisories/GHSA-g5qg-72qw-gw5v',
3538 silly audit report       title: 'Next.js Affected by Cache Key Confusion for Image Optimization API Routes',
3538 silly audit report       severity: 'moderate',
3538 silly audit report       vulnerable_versions: '>=0.9.9 <14.2.31',
3538 silly audit report       cwe: [Array],
3538 silly audit report       cvss: [Object]
3538 silly audit report     },
3538 silly audit report     {
3538 silly audit report       id: 1107420,
3538 silly audit report       url: 'https://github.com/advisories/GHSA-7gfc-8cq8-jh5f',
3538 silly audit report       title: 'Next.js authorization bypass vulnerability',
3538 silly audit report       severity: 'high',
3538 silly audit report       vulnerable_versions: '>=9.5.5 <14.2.15',
3538 silly audit report       cwe: [Array],
3538 silly audit report       cvss: [Object]
3538 silly audit report     },
3538 silly audit report     {
3538 silly audit report       id: 1107512,
3538 silly audit report       url: 'https://github.com/advisories/GHSA-4342-x723-ch2f',
3538 silly audit report       title: 'Next.js Improper Middleware Redirect Handling Leads to SSRF',
3538 silly audit report       severity: 'moderate',
3538 silly audit report       vulnerable_versions: '>=0.9.9 <14.2.32',
3538 silly audit report       cwe: [Array],
3538 silly audit report       cvss: [Object]
3538 silly audit report     },
3538 silly audit report     {
3538 silly audit report       id: 1107513,
3538 silly audit report       url: 'https://github.com/advisories/GHSA-xv57-4mr9-wg8v',
3538 silly audit report       title: 'Next.js Content Injection Vulnerability for Image Optimization',
3538 silly audit report       severity: 'moderate',
3538 silly audit report       vulnerable_versions: '>=0.9.9 <14.2.31',
3538 silly audit report       cwe: [Array],
3538 silly audit report       cvss: [Object]
3538 silly audit report     },
3538 silly audit report     {
3538 silly audit report       id: 1112182,
3538 silly audit report       url: 'https://github.com/advisories/GHSA-5j59-xgg2-r9c4',
3538 silly audit report       title: 'Next has a Denial of Service with Server Components - Incomplete Fix Follow-Up',
3538 silly audit report       severity: 'high',
3538 silly audit report       vulnerable_versions: '>=13.3.1-canary.0 <14.2.35',
3538 silly audit report       cwe: [Array],
3538 silly audit report       cvss: [Object]
3538 silly audit report     },
3538 silly audit report     {
3538 silly audit report       id: 1108291,
3538 silly audit report       url: 'https://github.com/advisories/GHSA-qpjv-v59x-3qc4',
3538 silly audit report       title: 'Next.js Race Condition to Cache Poisoning',
3538 silly audit report       severity: 'low',
3538 silly audit report       vulnerable_versions: '>=0.9.9 <14.2.24',
3538 silly audit report       cwe: [Array],
3538 silly audit report       cvss: [Object]
3538 silly audit report     },
3538 silly audit report     {
3538 silly audit report       id: 1118942,
3538 silly audit report       url: 'https://github.com/advisories/GHSA-3g8h-86w9-wvmq',
3538 silly audit report       title: "Next.js's Middleware / Proxy redirects can be cache-poisoned",
3538 silly audit report       severity: 'low',
3538 silly audit report       vulnerable_versions: '>=12.2.0 <15.5.16',
3538 silly audit report       cwe: [Array],
3538 silly audit report       cvss: [Object]
3538 silly audit report     },
3538 silly audit report     {
3538 silly audit report       id: 1118944,
3538 silly audit report       url: 'https://github.com/advisories/GHSA-ffhc-5mcf-pf4q',
3538 silly audit report       title: 'Next.js vulnerable to cross-site scripting in App Router applications using CSP nonces',
3538 silly audit report       severity: 'moderate',
3538 silly audit report       vulnerable_versions: '>=13.4.0 <15.5.16',
3538 silly audit report       cwe: [Array],
3538 silly audit report       cvss: [Object]
3538 silly audit report     },
3538 silly audit report     {
3538 silly audit report       id: 1118946,
3538 silly audit report       url: 'https://github.com/advisories/GHSA-vfv6-92ff-j949',
3538 silly audit report       title: 'Next.js vulnerable to cache poisoning via collisions in React Server Component cache-busting',
3538 silly audit report       severity: 'low',
3538 silly audit report       vulnerable_versions: '>=13.4.6 <15.5.16',
3538 silly audit report       cwe: [Array],
3538 silly audit report       cvss: [Object]
3538 silly audit report     },
3538 silly audit report     {
3538 silly audit report       id: 1118948,
3538 silly audit report       url: 'https://github.com/advisories/GHSA-gx5p-jg67-6x7h',
3538 silly audit report       title: 'Next.js has cross-site scripting in beforeInteractive scripts with untrusted input',
3538 silly audit report       severity: 'moderate',
3538 silly audit report       vulnerable_versions: '>=13.0.0 <15.5.16',
3538 silly audit report       cwe: [Array],
3538 silly audit report       cvss: [Object]
3538 silly audit report     },
3538 silly audit report     {
3538 silly audit report       id: 1118952,
3538 silly audit report       url: 'https://github.com/advisories/GHSA-h64f-5h5j-jqjh',
3538 silly audit report       title: 'Next.js has a Denial of Service in the Image Optimization API',
3538 silly audit report       severity: 'moderate',
3538 silly audit report       vulnerable_versions: '>=10.0.0 <15.5.16',
3538 silly audit report       cwe: [Array],
3538 silly audit report       cvss: [Object]
3538 silly audit report     },
3538 silly audit report     {
3538 silly audit report       id: 1118954,
3538 silly audit report       url: 'https://github.com/advisories/GHSA-c4j6-fc7j-m34r',
3538 silly audit report       title: 'Next.js vulnerable to server-side request forgery in applications using WebSocket upgrades',
3538 silly audit report       severity: 'high',
3538 silly audit report       vulnerable_versions: '>=13.4.13 <15.5.16',
3538 silly audit report       cwe: [Array],
3538 silly audit report       cvss: [Object]
3538 silly audit report     },
3538 silly audit report     {
3538 silly audit report       id: 1118958,
3538 silly audit report       url: 'https://github.com/advisories/GHSA-wfc6-r584-vfw7',
3538 silly audit report       title: 'Next.js vulnerable to cache poisoning in React Server Component responses',
3538 silly audit report       severity: 'moderate',
3538 silly audit report       vulnerable_versions: '>=14.2.0 <15.5.16',
3538 silly audit report       cwe: [Array],
3538 silly audit report       cvss: [Object]
3538 silly audit report     },
3538 silly audit report     {
3538 silly audit report       id: 1118962,
3538 silly audit report       url: 'https://github.com/advisories/GHSA-36qx-fr4f-26g5',
3538 silly audit report       title: 'Next.js has a Middleware / Proxy bypass in Pages Router applications using i18n',
3538 silly audit report       severity: 'high',
3538 silly audit report       vulnerable_versions: '>=12.2.0 <15.5.16',
3538 silly audit report       cwe: [Array],
3538 silly audit report       cvss: [Object]
3538 silly audit report     },
3538 silly audit report     {
3538 silly audit report       id: 1112593,
3538 silly audit report       url: 'https://github.com/advisories/GHSA-9g9p-9gw9-jx7f',
3538 silly audit report       title: 'Next.js self-hosted applications vulnerable to DoS via Image Optimizer remotePatterns configuration',
3538 silly audit report       severity: 'moderate',
3538 silly audit report       vulnerable_versions: '>=10.0.0 <15.5.10',
3538 silly audit report       cwe: [Array],
3538 silly audit report       cvss: [Object]
3538 silly audit report     },
3538 silly audit report     {
3538 silly audit report       id: 1112653,
3538 silly audit report       url: 'https://github.com/advisories/GHSA-h25m-26qc-wcjf',
3538 silly audit report       title: 'Next.js HTTP request deserialization can lead to DoS when using insecure React Server Components',
3538 silly audit report       severity: 'high',
3538 silly audit report       vulnerable_versions: '>=13.0.0 <15.0.8',
3538 silly audit report       cwe: [Array],
3538 silly audit report       cvss: [Object]
3538 silly audit report     },
3538 silly audit report     {
3538 silly audit report       id: 1113689,
3538 silly audit report       url: 'https://github.com/advisories/GHSA-f82v-jwr5-mffw',
3538 silly audit report       title: 'Authorization Bypass in Next.js Middleware',
3538 silly audit report       severity: 'critical',
3538 silly audit report       vulnerable_versions: '>=14.0.0 <14.2.25',
3538 silly audit report       cwe: [Array],
3538 silly audit report       cvss: [Object]
3538 silly audit report     },
3538 silly audit report     {
3538 silly audit report       id: 1114897,
3538 silly audit report       url: 'https://github.com/advisories/GHSA-ggv3-7p47-pfv8',
3538 silly audit report       title: 'Next.js: HTTP request smuggling in rewrites',
3538 silly audit report       severity: 'moderate',
3538 silly audit report       vulnerable_versions: '>=9.5.0 <15.5.13',
3538 silly audit report       cwe: [Array],
3538 silly audit report       cvss: [Object]
3538 silly audit report     },
3538 silly audit report     {
3538 silly audit report       id: 1114940,
3538 silly audit report       url: 'https://github.com/advisories/GHSA-3x4c-7xq6-9pq8',
3538 silly audit report       title: 'Next.js: Unbounded next/image disk cache growth can exhaust storage',
3538 silly audit report       severity: 'moderate',
3538 silly audit report       vulnerable_versions: '>=10.0.0 <15.5.14',
3538 silly audit report       cwe: [Array],
3538 silly audit report       cvss: [Object]
3538 silly audit report     },
3538 silly audit report     {
3538 silly audit report       id: 1116376,
3538 silly audit report       url: 'https://github.com/advisories/GHSA-q4gf-8mx6-v5v3',
3538 silly audit report       title: 'Next.js has a Denial of Service with Server Components',
3538 silly audit report       severity: 'high',
3538 silly audit report       vulnerable_versions: '>=13.0.0 <15.5.15',
3538 silly audit report       cwe: [Array],
3538 silly audit report       cvss: [Object]
3538 silly audit report     },
3538 silly audit report     {
3538 silly audit report       id: 1124185,
3538 silly audit report       url: 'https://github.com/advisories/GHSA-89xv-2m56-2m9x',
3538 silly audit report       title: 'Next.js: Server-Side Request Forgery in Server Actions on custom servers',
3538 silly audit report       severity: 'high',
3538 silly audit report       vulnerable_versions: '>=14.1.1 <15.5.21',
3538 silly audit report       cwe: [Array],
3538 silly audit report       cvss: [Object]
3538 silly audit report     },
3538 silly audit report     {
3538 silly audit report       id: 1124172,
3538 silly audit report       url: 'https://github.com/advisories/GHSA-m99w-x7hq-7vfj',
3538 silly audit report       title: 'Next.js: Denial of Service in App Router using Server Actions',
3538 silly audit report       severity: 'high',
3538 silly audit report       vulnerable_versions: '>=13.0.0 <15.5.21',
3538 silly audit report       cwe: [Array],
3538 silly audit report       cvss: [Object]
3538 silly audit report     },
3538 silly audit report     {
3538 silly audit report       id: 1124187,
3538 silly audit report       url: 'https://github.com/advisories/GHSA-68g3-v927-f742',
3538 silly audit report       title: 'Next.js: Cache confusion of response bodies for requests with bodies',
3538 silly audit report       severity: 'moderate',
3538 silly audit report       vulnerable_versions: '>=13.0.0 <15.5.21',
3538 silly audit report       cwe: [Array],
3538 silly audit report       cvss: [Object]
3538 silly audit report     },
3538 silly audit report     {
3538 silly audit report       id: 1124189,
3538 silly audit report       url: 'https://github.com/advisories/GHSA-4633-3j49-mh5q',
3538 silly audit report       title: 'Next.js: Cache confusion of response bodies for requests with bodies containing invalid UTF-8 byte sequences',
3538 silly audit report       severity: 'moderate',
3538 silly audit report       vulnerable_versions: '>=13.0.0 <15.5.21',
3538 silly audit report       cwe: [Array],
3538 silly audit report       cvss: [Object]
3538 silly audit report     },
3538 silly audit report     {
3538 silly audit report       id: 1124191,
3538 silly audit report       url: 'https://github.com/advisories/GHSA-4c39-4ccg-62r3',
3538 silly audit report       title: 'Next.js: Unbounded Server Action payload in Edge runtime',
3538 silly audit report       severity: 'moderate',
3538 silly audit report       vulnerable_versions: '>=13.0.0 <15.5.21',
3538 silly audit report       cwe: [Array],
3538 silly audit report       cvss: [Object]
3538 silly audit report     },
3538 silly audit report     {
3538 silly audit report       id: 1124193,
3538 silly audit report       url: 'https://github.com/advisories/GHSA-p9j2-gv94-2wf4',
3538 silly audit report       title: 'Next.js: Server-Side Request Forgery in rewrites via attacker-controlled destination hostname',
3538 silly audit report       severity: 'high',
3538 silly audit report       vulnerable_versions: '>=12.0.0 <15.5.21',
3538 silly audit report       cwe: [Array],
3538 silly audit report       cvss: [Object]
3538 silly audit report     },
3538 silly audit report     {
3538 silly audit report       id: 1124197,
3538 silly audit report       url: 'https://github.com/advisories/GHSA-955p-x3mx-jcvp',
3538 silly audit report       title: 'Next.js: Unauthenticated disclosure of internal Server Function endpoints',
3538 silly audit report       severity: 'moderate',
3538 silly audit report       vulnerable_versions: '>=13.0.0 <15.5.21',
3538 silly audit report       cwe: [Array],
3538 silly audit report       cvss: [Object]
3538 silly audit report     }
3538 silly audit report   ],
3538 silly audit report   postcss: [
3538 silly audit report     {
3538 silly audit report       id: 1130709,
3538 silly audit report       url: 'https://github.com/advisories/GHSA-fxqj-rqcc-2cmp',
3538 silly audit report       title: 'PostCSS: incomplete fix of GHSA-6g55-p6wh-862q — attacker-controlled sourceMappingURL reads arbitrary .map files when `from` is unset',
3538 silly audit report       severity: 'moderate',
3538 silly audit report       vulnerable_versions: '<=8.5.22',
3538 silly audit report       cwe: [Array],
3538 silly audit report       cvss: [Object]
3538 silly audit report     },
3538 silly audit report     {
3538 silly audit report       id: 1117015,
3538 silly audit report       url: 'https://github.com/advisories/GHSA-qx2v-qp2m-jg93',
3538 silly audit report       title: 'PostCSS has XSS via Unescaped </style> in its CSS Stringify Output',
3538 silly audit report       severity: 'moderate',
3538 silly audit report       vulnerable_versions: '<8.5.10',
3538 silly audit report       cwe: [Array],
3538 silly audit report       cvss: [Object]
3538 silly audit report     },
3538 silly audit report     {
3538 silly audit report       id: 1124252,
3538 silly audit report       url: 'https://github.com/advisories/GHSA-6g55-p6wh-862q',
3538 silly audit report       title: 'PostCSS: Arbitrary file read and information disclosure via attacker-controlled sourceMappingURL in CSS comments',
3538 silly audit report       severity: 'high',
3538 silly audit report       vulnerable_versions: '<=8.5.11',
3538 silly audit report       cwe: [Array],
3538 silly audit report       cvss: [Object]
3538 silly audit report     },
3538 silly audit report     {
3538 silly audit report       id: 1124288,
3538 silly audit report       url: 'https://github.com/advisories/GHSA-r28c-9q8g-f849',
3538 silly audit report       title: 'PostCSS: Path Traversal in Previous Source Map Auto-Loading (sourceMappingURL) leads to Arbitrary .map File Disclosure',
3538 silly audit report       severity: 'high',
3538 silly audit report       vulnerable_versions: '<=8.5.17',
3538 silly audit report       cwe: [Array],
3538 silly audit report       cvss: [Object]
3538 silly audit report     }
3538 silly audit report   ],
3538 silly audit report   minimatch: [
3538 silly audit report     {
3538 silly audit report       id: 1113465,
3538 silly audit report       url: 'https://github.com/advisories/GHSA-3ppc-4f35-3m26',
3538 silly audit report       title: 'minimatch has a ReDoS via repeated wildcards with non-matching literal in pattern',
3538 silly audit report       severity: 'high',
3538 silly audit report       vulnerable_versions: '>=9.0.0 <9.0.6',
3538 silly audit report       cwe: [Array],
3538 silly audit report       cvss: [Object]
3538 silly audit report     },
3538 silly audit report     {
3538 silly audit report       id: 1113544,
3538 silly audit report       url: 'https://github.com/advisories/GHSA-7r86-cg39-jmmj',
3538 silly audit report       title: 'minimatch has ReDoS: matchOne() combinatorial backtracking via multiple non-adjacent GLOBSTAR segments',
3538 silly audit report       severity: 'high',
3538 silly audit report       vulnerable_versions: '>=9.0.0 <9.0.7',
3538 silly audit report       cwe: [Array],
3538 silly audit report       cvss: [Object]
3538 silly audit report     },
3538 silly audit report     {
3538 silly audit report       id: 1113552,
3538 silly audit report       url: 'https://github.com/advisories/GHSA-23c5-xmqv-rm74',
3538 silly audit report       title: 'minimatch ReDoS: nested *() extglobs generate catastrophically backtracking regular expressions',
3538 silly audit report       severity: 'high',
3538 silly audit report       vulnerable_versions: '>=9.0.0 <9.0.7',
3538 silly audit report       cwe: [Array],
3538 silly audit report       cvss: [Object]
3538 silly audit report     }
3538 silly audit report   ],
3538 silly audit report   glob: [
3538 silly audit report     {
3538 silly audit report       id: 1109842,
3538 silly audit report       url: 'https://github.com/advisories/GHSA-5j98-mcp5-4vw2',
3538 silly audit report       title: 'glob CLI: Command injection via -c/--cmd executes matches with shell:true',
3538 silly audit report       severity: 'high',
3538 silly audit report       vulnerable_versions: '>=10.2.0 <10.5.0',
3538 silly audit report       cwe: [Array],
3538 silly audit report       cvss: [Object]
3538 silly audit report     }
3538 silly audit report   ]
3538 silly audit report }
3539 silly packumentCache corgi:https://registry.npmjs.org/next cache-miss
3540 silly packumentCache corgi:https://registry.npmjs.org/postcss cache-miss
3541 silly packumentCache corgi:https://registry.npmjs.org/minimatch cache-miss
3542 silly packumentCache corgi:https://registry.npmjs.org/glob cache-miss
3543 http fetch GET 200 https://registry.npmjs.org/punycode/-/punycode-2.3.1.tgz 239ms (cache miss)
3544 http fetch GET 200 https://registry.npmjs.org/which-boxed-primitive/-/which-boxed-primitive-1.1.1.tgz 245ms (cache miss)
3545 http fetch GET 200 https://registry.npmjs.org/has-bigints/-/has-bigints-1.1.0.tgz 254ms (cache miss)
3546 http fetch GET 200 https://registry.npmjs.org/fs.realpath/-/fs.realpath-1.0.0.tgz 256ms (cache miss)
3547 http fetch GET 200 https://registry.npmjs.org/async-function/-/async-function-1.0.0.tgz 257ms (cache miss)
3548 http fetch GET 200 https://registry.npmjs.org/inflight/-/inflight-1.0.6.tgz 257ms (cache miss)
3549 warn deprecated inflight@1.0.6: This module is not supported, and leaks memory. Do not use it. Check out lru-cache if you want a good and tested way to coalesce async requests by a key value, which is much more comprehensive and powerful.
3550 http fetch GET 200 https://registry.npmjs.org/generator-function/-/generator-function-2.0.1.tgz 260ms (cache miss)
3551 http fetch GET 200 https://registry.npmjs.org/which-collection/-/which-collection-1.0.2.tgz 260ms (cache miss)
3552 http fetch GET 200 https://registry.npmjs.org/is-weakmap/-/is-weakmap-2.0.2.tgz 260ms (cache miss)
3553 http fetch GET 200 https://registry.npmjs.org/is-map/-/is-map-2.0.3.tgz 263ms (cache miss)
3554 http fetch GET 200 https://registry.npmjs.org/for-each/-/for-each-0.3.5.tgz 261ms (cache miss)
3555 http fetch GET 200 https://registry.npmjs.org/which-builtin-type/-/which-builtin-type-1.2.1.tgz 264ms (cache miss)
3556 http fetch GET 200 https://registry.npmjs.org/is-generator-function/-/is-generator-function-1.1.2.tgz 267ms (cache miss)
3557 http fetch GET 200 https://registry.npmjs.org/strip-bom/-/strip-bom-3.0.0.tgz 270ms (cache miss)
3558 http fetch GET 200 https://registry.npmjs.org/@types/json5/-/json5-0.0.29.tgz 273ms (cache miss)
3559 http fetch GET 200 https://registry.npmjs.org/napi-postinstall/-/napi-postinstall-0.3.4.tgz 285ms (cache miss)
3560 http fetch GET 200 https://registry.npmjs.org/potpack/-/potpack-1.0.2.tgz 283ms (cache miss)
3561 http fetch GET 200 https://registry.npmjs.org/require-from-string/-/require-from-string-2.0.2.tgz 289ms (cache miss)
3562 http fetch GET 200 https://registry.npmjs.org/json5/-/json5-1.0.2.tgz 292ms (cache miss)
3563 http fetch GET 200 https://registry.npmjs.org/fdir/-/fdir-6.5.0.tgz 291ms (cache miss)
3564 http fetch GET 200 https://registry.npmjs.org/is-number/-/is-number-7.0.0.tgz 295ms (cache miss)
3565 http fetch GET 200 https://registry.npmjs.org/thenify-all/-/thenify-all-1.6.0.tgz 296ms (cache miss)
3566 http fetch GET 200 https://registry.npmjs.org/thenify/-/thenify-3.3.1.tgz 296ms (cache miss)
3567 http fetch GET 200 https://registry.npmjs.org/webgl-sdf-generator/-/webgl-sdf-generator-1.1.1.tgz 303ms (cache miss)
3568 http fetch GET 200 https://registry.npmjs.org/troika-worker-utils/-/troika-worker-utils-0.52.0.tgz 307ms (cache miss)
3569 http fetch GET 200 https://registry.npmjs.org/reflect.getprototypeof/-/reflect.getprototypeof-1.0.10.tgz 316ms (cache miss)
3570 http fetch GET 200 https://registry.npmjs.org/@types/offscreencanvas/-/offscreencanvas-2019.7.3.tgz 318ms (cache miss)
3571 http fetch GET 200 https://registry.npmjs.org/minimist/-/minimist-1.2.8.tgz 323ms (cache miss)
3572 http fetch GET 200 https://registry.npmjs.org/isexe/-/isexe-2.0.0.tgz 319ms (cache miss)
3573 http fetch GET 200 https://registry.npmjs.org/pirates/-/pirates-4.0.7.tgz 320ms (cache miss)
3574 http fetch GET 200 https://registry.npmjs.org/@jridgewell/resolve-uri/-/resolve-uri-3.1.2.tgz 326ms (cache miss)
3575 http fetch GET 200 https://registry.npmjs.org/mz/-/mz-2.7.0.tgz 330ms (cache miss)
3576 http fetch GET 200 https://registry.npmjs.org/bidi-js/-/bidi-js-1.0.3.tgz 334ms (cache miss)
3577 http fetch GET 200 https://registry.npmjs.org/ts-interface-checker/-/ts-interface-checker-0.1.13.tgz 347ms (cache miss)
3578 http fetch GET 200 https://registry.npmjs.org/any-promise/-/any-promise-1.3.0.tgz 351ms (cache miss)
3579 http fetch GET 200 https://registry.npmjs.org/util-deprecate/-/util-deprecate-1.0.2.tgz 350ms (cache miss)
3580 http fetch GET 200 https://registry.npmjs.org/read-cache/-/read-cache-1.0.0.tgz 352ms (cache miss)
3581 http fetch GET 200 https://registry.npmjs.org/pify/-/pify-2.3.0.tgz 353ms (cache miss)
3582 http fetch GET 200 https://registry.npmjs.org/lines-and-columns/-/lines-and-columns-1.2.4.tgz 354ms (cache miss)
3583 http fetch GET 200 https://registry.npmjs.org/readdirp/-/readdirp-3.6.0.tgz 354ms (cache miss)
3584 http fetch GET 200 https://registry.npmjs.org/binary-extensions/-/binary-extensions-2.3.0.tgz 354ms (cache miss)
3585 http fetch GET 200 https://registry.npmjs.org/cssesc/-/cssesc-3.0.0.tgz 354ms (cache miss)
3586 http fetch GET 200 https://registry.npmjs.org/@jridgewell/sourcemap-codec/-/sourcemap-codec-1.5.5.tgz 361ms (cache miss)
3587 http fetch GET 200 https://registry.npmjs.org/anymatch/-/anymatch-3.1.3.tgz 370ms (cache miss)
3588 http fetch GET 200 https://registry.npmjs.org/troika-three-utils/-/troika-three-utils-0.52.5.tgz 373ms (cache miss)
3589 http fetch GET 200 https://registry.npmjs.org/@jridgewell/gen-mapping/-/gen-mapping-0.3.13.tgz 371ms (cache miss)
3590 http fetch GET 200 https://registry.npmjs.org/@unrs/resolver-binding-darwin-arm64/-/resolver-binding-darwin-arm64-1.12.2.tgz 375ms (cache miss)
3591 http fetch GET 200 https://registry.npmjs.org/@jridgewell/trace-mapping/-/trace-mapping-0.3.31.tgz 376ms (cache miss)
3592 http fetch GET 200 https://registry.npmjs.org/postcss-nested/-/postcss-nested-6.2.0.tgz 388ms (cache miss)
3593 http fetch GET 200 https://registry.npmjs.org/postcss-selector-parser/-/postcss-selector-parser-6.1.4.tgz 392ms (cache miss)
3594 http fetch GET 200 https://registry.npmjs.org/normalize-path/-/normalize-path-3.0.0.tgz 394ms (cache miss)
3595 http fetch GET 200 https://registry.npmjs.org/postcss-js/-/postcss-js-4.1.0.tgz 394ms (cache miss)
3596 http fetch GET 200 https://registry.npmjs.org/object-hash/-/object-hash-3.0.0.tgz 394ms (cache miss)
3597 http fetch GET 200 https://registry.npmjs.org/is-binary-path/-/is-binary-path-2.1.0.tgz 395ms (cache miss)
3598 http fetch GET 200 https://registry.npmjs.org/fsevents/-/fsevents-2.3.3.tgz 395ms (cache miss)
3599 http fetch GET 200 https://registry.npmjs.org/camelcase-css/-/camelcase-css-2.0.1.tgz 396ms (cache miss)
3600 http fetch GET 200 https://registry.npmjs.org/didyoumean/-/didyoumean-1.2.2.tgz 404ms (cache miss)
3601 http fetch GET 200 https://registry.npmjs.org/lilconfig/-/lilconfig-3.1.3.tgz 404ms (cache miss)
3602 http fetch GET 200 https://registry.npmjs.org/dlv/-/dlv-1.1.3.tgz 405ms (cache miss)
3603 http fetch GET 200 https://registry.npmjs.org/postcss-import/-/postcss-import-15.1.0.tgz 406ms (cache miss)
3604 http fetch GET 200 https://registry.npmjs.org/is-fullwidth-code-point/-/is-fullwidth-code-point-3.0.0.tgz 415ms (cache miss)
3605 http fetch GET 200 https://registry.npmjs.org/postcss-load-config/-/postcss-load-config-6.0.1.tgz 416ms (cache miss)
3606 http fetch GET 200 https://registry.npmjs.org/ansi-regex/-/ansi-regex-5.0.1.tgz 422ms (cache miss)
3607 http fetch GET 200 https://registry.npmjs.org/has-flag/-/has-flag-4.0.0.tgz 426ms (cache miss)
3608 http fetch GET 200 https://registry.npmjs.org/commander/-/commander-4.1.1.tgz 431ms (cache miss)
3609 http fetch GET 200 https://registry.npmjs.org/arg/-/arg-5.0.2.tgz 429ms (cache miss)
3610 http fetch GET 200 https://registry.npmjs.org/chokidar/-/chokidar-3.6.0.tgz 431ms (cache miss)
3611 http fetch GET 200 https://registry.npmjs.org/@alloc/quick-lru/-/quick-lru-5.2.0.tgz 434ms (cache miss)
3612 http fetch GET 200 https://registry.npmjs.org/client-only/-/client-only-0.0.1.tgz 434ms (cache miss)
3613 http fetch GET 200 https://registry.npmjs.org/side-channel-weakmap/-/side-channel-weakmap-1.0.2.tgz 473ms (cache miss)
3614 http fetch GET 200 https://registry.npmjs.org/shebang-regex/-/shebang-regex-3.0.0.tgz 477ms (cache miss)
3615 http fetch GET 200 https://registry.npmjs.org/path-parse/-/path-parse-1.0.7.tgz 477ms (cache miss)
3616 http fetch GET 200 https://registry.npmjs.org/side-channel-list/-/side-channel-list-1.0.1.tgz 477ms (cache miss)
3617 http fetch GET 200 https://registry.npmjs.org/queue-microtask/-/queue-microtask-1.2.3.tgz 478ms (cache miss)
3618 http fetch GET 200 https://registry.npmjs.org/side-channel-map/-/side-channel-map-1.0.1.tgz 478ms (cache miss)
3619 http fetch GET 200 https://registry.npmjs.org/@types/stats.js/-/stats.js-0.17.4.tgz 480ms (cache miss)
3620 http fetch GET 200 https://registry.npmjs.org/@tweenjs/tween.js/-/tween.js-23.1.3.tgz 486ms (cache miss)
3621 http fetch GET 200 https://registry.npmjs.org/fflate/-/fflate-0.8.3.tgz 488ms (cache miss)
3622 http fetch GET 200 https://registry.npmjs.org/sucrase/-/sucrase-3.35.1.tgz 507ms (cache miss)
3623 http fetch GET 200 https://registry.npmjs.org/js-tokens/-/js-tokens-4.0.0.tgz 517ms (cache miss)
3624 http fetch GET 200 https://registry.npmjs.org/react-is/-/react-is-16.13.1.tgz 518ms (cache miss)
3625 http fetch GET 200 https://registry.npmjs.org/isarray/-/isarray-2.0.5.tgz 519ms (cache miss)
3626 http fetch GET 200 https://registry.npmjs.org/supports-preserve-symlinks-flag/-/supports-preserve-symlinks-flag-1.0.0.tgz 519ms (cache miss)
3627 http fetch GET 200 https://registry.npmjs.org/node-exports-info/-/node-exports-info-1.6.2.tgz 524ms (cache miss)
3628 http fetch GET 200 https://registry.npmjs.org/eastasianwidth/-/eastasianwidth-0.2.0.tgz 546ms (cache miss)
3629 http fetch GET 200 https://registry.npmjs.org/object-assign/-/object-assign-4.1.1.tgz 548ms (cache miss)
3630 http fetch GET 200 https://registry.npmjs.org/nanoid/-/nanoid-3.3.18.tgz 549ms (cache miss)
3631 http fetch GET 200 https://registry.npmjs.org/immediate/-/immediate-3.0.6.tgz 551ms (cache miss)
3632 http fetch GET 200 https://registry.npmjs.org/is-promise/-/is-promise-2.2.2.tgz 552ms (cache miss)
3633 http fetch GET 200 https://registry.npmjs.org/callsites/-/callsites-3.1.0.tgz 552ms (cache miss)
3634 http fetch GET 200 https://registry.npmjs.org/yocto-queue/-/yocto-queue-0.1.0.tgz 552ms (cache miss)
3635 http fetch GET 200 https://registry.npmjs.org/lie/-/lie-3.3.0.tgz 556ms (cache miss)
3636 http fetch GET 200 https://registry.npmjs.org/@types/draco3d/-/draco3d-1.4.10.tgz 577ms (cache miss)
3637 http fetch GET 200 https://registry.npmjs.org/source-map-js/-/source-map-js-1.2.1.tgz 571ms (cache miss)
3638 http fetch GET 200 https://registry.npmjs.org/p-limit/-/p-limit-3.1.0.tgz 581ms (cache miss)
3639 http fetch GET 200 https://registry.npmjs.org/fast-levenshtein/-/fast-levenshtein-2.0.6.tgz 582ms (cache miss)
3640 http fetch GET 200 https://registry.npmjs.org/tslib/-/tslib-2.8.1.tgz 583ms (cache miss)
3641 http fetch GET 200 https://registry.npmjs.org/deep-is/-/deep-is-0.1.4.tgz 604ms (cache miss)
3642 http fetch GET 200 https://registry.npmjs.org/word-wrap/-/word-wrap-1.2.5.tgz 605ms (cache miss)
3643 http fetch GET 200 https://registry.npmjs.org/@swc/counter/-/counter-0.1.3.tgz 606ms (cache miss)
3644 http fetch GET 200 https://registry.npmjs.org/streamsearch/-/streamsearch-1.1.0.tgz 642ms (cache miss)
3645 http fetch GET 200 https://registry.npmjs.org/loose-envify/-/loose-envify-1.4.0.tgz 641ms (cache miss)
3646 http fetch GET 200 https://registry.npmjs.org/graceful-fs/-/graceful-fs-4.2.11.tgz 642ms (cache miss)
3647 http fetch GET 200 https://registry.npmjs.org/busboy/-/busboy-1.6.0.tgz 647ms (cache miss)
3648 http fetch GET 200 https://registry.npmjs.org/balanced-match/-/balanced-match-1.0.2.tgz 663ms (cache miss)
3649 http fetch GET 200 https://registry.npmjs.org/to-regex-range/-/to-regex-range-5.0.1.tgz 663ms (cache miss)
3650 http fetch GET 200 https://registry.npmjs.org/brace-expansion/-/brace-expansion-1.1.18.tgz 673ms (cache miss)
3651 http fetch GET 200 https://registry.npmjs.org/p-locate/-/p-locate-5.0.0.tgz 672ms (cache miss)
3652 http fetch GET 200 https://registry.npmjs.org/fill-range/-/fill-range-7.1.1.tgz 693ms (cache miss)
3653 http fetch GET 200 https://registry.npmjs.org/concat-map/-/concat-map-0.0.1.tgz 696ms (cache miss)
3654 http fetch GET 200 https://registry.npmjs.org/prelude-ls/-/prelude-ls-1.2.1.tgz 710ms (cache miss)
3655 http fetch GET 200 https://registry.npmjs.org/picomatch/-/picomatch-2.3.2.tgz 711ms (cache miss)
3656 http fetch GET 200 https://registry.npmjs.org/braces/-/braces-3.0.3.tgz 711ms (cache miss)
3657 http fetch GET 200 https://registry.npmjs.org/json-buffer/-/json-buffer-3.0.1.tgz 725ms (cache miss)
3658 http fetch GET 200 https://registry.npmjs.org/wrap-ansi/-/wrap-ansi-7.0.0.tgz 727ms (cache miss)
3659 http fetch GET 200 https://registry.npmjs.org/type-check/-/type-check-0.4.0.tgz 740ms (cache miss)
3660 http fetch GET 200 https://registry.npmjs.org/string-width/-/string-width-4.2.3.tgz 740ms (cache miss)
3661 http fetch GET 200 https://registry.npmjs.org/draco3d/-/draco3d-1.5.7.tgz 775ms (cache miss)
3662 http fetch GET 200 https://registry.npmjs.org/strip-ansi/-/strip-ansi-6.0.1.tgz 763ms (cache miss)
3663 http fetch GET 200 https://registry.npmjs.org/wrap-ansi/-/wrap-ansi-8.1.0.tgz 764ms (cache miss)
3664 http fetch GET 200 https://registry.npmjs.org/@isaacs/cliui/-/cliui-8.0.2.tgz 793ms (cache miss)
3665 http fetch GET 200 https://registry.npmjs.org/set-function-name/-/set-function-name-2.0.2.tgz 795ms (cache miss)
3666 http fetch GET 200 https://registry.npmjs.org/@dimforge/rapier3d-compat/-/rapier3d-compat-0.12.0.tgz 804ms (cache miss)
3667 http fetch GET 200 https://registry.npmjs.org/@pkgjs/parseargs/-/parseargs-0.11.0.tgz 797ms (cache miss)
3668 http fetch GET 200 https://registry.npmjs.org/language-subtag-registry/-/language-subtag-registry-0.3.23.tgz 797ms (cache miss)
3669 http fetch GET 200 https://registry.npmjs.org/side-channel/-/side-channel-1.1.1.tgz 812ms (cache miss)
3670 http fetch GET 200 https://registry.npmjs.org/resolve-from/-/resolve-from-4.0.0.tgz 814ms (cache miss)
3671 http fetch GET 200 https://registry.npmjs.org/micromatch/-/micromatch-4.0.8.tgz 819ms (cache miss)
3672 http fetch GET 200 https://registry.npmjs.org/is-extglob/-/is-extglob-2.1.1.tgz 826ms (cache miss)
3673 http fetch GET 200 https://registry.npmjs.org/argparse/-/argparse-2.0.1.tgz 827ms (cache miss)
3674 http fetch GET 200 https://registry.npmjs.org/slash/-/slash-3.0.0.tgz 825ms (cache miss)
3675 http fetch GET 200 https://registry.npmjs.org/path-type/-/path-type-4.0.0.tgz 826ms (cache miss)
3676 http fetch GET 200 https://registry.npmjs.org/jiti/-/jiti-1.21.7.tgz 845ms (cache miss)
3677 http fetch GET 200 https://registry.npmjs.org/merge2/-/merge2-1.4.1.tgz 853ms (cache miss)
3678 http fetch GET 200 https://registry.npmjs.org/string-width/-/string-width-5.1.2.tgz 852ms (cache miss)
3679 http fetch GET 200 https://registry.npmjs.org/dir-glob/-/dir-glob-3.0.1.tgz 853ms (cache miss)
3680 http fetch GET 200 https://registry.npmjs.org/parent-module/-/parent-module-1.0.1.tgz 853ms (cache miss)
3681 http fetch GET 200 https://registry.npmjs.org/array-union/-/array-union-2.1.0.tgz 854ms (cache miss)
3682 http fetch GET 200 https://registry.npmjs.org/dunder-proto/-/dunder-proto-1.0.1.tgz 882ms (cache miss)
3683 http fetch GET 200 https://registry.npmjs.org/resolve-pkg-maps/-/resolve-pkg-maps-1.0.0.tgz 890ms (cache miss)
3684 http fetch GET 200 https://registry.npmjs.org/is-document.all/-/is-document.all-1.0.0.tgz 913ms (cache miss)
3685 http fetch GET 200 https://registry.npmjs.org/flatted/-/flatted-3.4.4.tgz 919ms (cache miss)
3686 http fetch GET 200 https://registry.npmjs.org/locate-path/-/locate-path-6.0.0.tgz 921ms (cache miss)
3687 http fetch GET 200 https://registry.npmjs.org/rimraf/-/rimraf-3.0.2.tgz 923ms (cache miss)
3688 warn deprecated rimraf@3.0.2: Rimraf versions prior to v4 are no longer supported
3689 http fetch GET 200 https://registry.npmjs.org/keyv/-/keyv-4.5.4.tgz 932ms (cache miss)
3690 http fetch GET 200 https://registry.npmjs.org/path-scurry/-/path-scurry-1.11.1.tgz 937ms (cache miss)
3691 http fetch GET 200 https://registry.npmjs.org/@next/env/-/env-14.2.5.tgz 943ms (cache miss)
3692 http fetch GET 200 https://registry.npmjs.org/functions-have-names/-/functions-have-names-1.2.3.tgz 953ms (cache miss)
3693 http fetch GET 200 https://registry.npmjs.org/flat-cache/-/flat-cache-3.2.0.tgz 956ms (cache miss)
3694 http fetch GET 200 https://registry.npmjs.org/reusify/-/reusify-1.1.0.tgz 958ms (cache miss)
3695 http fetch GET 200 https://registry.npmjs.org/string.prototype.repeat/-/string.prototype.repeat-1.0.0.tgz 958ms (cache miss)
3696 http fetch GET 200 https://registry.npmjs.org/esrecurse/-/esrecurse-4.3.0.tgz 959ms (cache miss)
3697 http fetch GET 200 https://registry.npmjs.org/acorn-jsx/-/acorn-jsx-5.3.2.tgz 969ms (cache miss)
3698 http fetch GET 200 https://registry.npmjs.org/iterator.prototype/-/iterator.prototype-1.1.5.tgz 971ms (cache miss)
3699 http fetch GET 200 https://registry.npmjs.org/estraverse/-/estraverse-5.3.0.tgz 973ms (cache miss)
3700 http fetch GET 200 https://registry.npmjs.org/prop-types/-/prop-types-15.8.1.tgz 987ms (cache miss)
3701 http fetch GET 200 https://registry.npmjs.org/meshoptimizer/-/meshoptimizer-1.1.1.tgz 1001ms (cache miss)
3702 http fetch GET 200 https://registry.npmjs.org/array.prototype.tosorted/-/array.prototype.tosorted-1.1.4.tgz 1011ms (cache miss)
3703 http fetch GET 200 https://registry.npmjs.org/array.prototype.findlast/-/array.prototype.findlast-1.2.5.tgz 1017ms (cache miss)
3704 http fetch GET 200 https://registry.npmjs.org/styled-jsx/-/styled-jsx-5.1.1.tgz 1118ms (cache miss)
3705 http fetch GET 200 https://registry.npmjs.org/emoji-regex/-/emoji-regex-9.2.2.tgz 1110ms (cache miss)
3706 http fetch GET 200 https://registry.npmjs.org/minipass/-/minipass-7.1.3.tgz 1114ms (cache miss)
3707 http fetch GET 200 https://registry.npmjs.org/signal-exit/-/signal-exit-4.1.0.tgz 1128ms (cache miss)
3708 http fetch GET 200 https://registry.npmjs.org/object.entries/-/object.entries-1.1.9.tgz 1124ms (cache miss)
3709 http fetch GET 200 https://registry.npmjs.org/is-date-object/-/is-date-object-1.1.0.tgz 1124ms (cache miss)
3710 http fetch GET 200 https://registry.npmjs.org/is-symbol/-/is-symbol-1.1.1.tgz 1128ms (cache miss)
3711 http fetch GET 200 https://registry.npmjs.org/has-tostringtag/-/has-tostringtag-1.0.2.tgz 1128ms (cache miss)
3712 http fetch GET 200 https://registry.npmjs.org/es-abstract-get/-/es-abstract-get-1.0.0.tgz 1128ms (cache miss)
3713 http fetch GET 200 https://registry.npmjs.org/language-tags/-/language-tags-1.0.9.tgz 1131ms (cache miss)
3714 http fetch GET 200 https://registry.npmjs.org/string.prototype.matchall/-/string.prototype.matchall-4.0.12.tgz 1135ms (cache miss)
3715 http fetch GET 200 https://registry.npmjs.org/path-exists/-/path-exists-4.0.0.tgz 1149ms (cache miss)
3716 http fetch GET 200 https://registry.npmjs.org/typed-array-byte-length/-/typed-array-byte-length-1.0.3.tgz 1148ms (cache miss)
3717 http fetch GET 200 https://registry.npmjs.org/damerau-levenshtein/-/damerau-levenshtein-1.0.8.tgz 1149ms (cache miss)
3718 http fetch GET 200 https://registry.npmjs.org/typed-array-byte-offset/-/typed-array-byte-offset-1.0.4.tgz 1153ms (cache miss)
3719 http fetch GET 200 https://registry.npmjs.org/unbox-primitive/-/unbox-primitive-1.1.0.tgz 1154ms (cache miss)
3720 http fetch GET 200 https://registry.npmjs.org/typed-array-buffer/-/typed-array-buffer-1.0.3.tgz 1157ms (cache miss)
3721 http fetch GET 200 https://registry.npmjs.org/possible-typed-array-names/-/possible-typed-array-names-1.1.0.tgz 1158ms (cache miss)
3722 http fetch GET 200 https://registry.npmjs.org/safe-push-apply/-/safe-push-apply-1.0.0.tgz 1162ms (cache miss)
3723 http fetch GET 200 https://registry.npmjs.org/typed-array-length/-/typed-array-length-1.0.8.tgz 1164ms (cache miss)
3724 http fetch GET 200 https://registry.npmjs.org/ast-types-flow/-/ast-types-flow-0.0.8.tgz 1166ms (cache miss)
3725 http fetch GET 200 https://registry.npmjs.org/regexp.prototype.flags/-/regexp.prototype.flags-1.5.4.tgz 1166ms (cache miss)
3726 http fetch GET 200 https://registry.npmjs.org/set-proto/-/set-proto-1.0.0.tgz 1168ms (cache miss)
3727 http fetch GET 200 https://registry.npmjs.org/safe-regex-test/-/safe-regex-test-1.1.0.tgz 1169ms (cache miss)
3728 http fetch GET 200 https://registry.npmjs.org/safe-array-concat/-/safe-array-concat-1.1.4.tgz 1172ms (cache miss)
3729 http fetch GET 200 https://registry.npmjs.org/stop-iteration-iterator/-/stop-iteration-iterator-1.1.0.tgz 1176ms (cache miss)
3730 http fetch GET 200 https://registry.npmjs.org/which-typed-array/-/which-typed-array-1.1.22.tgz 1182ms (cache miss)
3731 http fetch GET 200 https://registry.npmjs.org/own-keys/-/own-keys-1.0.2.tgz 1181ms (cache miss)
3732 http fetch GET 200 https://registry.npmjs.org/lru-cache/-/lru-cache-10.4.3.tgz 1202ms (cache miss)
3733 http fetch GET 200 https://registry.npmjs.org/is-shared-array-buffer/-/is-shared-array-buffer-1.0.4.tgz 1189ms (cache miss)
3734 http fetch GET 200 https://registry.npmjs.org/is-regex/-/is-regex-1.2.1.tgz 1193ms (cache miss)
3735 http fetch GET 200 https://registry.npmjs.org/is-typed-array/-/is-typed-array-1.1.15.tgz 1194ms (cache miss)
3736 http fetch GET 200 https://registry.npmjs.org/is-weakref/-/is-weakref-1.1.1.tgz 1194ms (cache miss)
3737 http fetch GET 200 https://registry.npmjs.org/is-set/-/is-set-2.0.3.tgz 1206ms (cache miss)
3738 http fetch GET 200 https://registry.npmjs.org/get-symbol-description/-/get-symbol-description-1.1.0.tgz 1208ms (cache miss)
3739 http fetch GET 200 https://registry.npmjs.org/is-data-view/-/is-data-view-1.0.2.tgz 1209ms (cache miss)
3740 http fetch GET 200 https://registry.npmjs.org/is-negative-zero/-/is-negative-zero-2.0.3.tgz 1210ms (cache miss)
3741 http fetch GET 200 https://registry.npmjs.org/string.prototype.trimstart/-/string.prototype.trimstart-1.0.8.tgz 1213ms (cache miss)
3742 http fetch GET 200 https://registry.npmjs.org/internal-slot/-/internal-slot-1.1.0.tgz 1218ms (cache miss)
3743 http fetch GET 200 https://registry.npmjs.org/get-proto/-/get-proto-1.0.1.tgz 1227ms (cache miss)
3744 http fetch GET 200 https://registry.npmjs.org/data-view-byte-length/-/data-view-byte-length-1.0.2.tgz 1233ms (cache miss)
3745 http fetch GET 200 https://registry.npmjs.org/es-set-tostringtag/-/es-set-tostringtag-2.1.0.tgz 1236ms (cache miss)
3746 http fetch GET 200 https://registry.npmjs.org/is-array-buffer/-/is-array-buffer-3.0.5.tgz 1236ms (cache miss)
3747 http fetch GET 200 https://registry.npmjs.org/es-to-primitive/-/es-to-primitive-1.3.4.tgz 1237ms (cache miss)
3748 http fetch GET 200 https://registry.npmjs.org/function.prototype.name/-/function.prototype.name-1.2.0.tgz 1240ms (cache miss)
3749 http fetch GET 200 https://registry.npmjs.org/acorn/-/acorn-8.18.0.tgz 1258ms (cache miss)
3750 http fetch GET 200 https://registry.npmjs.org/data-view-byte-offset/-/data-view-byte-offset-1.0.1.tgz 1256ms (cache miss)
3751 http fetch GET 200 https://registry.npmjs.org/data-view-buffer/-/data-view-buffer-1.0.2.tgz 1261ms (cache miss)
3752 http fetch GET 200 https://registry.npmjs.org/available-typed-arrays/-/available-typed-arrays-1.0.7.tgz 1261ms (cache miss)
3753 http fetch GET 200 https://registry.npmjs.org/gopd/-/gopd-1.2.0.tgz 1269ms (cache miss)
3754 http fetch GET 200 https://registry.npmjs.org/es-define-property/-/es-define-property-1.0.1.tgz 1271ms (cache miss)
3755 http fetch GET 200 https://registry.npmjs.org/define-data-property/-/define-data-property-1.1.4.tgz 1271ms (cache miss)
3756 http fetch GET 200 https://registry.npmjs.org/has-proto/-/has-proto-1.2.0.tgz 1274ms (cache miss)
3757 http fetch GET 200 https://registry.npmjs.org/object-keys/-/object-keys-1.1.1.tgz 1274ms (cache miss)
3758 http fetch GET 200 https://registry.npmjs.org/has-property-descriptors/-/has-property-descriptors-1.0.2.tgz 1276ms (cache miss)
3759 http fetch GET 200 https://registry.npmjs.org/call-bind-apply-helpers/-/call-bind-apply-helpers-1.0.2.tgz 1279ms (cache miss)
3760 http fetch GET 200 https://registry.npmjs.org/array-buffer-byte-length/-/array-buffer-byte-length-1.0.2.tgz 1284ms (cache miss)
3761 http fetch GET 200 https://registry.npmjs.org/is-callable/-/is-callable-1.2.7.tgz 1290ms (cache miss)
3762 http fetch GET 200 https://registry.npmjs.org/es-errors/-/es-errors-1.3.0.tgz 1294ms (cache miss)
3763 http fetch GET 200 https://registry.npmjs.org/math-intrinsics/-/math-intrinsics-1.1.0.tgz 1301ms (cache miss)
3764 http fetch GET 200 https://registry.npmjs.org/set-function-length/-/set-function-length-1.2.2.tgz 1309ms (cache miss)
3765 http fetch GET 200 https://registry.npmjs.org/es-shim-unscopables/-/es-shim-unscopables-1.1.0.tgz 1315ms (cache miss)
3766 http fetch GET 200 https://registry.npmjs.org/globalthis/-/globalthis-1.0.4.tgz 1318ms (cache miss)
3767 http fetch GET 200 https://registry.npmjs.org/is-string/-/is-string-1.1.1.tgz 1315ms (cache miss)
3768 http fetch GET 200 https://registry.npmjs.org/string.prototype.includes/-/string.prototype.includes-2.0.1.tgz 1325ms (cache miss)
3769 http fetch GET 200 https://registry.npmjs.org/define-properties/-/define-properties-1.2.1.tgz 1326ms (cache miss)
3770 http fetch GET 200 https://registry.npmjs.org/type-fest/-/type-fest-0.20.2.tgz 1338ms (cache miss)
3771 http fetch GET 200 https://registry.npmjs.org/call-bound/-/call-bound-1.0.4.tgz 1332ms (cache miss)
3772 http fetch GET 200 https://registry.npmjs.org/object.assign/-/object.assign-4.1.7.tgz 1344ms (cache miss)
3773 http fetch GET 200 https://registry.npmjs.org/has-symbols/-/has-symbols-1.1.0.tgz 1358ms (cache miss)
3774 http fetch GET 200 https://registry.npmjs.org/string.prototype.trimend/-/string.prototype.trimend-1.0.10.tgz 1354ms (cache miss)
3775 http fetch GET 200 https://registry.npmjs.org/object.groupby/-/object.groupby-1.0.3.tgz 1355ms (cache miss)
3776 http fetch GET 200 https://registry.npmjs.org/string.prototype.trim/-/string.prototype.trim-1.2.11.tgz 1367ms (cache miss)
3777 http fetch GET 200 https://registry.npmjs.org/call-bind/-/call-bind-1.0.9.tgz 1363ms (cache miss)
3778 http fetch GET 200 https://registry.npmjs.org/object.values/-/object.values-1.2.1.tgz 1366ms (cache miss)
3779 http fetch GET 200 https://registry.npmjs.org/hasown/-/hasown-2.0.4.tgz 1372ms (cache miss)
3780 http fetch GET 200 https://registry.npmjs.org/unrs-resolver/-/unrs-resolver-1.12.2.tgz 1373ms (cache miss)
3781 http fetch GET 200 https://registry.npmjs.org/es-object-atoms/-/es-object-atoms-1.1.2.tgz 1377ms (cache miss)
3782 http fetch GET 200 https://registry.npmjs.org/tinyglobby/-/tinyglobby-0.2.17.tgz 1377ms (cache miss)
3783 http fetch GET 200 https://registry.npmjs.org/array.prototype.flat/-/array.prototype.flat-1.3.3.tgz 1380ms (cache miss)
3784 http fetch GET 200 https://registry.npmjs.org/function-bind/-/function-bind-1.1.2.tgz 1385ms (cache miss)
3785 http fetch GET 200 https://registry.npmjs.org/is-bun-module/-/is-bun-module-2.0.0.tgz 1390ms (cache miss)
3786 http fetch GET 200 https://registry.npmjs.org/stable-hash/-/stable-hash-0.0.5.tgz 1402ms (cache miss)
3787 http fetch GET 200 https://registry.npmjs.org/globby/-/globby-11.1.0.tgz 1403ms (cache miss)
3788 http fetch GET 200 https://registry.npmjs.org/is-core-module/-/is-core-module-2.16.2.tgz 1407ms (cache miss)
3789 http fetch GET 200 https://registry.npmjs.org/object.fromentries/-/object.fromentries-2.0.8.tgz 1423ms (cache miss)
3790 http fetch GET 200 https://registry.npmjs.org/array.prototype.flatmap/-/array.prototype.flatmap-1.3.3.tgz 1439ms (cache miss)
3791 http fetch GET 200 https://registry.npmjs.org/@nolyfill/is-core-module/-/is-core-module-1.0.39.tgz 1440ms (cache miss)
3792 http fetch GET 200 https://registry.npmjs.org/array-includes/-/array-includes-3.1.9.tgz 1447ms (cache miss)
3793 http fetch GET 200 https://registry.npmjs.org/get-intrinsic/-/get-intrinsic-1.3.0.tgz 1452ms (cache miss)
3794 http fetch GET 200 https://registry.npmjs.org/eslint-module-utils/-/eslint-module-utils-2.14.0.tgz 1457ms (cache miss)
3795 http fetch GET 200 https://registry.npmjs.org/ms/-/ms-2.1.3.tgz 1453ms (cache miss)
3796 http fetch GET 200 https://registry.npmjs.org/eslint-import-resolver-node/-/eslint-import-resolver-node-0.3.10.tgz 1457ms (cache miss)
3797 http fetch GET 200 https://registry.npmjs.org/get-tsconfig/-/get-tsconfig-4.14.1.tgz 1463ms (cache miss)
3798 http fetch GET 200 https://registry.npmjs.org/color-name/-/color-name-1.1.4.tgz 1474ms (cache miss)
3799 http fetch GET 200 https://registry.npmjs.org/eslint-plugin-react-hooks/-/eslint-plugin-react-hooks-5.0.0-canary-7118f5dd7-20230705.tgz 1480ms (cache miss)
3800 http fetch GET 200 https://registry.npmjs.org/ansi-styles/-/ansi-styles-4.3.0.tgz 1485ms (cache miss)
3801 http fetch GET 200 https://registry.npmjs.org/jackspeak/-/jackspeak-2.3.6.tgz 1517ms (cache miss)
3802 http fetch GET 200 https://registry.npmjs.org/array.prototype.findlastindex/-/array.prototype.findlastindex-1.2.6.tgz 1516ms (cache miss)
3803 http fetch GET 200 https://registry.npmjs.org/eslint-import-resolver-typescript/-/eslint-import-resolver-typescript-3.10.1.tgz 1515ms (cache miss)
3804 http fetch GET 200 https://registry.npmjs.org/ts-api-utils/-/ts-api-utils-1.4.3.tgz 1522ms (cache miss)
3805 http fetch GET 200 https://registry.npmjs.org/fast-glob/-/fast-glob-3.3.3.tgz 1542ms (cache miss)
3806 http fetch GET 200 https://registry.npmjs.org/supports-color/-/supports-color-7.2.0.tgz 1529ms (cache miss)
3807 http fetch GET 200 https://registry.npmjs.org/color-convert/-/color-convert-2.0.1.tgz 1530ms (cache miss)
3808 http fetch GET 200 https://registry.npmjs.org/fast-json-stable-stringify/-/fast-json-stable-stringify-2.1.0.tgz 1542ms (cache miss)
3809 http fetch GET 200 https://registry.npmjs.org/@nodelib/fs.stat/-/fs.stat-2.0.5.tgz 1550ms (cache miss)
3810 http fetch GET 200 https://registry.npmjs.org/fastq/-/fastq-1.20.1.tgz 1550ms (cache miss)
3811 http fetch GET 200 https://registry.npmjs.org/import-fresh/-/import-fresh-3.3.1.tgz 1557ms (cache miss)
3812 http fetch GET 200 https://registry.npmjs.org/object-inspect/-/object-inspect-1.13.4.tgz 1571ms (cache miss)
3813 http fetch GET 200 https://registry.npmjs.org/json-schema-traverse/-/json-schema-traverse-0.4.1.tgz 1559ms (cache miss)
3814 http fetch GET 200 https://registry.npmjs.org/run-parallel/-/run-parallel-1.2.0.tgz 1559ms (cache miss)
3815 http fetch GET 200 https://registry.npmjs.org/@rtsao/scc/-/scc-1.1.0.tgz 1567ms (cache miss)
3816 http fetch GET 200 https://registry.npmjs.org/text-table/-/text-table-0.2.0.tgz 1564ms (cache miss)
3817 http fetch GET 200 https://registry.npmjs.org/strip-ansi/-/strip-ansi-6.0.1.tgz 1587ms (cache miss)
3818 http fetch GET 200 https://registry.npmjs.org/natural-compare/-/natural-compare-1.4.0.tgz 1588ms (cache miss)
3819 http fetch GET 200 https://registry.npmjs.org/@humanwhocodes/object-schema/-/object-schema-2.0.3.tgz 1589ms (cache miss)
3820 http fetch GET 200 https://registry.npmjs.org/lodash.merge/-/lodash.merge-4.6.2.tgz 1596ms (cache miss)
3821 http fetch GET 200 https://registry.npmjs.org/levn/-/levn-0.4.1.tgz 1607ms (cache miss)
3822 http fetch GET 200 https://registry.npmjs.org/foreground-child/-/foreground-child-3.3.1.tgz 1628ms (cache miss)
3823 warn deprecated @humanwhocodes/object-schema@2.0.3: Use @eslint/object-schema instead
3824 http fetch GET 200 https://registry.npmjs.org/optionator/-/optionator-0.9.4.tgz 1619ms (cache miss)
3825 http fetch GET 200 https://registry.npmjs.org/@typescript-eslint/visitor-keys/-/visitor-keys-7.2.0.tgz 1636ms (cache miss)
3826 http fetch GET 200 https://registry.npmjs.org/minimatch/-/minimatch-3.1.5.tgz 1634ms (cache miss)
3827 http fetch GET 200 https://registry.npmjs.org/json-stable-stringify-without-jsonify/-/json-stable-stringify-without-jsonify-1.0.1.tgz 1635ms (cache miss)
3828 http fetch GET 200 https://registry.npmjs.org/@nodelib/fs.scandir/-/fs.scandir-2.1.5.tgz 1637ms (cache miss)
3829 http fetch GET 200 https://registry.npmjs.org/ignore/-/ignore-5.3.2.tgz 1638ms (cache miss)
3830 http fetch GET 200 https://registry.npmjs.org/strip-json-comments/-/strip-json-comments-3.1.1.tgz 1641ms (cache miss)
3831 http fetch GET 200 https://registry.npmjs.org/is-glob/-/is-glob-4.0.3.tgz 1639ms (cache miss)
3832 http fetch GET 200 https://registry.npmjs.org/is-path-inside/-/is-path-inside-3.0.3.tgz 1650ms (cache miss)
3833 http fetch GET 200 https://registry.npmjs.org/glob-parent/-/glob-parent-6.0.2.tgz 1654ms (cache miss)
3834 http fetch GET 200 https://registry.npmjs.org/imurmurhash/-/imurmurhash-0.1.4.tgz 1662ms (cache miss)
3835 http fetch GET 200 https://registry.npmjs.org/find-up/-/find-up-5.0.0.tgz 1665ms (cache miss)
3836 http fetch GET 200 https://registry.npmjs.org/eslint-visitor-keys/-/eslint-visitor-keys-3.4.3.tgz 1679ms (cache miss)
3837 http fetch GET 200 https://registry.npmjs.org/esutils/-/esutils-2.0.3.tgz 1692ms (cache miss)
3838 http fetch GET 200 https://registry.npmjs.org/globals/-/globals-13.24.0.tgz 1697ms (cache miss)
3839 http fetch GET 200 https://registry.npmjs.org/debug/-/debug-4.4.3.tgz 1711ms (cache miss)
3840 http fetch GET 200 https://registry.npmjs.org/file-entry-cache/-/file-entry-cache-6.0.1.tgz 1712ms (cache miss)
3841 http fetch GET 200 https://registry.npmjs.org/@nodelib/fs.walk/-/fs.walk-1.2.8.tgz 1720ms (cache miss)
3842 http fetch GET 200 https://registry.npmjs.org/doctrine/-/doctrine-3.0.0.tgz 1721ms (cache miss)
3843 http fetch GET 200 https://registry.npmjs.org/@humanwhocodes/module-importer/-/module-importer-1.0.1.tgz 1722ms (cache miss)
3844 http fetch GET 200 https://registry.npmjs.org/@typescript-eslint/parser/-/parser-7.2.0.tgz 1729ms (cache miss)
3845 http fetch GET 200 https://registry.npmjs.org/fast-deep-equal/-/fast-deep-equal-3.1.3.tgz 1726ms (cache miss)
3846 http fetch GET 200 https://registry.npmjs.org/@ungap/structured-clone/-/structured-clone-1.3.3.tgz 1727ms (cache miss)
3847 http fetch GET 200 https://registry.npmjs.org/espree/-/espree-9.6.1.tgz 1729ms (cache miss)
3848 http fetch GET 200 https://registry.npmjs.org/chalk/-/chalk-4.1.2.tgz 1731ms (cache miss)
3849 http fetch GET 200 https://registry.npmjs.org/escape-string-regexp/-/escape-string-regexp-4.0.0.tgz 1744ms (cache miss)
3850 http fetch GET 200 https://registry.npmjs.org/@humanwhocodes/config-array/-/config-array-0.11.14.tgz 1744ms (cache miss)
3851 warn deprecated @humanwhocodes/config-array@0.11.14: Use @eslint/config-array instead
3852 http fetch GET 200 https://registry.npmjs.org/shebang-command/-/shebang-command-2.0.0.tgz 1744ms (cache miss)
3853 http fetch GET 200 https://registry.npmjs.org/path-key/-/path-key-3.1.1.tgz 1745ms (cache miss)
3854 http fetch GET 200 https://registry.npmjs.org/ieee754/-/ieee754-1.2.1.tgz 1755ms (cache miss)
3855 http fetch GET 200 https://registry.npmjs.org/cross-spawn/-/cross-spawn-7.0.6.tgz 1759ms (cache miss)
3856 http fetch GET 200 https://registry.npmjs.org/node-releases/-/node-releases-2.0.53.tgz 1761ms (cache miss)
3857 http fetch GET 200 https://registry.npmjs.org/update-browserslist-db/-/update-browserslist-db-1.3.1.tgz 1765ms (cache miss)
3858 http fetch GET 200 https://registry.npmjs.org/@typescript-eslint/types/-/types-7.2.0.tgz 1779ms (cache miss)
3859 http fetch GET 200 https://registry.npmjs.org/eslint-scope/-/eslint-scope-7.2.2.tgz 1779ms (cache miss)
3860 http fetch GET 200 https://registry.npmjs.org/picocolors/-/picocolors-1.1.1.tgz 1775ms (cache miss)
3861 http fetch GET 200 https://registry.npmjs.org/postcss-value-parser/-/postcss-value-parser-4.2.0.tgz 1779ms (cache miss)
3862 http fetch GET 200 https://registry.npmjs.org/@eslint-community/regexpp/-/regexpp-4.12.2.tgz 1781ms (cache miss)
3863 http fetch GET 200 https://registry.npmjs.org/electron-to-chromium/-/electron-to-chromium-1.5.405.tgz 1797ms (cache miss)
3864 http fetch GET 200 https://registry.npmjs.org/@next/eslint-plugin-next/-/eslint-plugin-next-14.2.5.tgz 1813ms (cache miss)
3865 http fetch GET 200 https://registry.npmjs.org/which/-/which-2.0.2.tgz 1813ms (cache miss)
3866 http fetch GET 200 https://registry.npmjs.org/graphemer/-/graphemer-1.4.0.tgz 1823ms (cache miss)
3867 http fetch GET 200 https://registry.npmjs.org/baseline-browser-mapping/-/baseline-browser-mapping-2.11.13.tgz 1818ms (cache miss)
3868 http fetch GET 200 https://registry.npmjs.org/react-use-measure/-/react-use-measure-2.1.7.tgz 1823ms (cache miss)
3869 http fetch GET 200 https://registry.npmjs.org/buffer/-/buffer-6.0.3.tgz 1825ms (cache miss)
3870 http fetch GET 200 https://registry.npmjs.org/its-fine/-/its-fine-1.2.5.tgz 1825ms (cache miss)
3871 http fetch GET 200 https://registry.npmjs.org/base64-js/-/base64-js-1.5.1.tgz 1827ms (cache miss)
3872 http fetch GET 200 https://registry.npmjs.org/semver/-/semver-7.8.5.tgz 1842ms (cache miss)
3873 http fetch GET 200 https://registry.npmjs.org/@types/webxr/-/webxr-0.5.24.tgz 1832ms (cache miss)
3874 http fetch GET 200 https://registry.npmjs.org/fraction.js/-/fraction.js-5.3.4.tgz 1838ms (cache miss)
3875 http fetch GET 200 https://registry.npmjs.org/@types/react-reconciler/-/react-reconciler-0.26.7.tgz 1836ms (cache miss)
3876 http fetch GET 200 https://registry.npmjs.org/scheduler/-/scheduler-0.21.0.tgz 1843ms (cache miss)
3877 http fetch GET 200 https://registry.npmjs.org/esquery/-/esquery-1.7.0.tgz 1850ms (cache miss)
3878 http fetch GET 200 https://registry.npmjs.org/utility-types/-/utility-types-3.11.0.tgz 1853ms (cache miss)
3879 http fetch GET 200 https://registry.npmjs.org/tunnel-rat/-/tunnel-rat-0.1.2.tgz 1878ms (cache miss)
3880 http fetch GET 200 https://registry.npmjs.org/csstype/-/csstype-3.2.3.tgz 1888ms (cache miss)
3881 http fetch GET 200 https://registry.npmjs.org/react-reconciler/-/react-reconciler-0.27.0.tgz 1894ms (cache miss)
3882 http fetch GET 200 https://registry.npmjs.org/@eslint/eslintrc/-/eslintrc-2.1.4.tgz 1902ms (cache miss)
3883 http fetch GET 200 https://registry.npmjs.org/axe-core/-/axe-core-4.13.0.tgz 1927ms (cache miss)
3884 http fetch GET 200 https://registry.npmjs.org/stats.js/-/stats.js-0.17.0.tgz 1912ms (cache miss)
3885 http fetch GET 200 https://registry.npmjs.org/js-yaml/-/js-yaml-4.3.1.tgz 1936ms (cache miss)
3886 http fetch GET 200 https://registry.npmjs.org/promise-worker-transferable/-/promise-worker-transferable-1.0.4.tgz 1935ms (cache miss)
3887 http fetch GET 200 https://registry.npmjs.org/@react-spring/shared/-/shared-9.7.5.tgz 1944ms (cache miss)
3888 http fetch GET 200 https://registry.npmjs.org/@types/react/-/react-19.2.18.tgz 1945ms (cache miss)
3889 http fetch GET 200 https://registry.npmjs.org/suspend-react/-/suspend-react-0.1.3.tgz 1947ms (cache miss)
3890 http fetch GET 200 https://registry.npmjs.org/arraybuffer.prototype.slice/-/arraybuffer.prototype.slice-1.0.4.tgz 1987ms (cache miss)
3891 http fetch GET 200 https://registry.npmjs.org/tsconfig-paths/-/tsconfig-paths-3.15.0.tgz 1999ms (cache miss)
3892 http fetch GET 200 https://registry.npmjs.org/uri-js/-/uri-js-4.4.1.tgz 2002ms (cache miss)
3893 http fetch GET 200 https://registry.npmjs.org/stats-gl/-/stats-gl-2.4.2.tgz 2008ms (cache miss)
3894 http fetch GET 200 https://registry.npmjs.org/glob/-/glob-10.3.10.tgz 2023ms (cache miss)
3895 warn deprecated glob@10.3.10: Old versions of glob are not supported, and contain widely publicized security vulnerabilities, which have been fixed in the current version. Please update. Support for old versions may be purchased (at exorbitant rates) by contacting i@izs.me
3896 http fetch GET 200 https://registry.npmjs.org/zustand/-/zustand-5.0.14.tgz 2024ms (cache miss)
3897 http fetch GET 200 https://registry.npmjs.org/es-iterator-helpers/-/es-iterator-helpers-1.4.0.tgz 2065ms (cache miss)
3898 http fetch GET 200 https://registry.npmjs.org/jsx-ast-utils/-/jsx-ast-utils-3.3.5.tgz 2145ms (cache miss)
3899 http fetch GET 200 https://registry.npmjs.org/@react-spring/types/-/types-9.7.5.tgz 2156ms (cache miss)
3900 http fetch GET 200 https://registry.npmjs.org/@react-spring/animated/-/animated-9.7.5.tgz 2179ms (cache miss)
3901 http fetch GET 200 https://registry.npmjs.org/meshline/-/meshline-3.3.1.tgz 2186ms (cache miss)
3902 http fetch GET 200 https://registry.npmjs.org/ajv/-/ajv-6.15.0.tgz 2194ms (cache miss)
3903 http fetch GET 200 https://registry.npmjs.org/resolve/-/resolve-2.0.0-next.7.tgz 2214ms (cache miss)
3904 http fetch GET 200 https://registry.npmjs.org/cross-env/-/cross-env-7.0.3.tgz 2221ms (cache miss)
3905 http fetch GET 200 https://registry.npmjs.org/@typescript-eslint/typescript-estree/-/typescript-estree-7.2.0.tgz 2277ms (cache miss)
3906 http fetch GET 200 https://registry.npmjs.org/eslint-plugin-import/-/eslint-plugin-import-2.32.0.tgz 2277ms (cache miss)
3907 http fetch GET 200 https://registry.npmjs.org/@rushstack/eslint-patch/-/eslint-patch-1.16.1.tgz 2282ms (cache miss)
3908 http fetch GET 200 https://registry.npmjs.org/glsl-noise/-/glsl-noise-0.0.0.tgz 2278ms (cache miss)
3909 http fetch GET 200 https://registry.npmjs.org/axobject-query/-/axobject-query-4.1.0.tgz 2329ms (cache miss)
3910 http fetch GET 200 https://registry.npmjs.org/@use-gesture/core/-/core-10.3.1.tgz 2307ms (cache miss)
3911 http fetch GET 200 https://registry.npmjs.org/@eslint/js/-/js-8.57.0.tgz 2353ms (cache miss)
3912 http fetch GET 200 https://registry.npmjs.org/@react-spring/core/-/core-9.7.5.tgz 2370ms (cache miss)
3913 http fetch GET 200 https://registry.npmjs.org/@swc/helpers/-/helpers-0.5.5.tgz 2441ms (cache miss)
3914 http fetch GET 200 https://registry.npmjs.org/aria-query/-/aria-query-5.3.2.tgz 2454ms (cache miss)
3915 http fetch GET 200 https://registry.npmjs.org/eslint-plugin-jsx-a11y/-/eslint-plugin-jsx-a11y-6.10.2.tgz 2462ms (cache miss)
3916 http fetch GET 200 https://registry.npmjs.org/@eslint-community/eslint-utils/-/eslint-utils-4.10.1.tgz 2463ms (cache miss)
3917 http fetch GET 200 https://registry.npmjs.org/@react-spring/three/-/three-9.7.5.tgz 2472ms (cache miss)
3918 http fetch GET 200 https://registry.npmjs.org/troika-three-text/-/troika-three-text-0.52.5.tgz 2523ms (cache miss)
3919 http fetch GET 200 https://registry.npmjs.org/react/-/react-18.3.1.tgz 2540ms (cache miss)
3920 http fetch GET 200 https://registry.npmjs.org/browserslist/-/browserslist-4.28.8.tgz 2550ms (cache miss)
3921 http fetch GET 200 https://registry.npmjs.org/@use-gesture/react/-/react-10.3.1.tgz 2568ms (cache miss)
3922 http fetch GET 200 https://registry.npmjs.org/eslint-plugin-react/-/eslint-plugin-react-7.37.5.tgz 2650ms (cache miss)
3923 http fetch GET 200 https://registry.npmjs.org/@monogrid/gainmap-js/-/gainmap-js-3.4.0.tgz 2631ms (cache miss)
3924 http fetch GET 200 https://registry.npmjs.org/@types/three/-/three-0.185.4.tgz 2705ms (cache miss)
3925 http fetch GET 200 https://registry.npmjs.org/three-mesh-bvh/-/three-mesh-bvh-0.7.8.tgz 2729ms (cache miss)
3926 warn deprecated three-mesh-bvh@0.7.8: Deprecated due to three.js version incompatibility. Please use v0.8.0, instead.
3927 http fetch GET 200 https://registry.npmjs.org/react-composer/-/react-composer-5.0.3.tgz 2798ms (cache miss)
3928 http fetch GET 200 https://registry.npmjs.org/maath/-/maath-0.10.8.tgz 2801ms (cache miss)
3929 http fetch GET 200 https://registry.npmjs.org/eslint-config-next/-/eslint-config-next-14.2.5.tgz 2823ms (cache miss)
3930 http fetch GET 200 https://registry.npmjs.org/@babel/runtime/-/runtime-7.29.7.tgz 2865ms (cache miss)
3931 http fetch GET 200 https://registry.npmjs.org/@typescript-eslint/scope-manager/-/scope-manager-7.2.0.tgz 2925ms (cache miss)
3932 http fetch GET 200 https://registry.npmjs.org/webgl-constants/-/webgl-constants-1.1.1.tgz 2963ms (cache miss)
3933 http fetch GET 200 https://registry.npmjs.org/autoprefixer/-/autoprefixer-10.5.4.tgz 3017ms (cache miss)
3934 http fetch GET 200 https://registry.npmjs.org/caniuse-lite/-/caniuse-lite-1.0.30001809.tgz 3144ms (cache miss)
3935 http fetch GET 200 https://registry.npmjs.org/detect-gpu/-/detect-gpu-5.0.70.tgz 3195ms (cache miss)
3936 http fetch GET 200 https://registry.npmjs.org/@react-spring/rafz/-/rafz-9.7.5.tgz 3233ms (cache miss)
3937 http fetch GET 200 https://registry.npmjs.org/resolve/-/resolve-1.22.12.tgz 3251ms (cache miss)
3938 http fetch GET 200 https://registry.npmjs.org/postcss/-/postcss-8.5.26.tgz 3385ms (cache miss)
3939 http fetch GET 200 https://registry.npmjs.org/three-stdlib/-/three-stdlib-2.36.1.tgz 3467ms (cache miss)
3940 http fetch GET 200 https://registry.npmjs.org/emoji-regex/-/emoji-regex-8.0.0.tgz 3477ms (cache miss)
3941 http fetch GET 200 https://registry.npmjs.org/string-width/-/string-width-4.2.3.tgz 3529ms (cache miss)
3942 http fetch GET 200 https://registry.npmjs.org/es-abstract/-/es-abstract-1.24.2.tgz 3571ms (cache miss)
3943 http fetch GET 200 https://registry.npmjs.org/glob-parent/-/glob-parent-5.1.2.tgz 3566ms (cache miss)
3944 http fetch GET 200 https://registry.npmjs.org/eslint/-/eslint-8.57.0.tgz 3572ms (cache miss)
3945 warn deprecated eslint@8.57.0: This version is no longer supported. Please see https://eslint.org/version-support for other options.
3946 http fetch GET 200 https://registry.npmjs.org/strip-ansi/-/strip-ansi-7.2.0.tgz 3626ms (cache miss)
3947 http fetch GET 200 https://registry.npmjs.org/emoji-regex/-/emoji-regex-8.0.0.tgz 3636ms (cache miss)
3948 http fetch GET 200 https://registry.npmjs.org/ansi-styles/-/ansi-styles-6.2.3.tgz 3690ms (cache miss)
3949 http fetch GET 200 https://registry.npmjs.org/ansi-regex/-/ansi-regex-6.2.2.tgz 3691ms (cache miss)
3950 http fetch GET 200 https://registry.npmjs.org/semver/-/semver-6.3.1.tgz 3742ms (cache miss)
3951 http fetch GET 200 https://registry.npmjs.org/ansi-regex/-/ansi-regex-6.2.2.tgz 3747ms (cache miss)
3952 http fetch GET 200 https://registry.npmjs.org/strip-ansi/-/strip-ansi-7.2.0.tgz 3746ms (cache miss)
3953 http fetch GET 200 https://registry.npmjs.org/glob-parent/-/glob-parent-5.1.2.tgz 3780ms (cache miss)
3954 http fetch GET 200 https://registry.npmjs.org/strip-ansi/-/strip-ansi-7.2.0.tgz 3809ms (cache miss)
3955 http fetch GET 200 https://registry.npmjs.org/glob/-/glob-7.2.3.tgz 3841ms (cache miss)
3956 warn deprecated glob@7.2.3: Old versions of glob are not supported, and contain widely publicized security vulnerabilities, which have been fixed in the current version. Please update. Support for old versions may be purchased (at exorbitant rates) by contacting i@izs.me
3957 http fetch GET 200 https://registry.npmjs.org/brace-expansion/-/brace-expansion-2.1.4.tgz 3879ms (cache miss)
3958 http fetch GET 200 https://registry.npmjs.org/debug/-/debug-3.2.7.tgz 3963ms (cache miss)
3959 http fetch GET 200 https://registry.npmjs.org/react-dom/-/react-dom-18.3.1.tgz 4003ms (cache miss)
3960 http fetch GET 200 https://registry.npmjs.org/minimatch/-/minimatch-9.0.3.tgz 4014ms (cache miss)
3961 http fetch GET 200 https://registry.npmjs.org/@react-three/fiber/-/fiber-8.18.0.tgz 4021ms (cache miss)
3962 http fetch GET 200 https://registry.npmjs.org/ansi-regex/-/ansi-regex-6.2.2.tgz 4028ms (cache miss)
3963 http fetch GET 200 https://registry.npmjs.org/doctrine/-/doctrine-2.1.0.tgz 4056ms (cache miss)
3964 http fetch GET 200 https://registry.npmjs.org/semver/-/semver-6.3.1.tgz 4076ms (cache miss)
3965 http fetch GET 200 https://registry.npmjs.org/semver/-/semver-6.3.1.tgz 4095ms (cache miss)
3966 http fetch GET 200 https://registry.npmjs.org/debug/-/debug-3.2.7.tgz 4096ms (cache miss)
3967 http fetch GET 200 https://registry.npmjs.org/fflate/-/fflate-0.6.11.tgz 4114ms (cache miss)
3968 http fetch GET 200 https://registry.npmjs.org/@mediapipe/tasks-vision/-/tasks-vision-0.10.17.tgz 4136ms (cache miss)
3969 http fetch GET 200 https://registry.npmjs.org/gsap/-/gsap-3.15.0.tgz 4137ms (cache miss)
3970 http fetch GET 200 https://registry.npmjs.org/camera-controls/-/camera-controls-2.10.1.tgz 4150ms (cache miss)
3971 http fetch GET 200 https://registry.npmjs.org/scheduler/-/scheduler-0.23.2.tgz 4165ms (cache miss)
3972 http fetch GET 200 https://registry.npmjs.org/debug/-/debug-3.2.7.tgz 4175ms (cache miss)
3973 http fetch GET 200 https://registry.npmjs.org/picomatch/-/picomatch-4.0.5.tgz 4191ms (cache miss)
3974 http fetch GET 200 https://registry.npmjs.org/brace-expansion/-/brace-expansion-2.1.4.tgz 4203ms (cache miss)
3975 http fetch GET 200 https://registry.npmjs.org/minimatch/-/minimatch-9.0.9.tgz 4210ms (cache miss)
3976 http fetch GET 200 https://registry.npmjs.org/doctrine/-/doctrine-2.1.0.tgz 4211ms (cache miss)
3977 http fetch GET 200 https://registry.npmjs.org/@types/react-reconciler/-/react-reconciler-0.28.9.tgz 4205ms (cache miss)
3978 http fetch GET 200 https://registry.npmjs.org/resolve/-/resolve-1.22.12.tgz 4218ms (cache miss)
3979 http fetch GET 200 https://registry.npmjs.org/zustand/-/zustand-3.7.2.tgz 4233ms (cache miss)
3980 http fetch GET 200 https://registry.npmjs.org/zustand/-/zustand-4.5.7.tgz 4278ms (cache miss)
3981 http fetch GET 200 https://registry.npmjs.org/glob 4118ms (cache miss)
3982 silly packumentCache corgi:https://registry.npmjs.org/glob set size:undefined disposed:false
3983 http fetch GET 200 https://registry.npmjs.org/minimatch 4129ms (cache miss)
3984 silly packumentCache corgi:https://registry.npmjs.org/minimatch set size:undefined disposed:false
3985 http fetch GET 200 https://registry.npmjs.org/tailwindcss/-/tailwindcss-3.4.19.tgz 4312ms (cache miss)
3986 http fetch GET 200 https://registry.npmjs.org/postcss 4404ms (cache miss)
3987 silly packumentCache corgi:https://registry.npmjs.org/postcss set size:undefined disposed:false
3988 http fetch GET 200 https://registry.npmjs.org/postcss/-/postcss-8.4.31.tgz 4659ms (cache miss)
3989 http fetch GET 200 https://registry.npmjs.org/next 4630ms (cache miss)
3990 silly packumentCache corgi:https://registry.npmjs.org/next set size:undefined disposed:false
3991 silly packumentCache corgi:https://registry.npmjs.org/@typescript-eslint%2ftypescript-estree cache-miss
3992 http fetch GET 200 https://registry.npmjs.org/lucide-react/-/lucide-react-0.484.0.tgz 6907ms (cache miss)
3993 http fetch GET 200 https://registry.npmjs.org/@react-three/drei/-/drei-9.122.0.tgz 6958ms (cache miss)
3994 http fetch GET 200 https://registry.npmjs.org/@typescript-eslint%2ftypescript-estree 790ms (cache miss)
3995 silly packumentCache corgi:https://registry.npmjs.org/@typescript-eslint%2ftypescript-estree set size:undefined disposed:false
3996 silly packumentCache corgi:https://registry.npmjs.org/@next%2feslint-plugin-next cache-miss
3997 http fetch GET 200 https://registry.npmjs.org/@next%2feslint-plugin-next 658ms (cache miss)
3998 silly packumentCache corgi:https://registry.npmjs.org/@next%2feslint-plugin-next set size:undefined disposed:false
3999 silly packumentCache corgi:https://registry.npmjs.org/@typescript-eslint%2fparser cache-miss
4000 http fetch GET 200 https://registry.npmjs.org/three/-/three-0.170.0.tgz 10467ms (cache miss)
4001 http fetch GET 200 https://registry.npmjs.org/three/-/three-0.163.0.tgz 11015ms (cache miss)
4002 http fetch GET 200 https://registry.npmjs.org/next/-/next-14.2.5.tgz 12334ms (cache miss)
4003 warn deprecated next@14.2.5: This version has a security vulnerability. Please upgrade to a patched version. See https://nextjs.org/blog/security-update-2025-12-11 for more details.
4004 http fetch GET 200 https://registry.npmjs.org/@typescript-eslint%2fparser 4436ms (cache miss)
4005 silly packumentCache corgi:https://registry.npmjs.org/@typescript-eslint%2fparser set size:undefined disposed:false
4006 silly packumentCache corgi:https://registry.npmjs.org/eslint-config-next cache-miss
4007 http fetch GET 200 https://registry.npmjs.org/@next/swc-darwin-arm64/-/swc-darwin-arm64-14.2.5.tgz 31843ms (cache miss)
4008 http fetch GET 200 https://registry.npmjs.org/hls.js/-/hls.js-1.6.18.tgz 32011ms (cache miss)
4009 info run fsevents@2.3.3 install node_modules/fsevents node-gyp rebuild
4010 http fetch GET 200 https://registry.npmjs.org/eslint-config-next 543ms (cache miss)
4011 silly packumentCache corgi:https://registry.npmjs.org/eslint-config-next set size:undefined disposed:false
4012 info run fsevents@2.3.3 install { code: 1, signal: null }
4013 verbose reify failed optional dependency /Users/nitinmaurya/Documents/protfolio/node_modules/fsevents
4014 silly reify mark deleted [ '/Users/nitinmaurya/Documents/protfolio/node_modules/fsevents' ]
4015 info run unrs-resolver@1.12.2 postinstall node_modules/unrs-resolver node postinstall.js
4016 info run unrs-resolver@1.12.2 postinstall { code: 0, signal: null }
4017 silly ADD node_modules/use-sync-external-store
4018 silly ADD node_modules/wrappy
4019 silly ADD node_modules/path-is-absolute
4020 silly ADD node_modules/once
4021 silly ADD node_modules/inherits
4022 silly ADD node_modules/inflight
4023 silly ADD node_modules/fs.realpath
4024 silly ADD node_modules/is-weakset
4025 silly ADD node_modules/is-weakmap
4026 silly ADD node_modules/is-map
4027 silly ADD node_modules/generator-function
4028 silly ADD node_modules/async-function
4029 silly ADD node_modules/which-collection
4030 silly ADD node_modules/is-generator-function
4031 silly ADD node_modules/is-finalizationregistry
4032 silly ADD node_modules/is-async-function
4033 silly ADD node_modules/is-number-object
4034 silly ADD node_modules/is-boolean-object
4035 silly ADD node_modules/is-bigint
4036 silly ADD node_modules/isexe
4037 silly ADD node_modules/punycode
4038 silly ADD node_modules/escalade
4039 silly ADD node_modules/napi-postinstall
4040 silly ADD node_modules/@unrs/resolver-binding-darwin-arm64
4041 silly ADD node_modules/which-boxed-primitive
4042 silly ADD node_modules/has-bigints
4043 silly ADD node_modules/which-builtin-type
4044 silly ADD node_modules/reflect.getprototypeof
4045 silly ADD node_modules/for-each
4046 silly ADD node_modules/strip-bom
4047 silly ADD node_modules/minimist
4048 silly ADD node_modules/json5
4049 silly ADD node_modules/@types/json5
4050 silly ADD node_modules/require-from-string
4051 silly ADD node_modules/webgl-sdf-generator
4052 silly ADD node_modules/troika-worker-utils
4053 silly ADD node_modules/troika-three-utils
4054 silly ADD node_modules/bidi-js
4055 silly ADD node_modules/is-number
4056 silly ADD node_modules/fdir
4057 silly ADD node_modules/potpack
4058 silly ADD node_modules/draco3d
4059 silly ADD node_modules/@types/offscreencanvas
4060 silly ADD node_modules/@types/draco3d
4061 silly ADD node_modules/thenify
4062 silly ADD node_modules/thenify-all
4063 silly ADD node_modules/any-promise
4064 silly ADD node_modules/@jridgewell/resolve-uri
4065 silly ADD node_modules/@jridgewell/trace-mapping
4066 silly ADD node_modules/@jridgewell/sourcemap-codec
4067 silly ADD node_modules/ts-interface-checker
4068 silly ADD node_modules/pirates
4069 silly ADD node_modules/mz
4070 silly ADD node_modules/lines-and-columns
4071 silly ADD node_modules/commander
4072 silly ADD node_modules/@jridgewell/gen-mapping
4073 silly ADD node_modules/pify
4074 silly ADD node_modules/util-deprecate
4075 silly ADD node_modules/cssesc
4076 silly ADD node_modules/camelcase-css
4077 silly ADD node_modules/read-cache
4078 silly ADD node_modules/binary-extensions
4079 silly ADD node_modules/readdirp
4080 silly ADD node_modules/is-binary-path
4081 silly ADD
4082 silly ADD node_modules/anymatch
4083 silly ADD node_modules/sucrase
4084 silly ADD node_modules/postcss-selector-parser
4085 silly ADD node_modules/postcss-nested
4086 silly ADD node_modules/postcss-load-config
4087 silly ADD node_modules/postcss-js
4088 silly ADD node_modules/postcss-import
4089 silly ADD node_modules/postcss-import/node_modules/resolve
4090 silly ADD node_modules/object-hash
4091 silly ADD node_modules/normalize-path
4092 silly ADD node_modules/lilconfig
4093 silly ADD node_modules/jiti
4094 silly ADD node_modules/dlv
4095 silly ADD node_modules/didyoumean
4096 silly ADD node_modules/chokidar
4097 silly ADD node_modules/chokidar/node_modules/glob-parent
4098 silly ADD node_modules/arg
4099 silly ADD node_modules/@alloc/quick-lru
4100 silly ADD node_modules/has-flag
4101 silly ADD node_modules/client-only
4102 silly ADD node_modules/ansi-regex
4103 silly ADD node_modules/is-fullwidth-code-point
4104 silly ADD node_modules/eastasianwidth
4105 silly ADD node_modules/meshoptimizer
4106 silly ADD node_modules/fflate
4107 silly ADD node_modules/@types/stats.js
4108 silly ADD node_modules/@tweenjs/tween.js
4109 silly ADD node_modules/@dimforge/rapier3d-compat
4110 silly ADD node_modules/@types/three
4111 silly ADD node_modules/side-channel-weakmap
4112 silly ADD node_modules/side-channel-map
4113 silly ADD node_modules/side-channel-list
4114 silly ADD node_modules/shebang-regex
4115 silly ADD node_modules/isarray
4116 silly ADD node_modules/queue-microtask
4117 silly ADD node_modules/supports-preserve-symlinks-flag
4118 silly ADD node_modules/path-parse
4119 silly ADD node_modules/node-exports-info
4120 silly ADD node_modules/node-exports-info/node_modules/semver
4121 silly ADD node_modules/js-tokens
4122 silly ADD node_modules/react-is
4123 silly ADD node_modules/object-assign
4124 silly ADD node_modules/loose-envify
4125 silly ADD node_modules/immediate
4126 silly ADD node_modules/lie
4127 silly ADD node_modules/is-promise
4128 silly ADD node_modules/source-map-js
4129 silly ADD node_modules/nanoid
4130 silly ADD node_modules/lru-cache
4131 silly ADD node_modules/callsites
4132 silly ADD node_modules/yocto-queue
4133 silly ADD node_modules/p-limit
4134 silly ADD node_modules/word-wrap
4135 silly ADD node_modules/fast-levenshtein
4136 silly ADD node_modules/deep-is
4137 silly ADD node_modules/streamsearch
4138 silly ADD node_modules/tslib
4139 silly ADD node_modules/@swc/counter
4140 silly ADD node_modules/styled-jsx
4141 silly ADD node_modules/graceful-fs
4142 silly ADD node_modules/busboy
4143 silly ADD node_modules/@swc/helpers
4144 silly ADD node_modules/@next/swc-darwin-arm64
4145 silly ADD node_modules/@next/env
4146 silly ADD node_modules/concat-map
4147 silly ADD node_modules/balanced-match
4148 silly ADD node_modules/brace-expansion
4149 silly ADD node_modules/to-regex-range
4150 silly ADD node_modules/fill-range
4151 silly ADD node_modules/picomatch
4152 silly ADD node_modules/braces
4153 silly ADD node_modules/p-locate
4154 silly ADD node_modules/type-check
4155 silly ADD node_modules/prelude-ls
4156 silly ADD node_modules/language-subtag-registry
4157 silly ADD node_modules/json-buffer
4158 silly ADD node_modules/argparse
4159 silly ADD node_modules/wrap-ansi-cjs
4160 silly ADD node_modules/wrap-ansi-cjs/node_modules/emoji-regex
4161 silly ADD node_modules/wrap-ansi-cjs/node_modules/string-width
4162 silly ADD node_modules/wrap-ansi
4163 silly ADD node_modules/wrap-ansi/node_modules/ansi-regex
4164 silly ADD node_modules/wrap-ansi/node_modules/strip-ansi
4165 silly ADD node_modules/wrap-ansi/node_modules/ansi-styles
4166 silly ADD node_modules/strip-ansi-cjs
4167 silly ADD node_modules/string-width-cjs
4168 silly ADD node_modules/string-width-cjs/node_modules/emoji-regex
4169 silly ADD node_modules/string-width
4170 silly ADD node_modules/string-width/node_modules/ansi-regex
4171 silly ADD node_modules/string-width/node_modules/strip-ansi
4172 silly ADD node_modules/@pkgjs/parseargs
4173 silly ADD node_modules/@isaacs/cliui
4174 silly ADD node_modules/@isaacs/cliui/node_modules/ansi-regex
4175 silly ADD node_modules/@isaacs/cliui/node_modules/strip-ansi
4176 silly ADD node_modules/set-function-name
4177 silly ADD node_modules/is-extglob
4178 silly ADD node_modules/side-channel
4179 silly ADD node_modules/resolve-from
4180 silly ADD node_modules/parent-module
4181 silly ADD node_modules/micromatch
4182 silly ADD node_modules/path-type
4183 silly ADD node_modules/slash
4184 silly ADD node_modules/merge2
4185 silly ADD node_modules/fast-glob
4186 silly ADD node_modules/fast-glob/node_modules/glob-parent
4187 silly ADD node_modules/dir-glob
4188 silly ADD node_modules/array-union
4189 silly ADD node_modules/type-fest
4190 silly ADD node_modules/signal-exit
4191 silly ADD node_modules/path-scurry
4192 silly ADD node_modules/minipass
4193 silly ADD node_modules/jackspeak
4194 silly ADD node_modules/foreground-child
4195 silly ADD node_modules/resolve-pkg-maps
4196 silly ADD node_modules/dunder-proto
4197 silly ADD node_modules/is-document.all
4198 silly ADD node_modules/functions-have-names
4199 silly ADD node_modules/rimraf
4200 silly ADD node_modules/rimraf/node_modules/glob
4201 silly ADD node_modules/keyv
4202 silly ADD node_modules/flatted
4203 silly ADD node_modules/path-exists
4204 silly ADD node_modules/locate-path
4205 silly ADD node_modules/flat-cache
4206 silly ADD node_modules/reusify
4207 silly ADD node_modules/acorn-jsx
4208 silly ADD node_modules/acorn
4209 silly ADD node_modules/esrecurse
4210 silly ADD node_modules/iterator.prototype
4211 silly ADD node_modules/string.prototype.repeat
4212 silly ADD node_modules/string.prototype.matchall
4213 silly ADD node_modules/prop-types
4214 silly ADD node_modules/object.entries
4215 silly ADD node_modules/estraverse
4216 silly ADD node_modules/es-iterator-helpers
4217 silly ADD node_modules/array.prototype.tosorted
4218 silly ADD node_modules/array.prototype.findlast
4219 silly ADD node_modules/string.prototype.includes
4220 silly ADD node_modules/language-tags
4221 silly ADD node_modules/jsx-ast-utils
4222 silly ADD node_modules/emoji-regex
4223 silly ADD node_modules/damerau-levenshtein
4224 silly ADD node_modules/axobject-query
4225 silly ADD node_modules/axe-core
4226 silly ADD node_modules/ast-types-flow
4227 silly ADD node_modules/aria-query
4228 silly ADD node_modules/is-symbol
4229 silly ADD node_modules/is-date-object
4230 silly ADD node_modules/es-abstract-get
4231 silly ADD node_modules/has-tostringtag
4232 silly ADD node_modules/possible-typed-array-names
4233 silly ADD node_modules/which-typed-array
4234 silly ADD node_modules/unbox-primitive
4235 silly ADD node_modules/typed-array-length
4236 silly ADD node_modules/typed-array-byte-offset
4237 silly ADD node_modules/typed-array-byte-length
4238 silly ADD node_modules/typed-array-buffer
4239 silly ADD node_modules/string.prototype.trimstart
4240 silly ADD node_modules/string.prototype.trim
4241 silly ADD node_modules/stop-iteration-iterator
4242 silly ADD node_modules/set-proto
4243 silly ADD node_modules/safe-regex-test
4244 silly ADD node_modules/safe-push-apply
4245 silly ADD node_modules/safe-array-concat
4246 silly ADD node_modules/regexp.prototype.flags
4247 silly ADD node_modules/own-keys
4248 silly ADD node_modules/object.assign
4249 silly ADD node_modules/object-inspect
4250 silly ADD node_modules/is-weakref
4251 silly ADD node_modules/is-typed-array
4252 silly ADD node_modules/is-shared-array-buffer
4253 silly ADD node_modules/is-set
4254 silly ADD node_modules/is-regex
4255 silly ADD node_modules/is-negative-zero
4256 silly ADD node_modules/is-data-view
4257 silly ADD node_modules/is-callable
4258 silly ADD node_modules/is-array-buffer
4259 silly ADD node_modules/internal-slot
4260 silly ADD node_modules/has-symbols
4261 silly ADD node_modules/has-proto
4262 silly ADD node_modules/globalthis
4263 silly ADD node_modules/get-symbol-description
4264 silly ADD node_modules/get-proto
4265 silly ADD node_modules/function.prototype.name
4266 silly ADD node_modules/es-to-primitive
4267 silly ADD node_modules/es-set-tostringtag
4268 silly ADD node_modules/data-view-byte-offset
4269 silly ADD node_modules/data-view-byte-length
4270 silly ADD node_modules/data-view-buffer
4271 silly ADD node_modules/available-typed-arrays
4272 silly ADD node_modules/arraybuffer.prototype.slice
4273 silly ADD node_modules/array-buffer-byte-length
4274 silly ADD node_modules/gopd
4275 silly ADD node_modules/object-keys
4276 silly ADD node_modules/has-property-descriptors
4277 silly ADD node_modules/define-data-property
4278 silly ADD node_modules/function-bind
4279 silly ADD node_modules/set-function-length
4280 silly ADD node_modules/es-define-property
4281 silly ADD node_modules/call-bind-apply-helpers
4282 silly ADD node_modules/es-shim-unscopables
4283 silly ADD node_modules/es-errors
4284 silly ADD node_modules/math-intrinsics
4285 silly ADD node_modules/is-string
4286 silly ADD node_modules/get-intrinsic
4287 silly ADD node_modules/es-object-atoms
4288 silly ADD node_modules/es-abstract
4289 silly ADD node_modules/define-properties
4290 silly ADD node_modules/call-bound
4291 silly ADD node_modules/call-bind
4292 silly ADD node_modules/tsconfig-paths
4293 silly ADD node_modules/string.prototype.trimend
4294 silly ADD node_modules/object.values
4295 silly ADD node_modules/object.groupby
4296 silly ADD node_modules/object.fromentries
4297 silly ADD node_modules/hasown
4298 silly ADD node_modules/eslint-module-utils
4299 silly ADD node_modules/eslint-module-utils/node_modules/debug
4300 silly ADD node_modules/array.prototype.flatmap
4301 silly ADD node_modules/array.prototype.flat
4302 silly ADD node_modules/array.prototype.findlastindex
4303 silly ADD node_modules/array-includes
4304 silly ADD node_modules/@rtsao/scc
4305 silly ADD node_modules/unrs-resolver
4306 silly ADD node_modules/tinyglobby
4307 silly ADD node_modules/tinyglobby/node_modules/picomatch
4308 silly ADD node_modules/stable-hash
4309 silly ADD node_modules/is-bun-module
4310 silly ADD node_modules/get-tsconfig
4311 silly ADD node_modules/@nolyfill/is-core-module
4312 silly ADD node_modules/resolve
4313 silly ADD node_modules/is-core-module
4314 silly ADD node_modules/ts-api-utils
4315 silly ADD node_modules/semver
4316 silly ADD node_modules/globby
4317 silly ADD node_modules/@typescript-eslint/visitor-keys
4318 silly ADD node_modules/@typescript-eslint/typescript-estree
4319 silly ADD node_modules/@typescript-eslint/typescript-estree/node_modules/brace-expansion
4320 silly ADD node_modules/@typescript-eslint/typescript-estree/node_modules/minimatch
4321 silly ADD node_modules/@typescript-eslint/types
4322 silly ADD node_modules/@typescript-eslint/scope-manager
4323 silly ADD node_modules/glob
4324 silly ADD node_modules/glob/node_modules/brace-expansion
4325 silly ADD node_modules/glob/node_modules/minimatch
4326 silly ADD node_modules/eslint-plugin-react-hooks
4327 silly ADD node_modules/eslint-plugin-react
4328 silly ADD node_modules/eslint-plugin-react/node_modules/semver
4329 silly ADD node_modules/eslint-plugin-react/node_modules/doctrine
4330 silly ADD node_modules/eslint-plugin-jsx-a11y
4331 silly ADD node_modules/eslint-plugin-import
4332 silly ADD node_modules/eslint-plugin-import/node_modules/semver
4333 silly ADD node_modules/eslint-plugin-import/node_modules/doctrine
4334 silly ADD node_modules/eslint-plugin-import/node_modules/debug
4335 silly ADD node_modules/eslint-import-resolver-typescript
4336 silly ADD node_modules/eslint-import-resolver-node
4337 silly ADD node_modules/eslint-import-resolver-node/node_modules/debug
4338 silly ADD node_modules/@typescript-eslint/parser
4339 silly ADD node_modules/@rushstack/eslint-patch
4340 silly ADD node_modules/@next/eslint-plugin-next
4341 silly ADD node_modules/ms
4342 silly ADD node_modules/color-name
4343 silly ADD node_modules/color-convert
4344 silly ADD node_modules/supports-color
4345 silly ADD node_modules/ansi-styles
4346 silly ADD node_modules/uri-js
4347 silly ADD node_modules/json-schema-traverse
4348 silly ADD node_modules/fast-json-stable-stringify
4349 silly ADD node_modules/run-parallel
4350 silly ADD node_modules/@nodelib/fs.stat
4351 silly ADD node_modules/fastq
4352 silly ADD node_modules/@nodelib/fs.scandir
4353 silly ADD node_modules/@humanwhocodes/object-schema
4354 silly ADD node_modules/strip-json-comments
4355 silly ADD node_modules/import-fresh
4356 silly ADD node_modules/text-table
4357 silly ADD node_modules/strip-ansi
4358 silly ADD node_modules/optionator
4359 silly ADD node_modules/natural-compare
4360 silly ADD node_modules/minimatch
4361 silly ADD node_modules/lodash.merge
4362 silly ADD node_modules/levn
4363 silly ADD node_modules/json-stable-stringify-without-jsonify
4364 silly ADD node_modules/js-yaml
4365 silly ADD node_modules/is-path-inside
4366 silly ADD node_modules/is-glob
4367 silly ADD node_modules/imurmurhash
4368 silly ADD node_modules/ignore
4369 silly ADD node_modules/graphemer
4370 silly ADD node_modules/globals
4371 silly ADD node_modules/glob-parent
4372 silly ADD node_modules/find-up
4373 silly ADD node_modules/file-entry-cache
4374 silly ADD node_modules/fast-deep-equal
4375 silly ADD node_modules/esutils
4376 silly ADD node_modules/esquery
4377 silly ADD node_modules/espree
4378 silly ADD node_modules/eslint-visitor-keys
4379 silly ADD node_modules/eslint-scope
4380 silly ADD node_modules/escape-string-regexp
4381 silly ADD node_modules/doctrine
4382 silly ADD node_modules/debug
4383 silly ADD node_modules/chalk
4384 silly ADD node_modules/ajv
4385 silly ADD node_modules/@ungap/structured-clone
4386 silly ADD node_modules/@nodelib/fs.walk
4387 silly ADD node_modules/@humanwhocodes/module-importer
4388 silly ADD node_modules/@humanwhocodes/config-array
4389 silly ADD node_modules/@eslint/js
4390 silly ADD node_modules/@eslint/eslintrc
4391 silly ADD node_modules/@eslint-community/regexpp
4392 silly ADD node_modules/@eslint-community/eslint-utils
4393 silly ADD node_modules/webgl-constants
4394 silly ADD node_modules/which
4395 silly ADD node_modules/shebang-command
4396 silly ADD node_modules/path-key
4397 silly ADD node_modules/cross-spawn
4398 silly ADD node_modules/ieee754
4399 silly ADD node_modules/update-browserslist-db
4400 silly ADD node_modules/node-releases
4401 silly ADD node_modules/electron-to-chromium
4402 silly ADD node_modules/baseline-browser-mapping
4403 silly ADD node_modules/postcss-value-parser
4404 silly ADD node_modules/picocolors
4405 silly ADD node_modules/fraction.js
4406 silly ADD node_modules/caniuse-lite
4407 silly ADD node_modules/browserslist
4408 silly ADD node_modules/@use-gesture/core
4409 silly ADD node_modules/csstype
4410 silly ADD node_modules/@types/react
4411 silly ADD node_modules/scheduler
4412 silly ADD node_modules/react-use-measure
4413 silly ADD node_modules/react-reconciler
4414 silly ADD node_modules/its-fine
4415 silly ADD node_modules/its-fine/node_modules/@types/react-reconciler
4416 silly ADD node_modules/buffer
4417 silly ADD node_modules/base64-js
4418 silly ADD node_modules/@types/webxr
4419 silly ADD node_modules/@types/react-reconciler
4420 silly ADD node_modules/@react-spring/rafz
4421 silly ADD node_modules/@react-spring/types
4422 silly ADD node_modules/@react-spring/shared
4423 silly ADD node_modules/@react-spring/core
4424 silly ADD node_modules/@react-spring/animated
4425 silly ADD node_modules/promise-worker-transferable
4426 silly ADD node_modules/zustand
4427 silly ADD node_modules/utility-types
4428 silly ADD node_modules/tunnel-rat
4429 silly ADD node_modules/tunnel-rat/node_modules/zustand
4430 silly ADD node_modules/troika-three-text
4431 silly ADD node_modules/three-stdlib
4432 silly ADD node_modules/three-stdlib/node_modules/fflate
4433 silly ADD node_modules/three-mesh-bvh
4434 silly ADD node_modules/suspend-react
4435 silly ADD node_modules/stats.js
4436 silly ADD node_modules/stats-gl
4437 silly ADD node_modules/stats-gl/node_modules/three
4438 silly ADD node_modules/react-composer
4439 silly ADD node_modules/meshline
4440 silly ADD node_modules/maath
4441 silly ADD node_modules/hls.js
4442 silly ADD node_modules/glsl-noise
4443 silly ADD node_modules/detect-gpu
4444 silly ADD node_modules/cross-env
4445 silly ADD node_modules/camera-controls
4446 silly ADD node_modules/@use-gesture/react
4447 silly ADD node_modules/@react-spring/three
4448 silly ADD node_modules/@monogrid/gainmap-js
4449 silly ADD node_modules/@mediapipe/tasks-vision
4450 silly ADD node_modules/@babel/runtime
4451 silly ADD node_modules/three
4452 silly ADD node_modules/tailwindcss
4453 silly ADD node_modules/tailwindcss/node_modules/resolve
4454 silly ADD node_modules/react-dom
4455 silly ADD node_modules/react-dom/node_modules/scheduler
4456 silly ADD node_modules/react
4457 silly ADD node_modules/postcss
4458 silly ADD node_modules/next
4459 silly ADD node_modules/next/node_modules/postcss
4460 silly ADD node_modules/lucide-react
4461 silly ADD node_modules/gsap
4462 silly ADD node_modules/eslint-config-next
4463 silly ADD node_modules/eslint
4464 silly ADD node_modules/autoprefixer
4465 silly ADD node_modules/@react-three/fiber
4466 silly ADD node_modules/@react-three/fiber/node_modules/zustand
4467 silly ADD node_modules/@react-three/drei
4468 warn allow-scripts 1 package has install scripts not yet covered by allowScripts:
4468 warn allow-scripts   unrs-resolver@1.12.2 (postinstall: node postinstall.js)
4468 warn allow-scripts
4468 warn allow-scripts Run `npm approve-scripts --allow-scripts-pending` to review, or `npm approve-scripts <pkg>` to allow.
4469 verbose cwd /Users/nitinmaurya/Documents/protfolio
4470 verbose os Darwin 25.5.0
4471 verbose node v24.19.0
4472 verbose npm  v11.17.0
4473 notice
4473 notice New [31mmajor[39m version of npm available! [31m11.17.0[39m -> [34m12.0.2[39m
4473 notice Changelog: [34mhttps://github.com/npm/cli/releases/tag/v12.0.2[39m
4473 notice To update run: [4mnpm install -g npm@12.0.2[24m
4473 notice  { force: true, Symbol(proc-log.meta): true }
4474 verbose exit 0
4475 info ok
